ʒ	h	
k m	∅ m	. _
k m	∅ m	. _
k m	∅ m	. _
k m	∅ m	. _
k	w	# _
k	w	# _
k	w	# _
g	ʃ	_ ü
g	ʃ	_ ü
g	ʃ	_ ü
a i ̝	a	
a i ̝	a	
a i ̝	a	
a i ̝	a	
a i ̝	a	
a i ̝	a	
e a	ɛ ə	
e a	ɛ ə	
t	ʃ	_ ʊ
ɱ	v	
t	s	_ ü
t	s	_ ü
t	s	_ ü
t	s	_ ü
t	s	_ ü
t	s	_ ü
t	s	_ ü
t	s	_ ü
t	s	_ ü
t	s	_ ü
t	s	_ ü
t	s	_ ü
t	s	_ ü
t	s	_ ü
t	s	_ ü
t	s	_ ü
t	s	_ ü
t	s	_ ü
t	s	_ ü
t	s	_ ü
t	s	_ ü
t	s	_ ü
t	s	_ ü
t	s	_ ü
t	s	_ ü
t	s	_ ü
t	s	_ ü
t	s	_ ü
t	s	_ ü
t	s	_ ü
t	s	_ ü
t	s	_ ü
t	s	_ ü
t	s	_ ü
t	s	_ ü
t	s	_ ü
t	s	_ ü
t	s	_ ü
t	s	_ ü
t	s	_ ü
t	s	_ ü
t	s	_ ü
t	s	_ ü
t	s	_ ü
t	s	_ ü
t	s	_ ü
t	s	_ ü
t	s	_ ü
t	s	_ ü
t	s	_ ü
t	s	_ ü
t	s	_ ü
t	s	_ ü
t	s	_ ü
k	d ̠	_ ɪ
b	ȸ ͡ v	# _ u ̝
b	ȸ ͡ v	# _ u ̝
ă u	ɑ ∅	. ∅ _ k ̚ .
b	ʃ	_ ɪ
b	ʃ	_ ɪ
b	ʃ	_ ɪ
b	ʃ	_ ɪ
b	ʃ	_ ɪ
k	kʰ	# _
i ̝ u	i o	
i ̝ u	i o	
i ̝ u	i o	
i ̝ u	i o	
i ̝ u	i o	
i ̝ u	i o	
i ̝ u	i o	
j	ɣ	# _
ɕ	s	
e a	a a	
l	ɐ	. p _
l	ɐ	. p _
u	ʊ	
d	l	_ ɪ
d	l	_ ɪ
d	l	_ ɪ
d	l	_ ɪ
d	l	_ ɪ
d	l	_ ɪ
d	l	_ ɪ
ɪ ă ∅ t ̚	ɪ̆ ɛ i ∅	. ∅ _ .
θ	t̠͡ʃ	
θ	t̠͡ʃ	
e o	ə	
e o	ə	
e o	ə	
e o	ə	
e o	ə	
e o	ə	
e o	ə	
e o	ə	
t	tʰ	
t	tʰ	
t	tʰ	
t	tʰ	
t	tʰ	
t	tʰ	
t	tʰ	
t	tʰ	
t	tʰ	
t	tʰ	
t	tʰ	
t	tʰ	
t	tʰ	
t	tʰ	
t	tʰ	
t	tʰ	
t	tʰ	
t	tʰ	
t	tʰ	
t	tʰ	
t	tʰ	
t	tʰ	
t	tʰ	
t	tʰ	
t	tʰ	
t	tʰ	
t	tʰ	
t	tʰ	
t	tʰ	
t	tʰ	
t	tʰ	
t	tʰ	
t	tʰ	
b	f	# _
b	f	# _
b	f	# _
b	f	# _
b	f	# _
b	f	# _
b	f	# _
b	f	# _
b	f	# _
e	iː	_ .
ɟ	∅	_ #
x r	∅ r	. _
x r	∅ r	. _
x	ɕ	
z	r	
ɒ	a	. ∅ _ n .
a o	a e	
d	x	_ ü
ɟ	t͡s	. _
k	f	# _
b	dʰ	_ i
b	dʰ	_ i
e r i	e ∅ i	_ #
d̠͡ʒ	r	
i ̝ a	ɛ a	
u ̝ a	o a	
u ̝ a	o a	
u ̝ a	o a	
u ̝ a	o a	
u ̝ a	o a	
u ̝ a	o a	
g	v	_ u
g	v	_ u
g	v	_ u
g	v	_ u
g	v	_ u
g	v	_ u
g	v	_ u
g	v	_ u
g	v	_ u
g	v	_ u
g	v	_ u
g	v	_ u
g	v	_ u
g	v	_ u
g	v	_ u
g	v	_ u
g	v	_ u
g	v	_ u
g	v	_ u
g	v	_ u
g	v	_ u
g	v	_ u
g	v	_ u
g	v	_ u
g	v	_ u
g	v	_ u
g	v	_ u
g	v	_ u
g	v	_ u
g	v	_ u
g	v	_ u
g	v	_ u
g	v	_ u
g	v	_ u
g	v	_ u
g	v	_ u
g	v	_ u
g	v	_ u
g	v	_ u
g	v	_ u
g	v	_ u
g	v	_ u
g	v	_ u
g	v	_ u
g	v	_ u
g	v	_ u
g	v	_ u
j	ɲ	. _
a a	e	
a a	e	
a a	e	
a a	e	
k	t̠͡ʃʲ	
k	t̠͡ʃ	_ e
k	t̠͡ʃ	_ e
k	t̠͡ʃ	_ e
k	t̠͡ʃ	_ e
k	t̠͡ʃ	_ e
g r	kʰ r	. _
ʔ	∅	
ʔ	∅	
ʔ	∅	
ʔ	∅	
ʔ	∅	
ʔ	∅	
ʔ	∅	
ʔ	∅	
ʔ	∅	
ʔ	∅	
ʔ	∅	
o e	u ə	
x r	kʰ ∅	. _
x r	kʰ ∅	. _
x r	kʰ ∅	. _
a	∅	ɨ _
a	∅	ɨ _
g	k ʼ	
n ̠ʲ ∅	n ̠ʲ z ̠ʲ	. _ i
g	d̠͡ʒ	_ u
g	d̠͡ʒ	_ u
k l	cʷ ∅	. _
u ∅	u ə	. _ ŋ .
b	j	_ ʊ
b	j	_ ʊ
b	j	_ ʊ
b	j	_ ʊ
e i ̝	ɛ i	
e i ̝	ɛ i	
e i ̝	ɛ i	
e i ̝	ɛ i	
e i ̝	ɛ i	
e i ̝	ɛ i	
e i ̝	ɛ i	
e i ̝	ɛ i	
e i ̝	ɛ i	
e i ̝	ɛ i	
ɣʷ	kʷ	. _
t n	t͡s ∅	. _
u i ̝	ʊ	
ɗ	∅	_ a
ɗ	∅	_ a
ɗ	∅	_ a
ɗ	∅	_ a
ɗ	∅	_ a
ɗ	∅	_ a
ɗ	∅	_ a
ɗ	∅	_ a
ɗ	∅	_ a
ɗ	∅	_ a
ɲ	n	_ w
ɲ	n	_ w
ɲ	n	_ w
ɲ	n	_ w
ɲ	n	_ w
ɲ	n	_ w
ɲ	n	_ w
ɲ	n	_ w
ɲ	n	_ w
ɲ	n	_ w
ɲ	n	_ w
ɲ	n	_ w
ɲ	n	_ w
ɲ	n	_ w
ɲ	n	_ w
ɲ	n	_ w
ɲ	n	_ w
ɲ	n	_ w
ɲ	n	_ w
ɲ	n	_ w
ɲ	n	_ w
ɲ	n	_ w
ɲ	n	_ w
ɲ	n	_ w
q	g	# _
q	g	# _
q	g	# _
n	d	
n	d	
n	d	
i d	e ɲ	
i d	e ɲ	
i d	e ɲ	
i d	e ɲ	
i d	e ɲ	
i d	e ɲ	
t	l	# _
t	l	# _
t	l	# _
t	l	# _
t	l	# _
t	l	# _
t	l	# _
t	l	# _
t	l	# _
t	l	# _
t	l	# _
t	l	# _
t	l	# _
t	l	# _
t	l	# _
t	l	# _
t	l	# _
t	l	# _
t	l	# _
t	l	# _
t	l	# _
t	l	# _
t	l	# _
t	l	# _
t	l	# _
k	t͡s	# _
k	t͡s	# _
k	t͡s	# _
k	x	_ ʊ
t͡s	s	. _
t͡s	s	. _
t͡s	s	. _
t͡s	s	. _
t͡s	s	. _
c	h	_ ü
p	v	_ ɪ
g	t̠͡ʃ	
e u ̝	e u	
e u ̝	e u	
xʷ	kʷʰ	. _
xʷ	kʷʰ	. _
xʷ	kʷʰ	. _
xʷ	kʷʰ	. _
xʷ	kʷʰ	. _
xʷ	kʷʰ	. _
p	v	
p	v	
kʰ r	k l	. _
b	dʰ	_ ü
b	dʰ	_ ü
d	r	# _ i ̝
d	r	# _ i ̝
d	r	# _ i ̝
j	d	# _
j	d	# _
j	d	# _
ĩ	ũ	m _
u i ̝	u u	
u i ̝	u u	
u i ̝	u u	
u i ̝	u u	
e e	ɛ ɛ	
e e	ɛ ɛ	
e e	ɛ ɛ	
e e	ɛ ɛ	
e e	ɛ ɛ	
e e	ɛ ɛ	
e e	ɛ ɛ	
e e	ɛ ɛ	
e e	ɛ ɛ	
e e	ɛ ɛ	
e e	ɛ ɛ	
e e	ɛ ɛ	
e e	ɛ ɛ	
e e	ɛ ɛ	
e e	ɛ ɛ	
e e	ɛ ɛ	
u	uː	
u	uː	
u	uː	
u	uː	
u	uː	
u	uː	
j	z	_ ü
j	z	_ ü
j	z	_ ü
j	z	_ ü
j	z	_ ü
j	z	_ ü
j	z	_ ü
j	z	_ ü
j	z	_ ü
j	z	_ ü
d	ɽ	
d	ɽ	
d	ɽ	
d	ɽ	
ɲ	n ̪	
ɲ	n ̪	
k	v	_ ʊ
k	v	_ ʊ
p	h	_ o
p	h	_ o
p	h	_ o
p	h	_ o
e a	e i	
∅ ĕ	ɪ̆ e	. t ͡ ̠ _ t ̚ .
∅ ĕ	ɪ̆ e	. t ͡ ̠ _ t ̚ .
t̠͡ʃʰ	tʰ	. _
ɑ	a	. ∅ _ ŋ .
θ	t	
θ	t	
θ	t	
θ	t	
θ	t	
i d	e ∅	
t ̚	∅	. ∅ i e _ .
u e	ɔ	
t͡s	θ	. _
c	ʃ	# _ a d
i i	i ∅	# _
w a i	u a ∅	. _ .
d	r	# _ i u
d	r	# _ i u
b	β	
b	β	
b	β	
b	β	
b	β	
b	β	
b	β	
b	β	
b	β	
b	β	
b	β	
b	β	
b	β	
b	β	
b	β	
b	β	
b	β	
b	β	
b	β	
b	β	
b	β	
b	β	
b	β	
b	β	
b	β	
b	β	
b	β	
b	β	
b	β	
b	β	
b	β	
b	β	
b	β	
b	β	
b	β	
ɪ̆ w ə k ̚	∅ y ∅ ∅	. ∅ _ _ .
p	f	_ ɪ
p	f	_ ɪ
p	f	_ ɪ
p	f	_ ɪ
p	f	_ ɪ
p	f	_ ɪ
p	f	_ ɪ
p	f	_ ɪ
p	f	_ ɪ
p	f	_ ɪ
p	f	_ ɪ
p	f	_ ɪ
p	f	_ ɪ
p	f	_ ɪ
p	f	_ ɪ
p	f	_ ɪ
p	f	_ ɪ
p	f	_ ɪ
p	f	_ ɪ
p	f	_ ɪ
p	f	_ ɪ
p	f	_ ɪ
p	f	_ ɪ
p	f	_ ɪ
p	f	_ ɪ
p	f	_ ɪ
p	f	_ ɪ
p	f	_ ɪ
p	f	_ ɪ
p	f	_ ɪ
p	f	_ ɪ
p	f	_ ɪ
p	f	_ ɪ
p	f	_ ɪ
p	f	_ ɪ
p	f	_ ɪ
p	f	_ ɪ
p	f	_ ɪ
p	f	_ ɪ
p	f	_ ɪ
p	f	_ ɪ
p	f	_ ɪ
p	f	_ ɪ
p	f	_ ɪ
p	f	_ ɪ
p	f	_ ɪ
e	i	_ d
k l	cʰ ∅	. _
t	ɽ	
c ͡ ɕ	t̠͡ʃ	
c ͡ ɕ	t̠͡ʃ	
∅	ð	o _ a
i ̝ o	u ɔ	
u ̝ ∅ d	ɥ i ɲ	
u ̝ ∅ d	ɥ i ɲ	
u ̝ ∅ d	ɥ i ɲ	
u ̝ ∅ d	ɥ i ɲ	
u ̝ ∅ d	ɥ i ɲ	
e a	∅ æ	. t ͡ ʒ _ n .
e u	a o	
i ̝ o	i ɛ	
a u ̝	a i	
a u ̝	a i	
t	r	
t	r	
t	r	
t	r	
t	r	
t	r	
c	∅	# _
c	∅	# _
c	∅	# _
c	∅	# _
x	ɣ	. _
p	mʰ	
p	mʰ	
p	mʰ	
p	mʰ	
p	mʰ	
p	mʰ	
p	mʰ	
p	mʰ	
p	mʰ	
p	mʰ	
p	mʰ	
m	b	# _
m	b	# _
m	b	# _
e	a	_ a
mʰ	p	
ɲ	ɴ	_ .
ɣʷ	xʷ	. _
ɣʷ	xʷ	. _
p	v	_ ü
u ̝ i ̝	u	
u ̝ i ̝	u	
d	r	# _ u ̝ ̝
e a	ə	
e a	ə	
e a	ə	
e a	ə	
e a	ə	
e a	ə	
e a	ə	
e a	ə	
d	s	_ ü
d	s	_ ü
d	s	_ ü
d	s	_ ü
d	s	_ ü
d	s	_ ü
d	s	_ ü
d	s	_ ü
d	s	_ ü
d	s	_ ü
d	s	_ ü
e	iː	_ d
u u	ɔ	
u u	ɔ	
k	t ̠	_ ü
u ̝ i ̝	u i	
u ̝ i ̝	u i	
u ̝ i ̝	u i	
u ̝ i ̝	u i	
u ̝ i ̝	u i	
u ̝ i ̝	u i	
u ̝ i ̝	u i	
u ̝ i ̝	u i	
o	u	_ a
e e	ɛ ə	
d	ȹ	_ ʊ
d	ȹ	_ ʊ
d	ȹ	_ ʊ
a d	ɛ ∅	
t	ṛ	
w	b	Ṽ d _
w	b	Ṽ d _
e i ̝	ɛ ɛ	
xʰ	kʰ	. _
h	∅	
h	∅	
h	∅	
h	∅	
g	ð	_ i ̝
g	ð	_ i ̝
g	ð	_ i ̝
a a	ɥ ɛ	
b	∅	_ u
b	∅	_ u
b	∅	_ u
b	∅	_ u
b	∅	_ u
xʷ	v	_ a
e e	i ɛ	
e e	i ɛ	
ɗ̥ˀ	t	# _
ɗ̥ˀ	t	# _
ɗ̥ˀ	t	# _
ɗ̥ˀ	t	# _
ɗ̥ˀ	t	# _
ɗ̥ˀ	t	# _
ɗ̥ˀ	t	# _
ɗ̥ˀ	t	# _
ɗ̥ˀ	t	# _
ɗ̥ˀ	t	# _
b	β	_ a
b	β	_ a
b	β	_ a
b	β	_ a
b	β	_ a
b	β	_ a
b	β	_ a
b	β	_ a
b	β	_ a
b	β	_ a
b	β	_ a
b	β	_ a
u d	i ∅	
g	tʰ	. _ r
i u ̝	e u	
i u ̝	e u	
j	dʰ	
j	dʰ	
i u	ə	
i u	ə	
i u	ə	
i u	ə	
i u	ə	
i u	ə	
g	ʒ	
j	∅	i _
j	∅	i _
j	∅	i _
i a	i i	
g	gʲ	_ e
w æ	u a	. ∅ _ n .
a d	ɛ ɲ	
a d	ɛ ɲ	
a d	ɛ ɲ	
a d	ɛ ɲ	
e	əː	
e	əː	
e	əː	
e	əː	
e	əː	
e	əː	
d	z	_ ʊ
d	z	_ ʊ
d	z	_ ʊ
d	z	_ ʊ
d	z	_ ʊ
d	z	_ ʊ
d	z	_ ʊ
d	z	_ ʊ
d	z	_ ʊ
u ∅ d	ɥ iː ∅	
ɟ	ʄ	
ɟ	ʄ	
ɟ	ʄ	
ɟ	ʄ	
ɟ	ʄ	
ɟ	ʄ	
ɟ	ʄ	
ɟ	ʄ	
ɟ	ʄ	
ɟ	ʄ	
a a	ɛ	
a a	ɛ	
a a	ɛ	
a a	ɛ	
a a	ɛ	
a a	ɛ	
a a	ɛ	
g	k	# d i ̝ n _
t	p	_ ʊ
ɓ	∅	_ u
ɓ	∅	_ u
b	β	_ o
b	β	_ o
b	β	_ o
b	β	_ o
b	β	_ o
b	β	_ o
b	β	_ o
b	β	_ o
b	β	_ o
b	β	_ o
b	β	_ o
ɟ	j	# n _
j	l	
ɓ	∅	i ̝ _
ɓ	∅	i ̝ _
ɓ	∅	i ̝ _
ɓ	∅	i ̝ _
ɓ	∅	i ̝ _
ɓ	∅	i ̝ _
ɓ	∅	i ̝ _
ɓ	∅	i ̝ _
ɓ	∅	i ̝ _
ɓ	∅	i ̝ _
ɓ	∅	i ̝ _
ɓ	∅	i ̝ _
ɓ	∅	i ̝ _
ɓ	∅	i ̝ _
ɓ	∅	i ̝ _
ɓ	∅	i ̝ _
ɓ	∅	i ̝ _
ɓ	∅	i ̝ _
ɓ	∅	i ̝ _
ɓ	∅	i ̝ _
ɓ	∅	i ̝ _
ɓ	∅	i ̝ _
ɓ	∅	i ̝ _
ɓ	∅	i ̝ _
ɓ	∅	i ̝ _
ɓ	∅	i ̝ _
ɓ	∅	i ̝ _
ɓ	∅	i ̝ _
ɓ	∅	i ̝ _
ɓ	∅	i ̝ _
ɓ	∅	i ̝ _
b	v	_ ü
b	v	_ ü
b	v	_ ü
b	v	_ ü
b	v	_ ü
b	v	_ ü
b	v	_ ü
b	v	_ ü
b	v	_ ü
b	v	_ ü
b	v	_ ü
b	v	_ ü
b	v	_ ü
b	v	_ ü
o	oː	
g	ɟ	. _
k	c	_ ɛ
k	g	
k	g	
k	g	
k	g	
k	g	
k	g	
k	g	
k	g	
k	g	
k	g	
k	g	
k	g	
k	g	
k	g	
k	g	
k	g	
k	g	
k	g	
k	g	
k	g	
k	g	
k	g	
k	g	
k	g	
k	g	
k	g	
k	g	
k	g	
k	g	
k	g	
k	g	
k	g	
k	g	
k	g	
k	g	
k	g	
k	g	
k	g	
p	β	# _
p	β	# _
p	β	# _
p	β	# _
p	β	# _
p	β	# _
p	β	# _
p	β	# _
p	β	# _
p	β	# _
p	β	# _
p	β	# _
p	β	# _
p	β	# _
p	β	# _
p	β	# _
p	β	# _
p	β	# _
p	β	# _
p	β	# _
p	β	# _
p	β	# _
p	β	# _
p	β	# _
p	β	# _
p	β	# _
p	β	# _
p	β	# _
p	β	# _
p	β	# _
p	β	# _
p	β	# _
p	β	# _
p	β	# _
p	β	# _
i ə i	∅ ∅ i	. ɱ _ .
k	t ̠	_ i
t͡s	t̠͡ʃ	
t	s	_ ɪ
t	s	_ ɪ
t	s	_ ɪ
t	s	_ ɪ
t	s	_ ɪ
t	s	_ ɪ
t	s	_ ɪ
t	s	_ ɪ
t	s	_ ɪ
t	s	_ ɪ
t	s	_ ɪ
t	s	_ ɪ
t	s	_ ɪ
t	s	_ ɪ
t	s	_ ɪ
t	s	_ ɪ
t	s	_ ɪ
t	s	_ ɪ
t	s	_ ɪ
t	s	_ ɪ
t	s	_ ɪ
t	s	_ ɪ
t	s	_ ɪ
t	s	_ ɪ
t	s	_ ɪ
t	s	_ ɪ
t	s	_ ɪ
t	s	_ ɪ
t	s	_ ɪ
t	s	_ ɪ
t	s	_ ɪ
t	s	_ ɪ
t	s	_ ɪ
t	s	_ ɪ
t	s	_ ɪ
t	s	_ ɪ
t	s	_ ɪ
t	s	_ ɪ
t	s	_ ɪ
t	s	_ ɪ
t	s	_ ɪ
t	s	_ ɪ
t	s	_ ɪ
t	s	_ ɪ
t	s	_ ɪ
t	s	_ ɪ
t	s	_ ɪ
t	s	_ ɪ
t	s	_ ɪ
t	s	_ ɪ
t	s	_ ɪ
t	s	_ ɪ
t	s	_ ɪ
t	s	_ ɪ
e e	e i	
e e	e i	
e e	e i	
e e	e i	
e e	e i	
o a	ɔ	
o a	ɔ	
o a	ɔ	
o a	ɔ	
o a	ɔ	
o a	ɔ	
o a	ɔ	
d	j	_ i
d	j	_ i
d	j	_ i
d	j	_ i
o e	o o	
o e	o o	
ɣ	v	. _
ɣ	v	. _
s	x	
s	x	
s	x	
e m	e ∅	
ɗ	d	. _
ɗ	d	. _
ɗ	d	. _
ɗ	d	. _
ɗ	d	. _
ɗ	d	. _
k	z	_ i
k	z	_ i
k	z	_ i
k	z	_ i
k	z	_ i
ɟ	d͡z	# _
ɟ	d͡z	# _
ɟ	d͡z	# _
ɟ	d͡z	# _
ɟ	d͡z	# _
ɟ	d͡z	# _
ɟ	d͡z	# _
ɟ	d͡z	# _
ɟ	d͡z	# _
ɟ	d͡z	# _
ɟ	d͡z	# _
ɟ	d͡z	# _
ɟ	d͡z	# _
ɟ	d͡z	# _
ɟ	d͡z	# _
ɟ	d͡z	# _
ɟ	d͡z	# _
θ	ʃ	_ i
θ	ʃ	_ i
θ	ʃ	_ i
d	z	_ i
d	z	_ i
d	z	_ i
d	z	_ i
d	z	_ i
d	z	_ i
d	z	_ i
d	z	_ i
d	z	_ i
d	z	_ i
d	z	_ i
d	z	_ i
d	z	_ i
d	z	_ i
d	z	_ i
d	z	_ i
d	z	_ i
d	z	_ i
d	z	_ i
d	z	_ i
d	z	_ i
d	z	_ i
d	z	_ i
d	z	_ i
d	z	_ i
d	z	_ i
d	z	_ i
d	z	_ i
d	z	_ i
d	z	_ i
d	z	_ i
d	z	_ i
d	z	_ i
d	z	_ i
d	z	_ i
d	z	_ i
d	z	_ i
d	z	_ i
d	z	_ i
d	z	_ i
d	z	_ i
b	v	_ a
b	v	_ a
b	v	_ a
b	v	_ a
b	v	_ a
b	v	_ a
b	v	_ a
b	v	_ a
j	t͡s	
j	t͡s	
j	t͡s	
j	t͡s	
j	t͡s	
j	t͡s	
j	t͡s	
j	t͡s	
t	h	_ u
t	h	_ u
t	h	_ u
t	h	_ u
ɣ	w	. _
t	θ	
a a	ɔ	
t	t ̠ʲ	. _ ĕ .
e o	e i	
e o	e i	
e o	e i	
e o	e i	
b	ð	_ i ̝
b	ð	_ i ̝
b	ð	_ i ̝
o	ɔː	
o	ɔː	
o	ɔː	
o	ɔː	
o	ɔː	
o	ɔː	
o	ɔː	
o	ɔː	
p	β	_ ɪ
p	β	_ ɪ
ɪ̆ aː u k ̚	ɪ̆ ɛ u ∅	. ʑ ̠ʲ _ .
j	d͡z	# _
j	d͡z	# _
j	d͡z	# _
j	d͡z	# _
j	d͡z	# _
j	d͡z	# _
j	d͡z	# _
j	d͡z	# _
j	d͡z	# _
j	d͡z	# _
j	d͡z	# _
j	d͡z	# _
j	d͡z	# _
j	d͡z	# _
a u	á ∅	_ #
t̠͡ʃ	h	
d	v	_ ʊ
d	v	_ ʊ
d	v	_ ʊ
d	v	_ ʊ
d	v	_ ʊ
d	v	_ ʊ
d	v	_ ʊ
d	v	_ ʊ
d	v	_ ʊ
d	v	_ ʊ
d	v	_ ʊ
d	v	_ ʊ
d	v	_ ʊ
d	v	_ ʊ
d	v	_ ʊ
d	v	_ ʊ
d	v	_ ʊ
d	v	_ ʊ
d	v	_ ʊ
d	v	_ ʊ
d	v	_ ʊ
d	v	_ ʊ
d	v	_ ʊ
d	v	_ ʊ
d	v	_ ʊ
d	v	_ ʊ
d	v	_ ʊ
d	v	_ ʊ
d	v	_ ʊ
d	v	_ ʊ
d	v	_ ʊ
k	kʲ	_ e
k	kʲ	_ e
i u ̝	ə	
k	k ͡ p	# _
k	k ͡ p	# _
k	k ͡ p	# _
z	s	. _
z	s	. _
z	s	. _
z	s	. _
z	s	. _
z	s	. _
z	s	. _
b	v	_ o
b	v	_ o
b	v	_ o
qˀ	ɣ	# _
i w e	∅ y a	. ∅ _ n .
g	s	_ ü
g	s	_ ü
g	s	_ ü
g	s	_ ü
g	s	_ ü
g	s	_ ü
g	s	_ ü
g	s	_ ü
g	s	_ ü
g	s	_ ü
g	s	_ ü
g	s	_ ü
g	s	_ ü
g	s	_ ü
g	s	_ ü
g	s	_ ü
b	ʒ	_ ʊ
b	ʒ	_ ʊ
e d	e ɲ	
e d	e ɲ	
e d	e ɲ	
e d	e ɲ	
t	c	_ ʊ
t	c	_ ʊ
t	c	_ ʊ
t	c	_ ʊ
t	c	_ ʊ
t	c	_ ʊ
t	c	_ ʊ
t	c	_ ʊ
t	c	_ ʊ
t	c	_ ʊ
t	c	_ ʊ
t	c	_ ʊ
e e	ə a	
e e	ə a	
u ̝ ∅ d	ɥ i ∅	
u ̝ ∅ d	ɥ i ∅	
a a	e a	
b	ɡ͡b	# _ u ̝ d
b	ɡ͡b	# _ u ̝ d
b	ɡ͡b	# _ u ̝ d
c	t͡s	# n _
c	t͡s	# n _
c	t͡s	# n _
c	t͡s	# n _
e m	a ∅	w _
t̠͡ʃʰʲ	ʈ͡ʂʰ	
ʄ	j	. _
kʰ	t̠͡ʃʰʲ	. _
k r	kʰʲ ∅	. _
m l	n ∅	. _
m l	n ∅	. _
m l	n ∅	. _
m l	n ∅	. _
p r	k j	. _
g	j	_ ü
g	j	_ ü
g	j	_ ü
g	j	_ ü
g	j	_ ü
g	j	_ ü
g	j	_ ü
g	j	_ ü
g	j	_ ü
g	c	_ ɪ
g	c	_ ɪ
g	c	_ ɪ
g	c	_ ɪ
g	c	_ ɪ
aː	a	
xʷ	h	. _
xʷ	h	. _
xʷ	h	. _
u ̝ i	o i	
d	s	_ u
ɪ̆ ɐ ŋ	i ∅ ŋ	. ∅ _ .
ɟ	ʒ	
ɟ	ʒ	
ɟ	ʒ	
f	v	
u i	u e	
p	mʰ	_ i
ʑ	s	
e aː t ̚	æ i ∅	. n _ .
e aː t ̚	æ i ∅	. n _ .
u ̝ o	u	
u ̝ o	u	
u ̝ o	u	
u ̝ o	u	
u ̝ o	u	
u ̝ o	u	
k	t͡s	_ i
k	t͡s	_ i
k	t͡s	_ i
k	t͡s	_ i
k	t͡s	_ i
k	t͡s	_ i
k	t͡s	_ i
k	t͡s	_ i
u ̝ o	o	
qˀ	q	# _
qˀ	q	# _
ʑ	ʂ	
g	w	
u ̝ a	u ɔ	
gʷ r	k l	. _
g	k	_ ü
∅ ĕ	ɪ̆ e	. t ͡ t _ t ̚ .
∅ ĕ	ɪ̆ e	. t ͡ t _ t ̚ .
p	β	_ ü
p	β	_ ü
b	v	# _ u ̝ ̝
a i	ɒ i	. ∅ _ .
ɪ̆ aː u k ̚	ɪ̆ ɛ u ∅	.ʰ ̠ʲ _ .
ɪ̆ aː u k ̚	ɪ̆ ɛ u ∅	.ʰ ̠ʲ _ .
e aː t ̚	æ i ∅	. ʑ _ .
t	t͡s	# _ i ̝ ̝
p	∅	# _
p	∅	# _
p	∅	# _
p	∅	# _
p	∅	# _
p	∅	# _
p	∅	# _
p	∅	# _
p	∅	# _
p	∅	# _
p	∅	# _
p	∅	# _
p	∅	# _
n	l	# _ i ̝
k t	kʲ ∅	. _
p	b	_ ɪ
p	b	_ ɪ
p	b	_ ɪ
p	b	_ ɪ
a a	a o	
l	∅	_ .
d	l	_ i
d	l	_ i
d	l	_ i
d	l	_ i
d	l	_ i
d	l	_ i
d	l	_ i
u u	u	
u u	u	
u u	u	
u u	u	
u u	u	
u u	u	
u u	u	
u u	u	
u u	u	
u u	u	
i ∅	i e	_ #
u	ɨ	_ i
e a	∅ æ	. t ͡ ̠ _ n .
e a	∅ æ	. t ͡ ̠ _ n .
t	c	_ ü
g	z	_ i ̝
g	z	_ i ̝
g	z	_ i ̝
g	z	_ i ̝
g	z	_ i ̝
g	z	_ i ̝
g	z	_ i ̝
g	z	_ i ̝
g	z	_ i ̝
g	z	_ i ̝
g	z	_ i ̝
g	z	_ i ̝
g	z	_ i ̝
g	z	_ i ̝
g	z	_ i ̝
g	z	_ i ̝
g	z	_ i ̝
g	z	_ i ̝
g	z	_ i ̝
g	z	_ i ̝
g	z	_ i ̝
g	z	_ i ̝
g	z	_ i ̝
g	z	_ i ̝
g	z	_ i ̝
g	z	_ i ̝
g	z	_ i ̝
g	z	_ i ̝
p	ɸ	_ ü
o e	w a	
o e	w a	
o e	w a	
o e	w a	
o e	w a	
o e	w a	
d	s	_ i
d	s	_ i
d	s	_ i
d	s	_ i
d	s	_ i
d	s	_ i
d	s	_ i
d	s	_ i
d	s	_ i
d	s	_ i
d	s	_ i
i o	e e	
gʷ r	kʷʲ ∅	. _
p	∅	_ k
p	∅	_ k
p	∅	_ k
p	∅	_ k
o u ̝	o a	
g	∅	_ u
g	∅	_ u
g	∅	_ u
ɪ̆ w ɐ	∅ ∅ y	. ∅ _ ŋ .
ɗ	l	
ɗ	l	
ɗ	l	
ɗ	l	
ɗ	l	
ɗ	l	
ɗ	l	
ɗ	l	
ɗ	l	
ɗ	l	
ɗ	l	
ɗ	l	
ɗ	l	
ɗ	l	
ɗ	l	
ɗ	l	
ɗ	l	
ɗ	l	
ɗ	l	
ɗ	l	
ɗ	l	
ɗ	l	
ɗ	l	
ɗ	l	
ɗ	l	
ɗ	l	
ɗ	l	
ɗ	l	
ɗ	l	
g	h	_ u
ṛ	∅	
ṛ	∅	
ṛ	∅	
ṛ	∅	
ṛ	∅	
ṛ	∅	
u u	i a	
c	s	# _
c	s	# _
c	s	# _
c	s	# _
c	s	# _
c	s	# _
c	s	# _
c	s	# _
c	s	# _
c	s	# _
c	s	# _
c	s	# _
c	s	# _
c	s	# _
c	s	# _
c	s	# _
c	s	# _
c	s	# _
c	s	# _
c	s	# _
c	s	# _
c	s	# _
c	s	# _
c	s	# _
c	s	# _
c	s	# _
c	s	# _
c	s	# _
c	s	# _
c	s	# _
c	s	# _
c	s	# _
c	s	# _
c	s	# _
c	s	# _
c	s	# _
c	s	# _
c	s	# _
c	s	# _
c	s	# _
c	s	# _
c	s	# _
c	s	# _
c	s	# _
c	s	# _
c	s	# _
c	s	# _
c	s	# _
c	s	# _
c	s	# _
c	s	# _
c	s	# _
c	s	# _
c	s	# _
c	s	# _
c	s	# _
c	s	# _
c	s	# _
m	w ̰	# _
ɓ l	∅ l	. _
k	ʃ	_ i
k	ʃ	_ i
k	ʃ	_ i
k	ʃ	_ i
k	ʃ	_ i
k	ʃ	_ i
k	ʃ	_ i
k	ʃ	_ i
k	ʃ	_ i
k	ʃ	_ i
k	ʃ	_ i
k	ʃ	_ i
k	ʃ	_ i
k	ʃ	_ i
k	ʃ	_ i
k	ʃ	_ i
k	ʃ	_ i
k	ʃ	_ i
k	ʃ	_ i
e e	e	
e e	e	
e e	e	
e e	e	
e e	e	
e e	e	
e e	e	
e e	e	
e e	e	
e e	e	
d	t͡s	_ i
d	t͡s	_ i
d	t͡s	_ i
d	t͡s	_ i
d	t͡s	_ i
d	t͡s	_ i
i ̝	eː	
u a	u ə	
u a	u ə	
u a	u ə	
d	ɗ	
d	ɗ	
p	s	_ ʊ
p	s	_ ʊ
p	s	_ ʊ
p	s	_ ʊ
∅	w	i _
∅	w	i _
k r	kʲ ∅	. _
i u	i a	
b	∅	_ e
b	∅	_ e
b	∅	_ e
b	∅	_ e
i ̝ a	i ɛ	
i ̝ a	i ɛ	
i ̝ a	i ɛ	
o	ɨ	j _
w i	u ∅	
p	f	. _ ɪ̆ w̆ u
t͡s	ɬ	. _
x	h	. _
x	h	. _
x	h	. _
ɟ	d	# _
t	tʷ	_ ʊ
i d	iː ∅	
ɟ ͡ ʑ	s	
xʷ	v	_ a h
xʷ	v	_ a h
w æ t ̚	u a ∅	. ∅ _ .
d	l	_ u
d	l	_ u
d	l	_ u
d	l	_ u
d	l	_ u
d	l	_ u
d	l	_ u
d	l	_ u
w	h	_ u
w	h	_ u
pʰ r	∅ l	. _
o o	ɔ u	
o o	ɔ u	
o o	ɔ u	
e e	ɛ i	
i ̝ o	i o	
i ̝ o	i o	
i ̝ o	i o	
i ̝ o	i o	
i ̝ o	i o	
i ̝ o	i o	
i ̝ o	i o	
b	f	# _ u ̝ ̝
o o	ɔ o	
o o	ɔ o	
mʰ	m	. _
c	t͡sʰ	
c	t͡sʰ	
c	t͡sʰ	
c	t͡sʰ	
c	t͡sʲ	# _
c	t͡sʲ	# _
g	h	_ i
a a	a ə	
a a	a ə	
a a	a ə	
e	i	
o e	ɔ i	
ɪ̆ aː u k ̚	ɪ̆ ɛ u ∅	. ̠ ̠ʲ _ .
t̠͡ʃ	t	. _
gʲ	kʲ	. _
e a	ɛ a	
e a	ɛ a	
e a	ɛ a	
e a	ɛ a	
e a	ɛ a	
e a	ɛ a	
e u	e a	
e u	e a	
i e ŋ	i ∅ ŋ	. ∅ _ .
o i ̝	ɔ e	
d	d͡z	# _ i ̝
d	d͡z	# _ i ̝
d	d͡z	# _ i ̝
d	d͡z	# _ i ̝
d	d͡z	# _ i ̝
d	d͡z	# _ i ̝
d	d͡z	# _ i ̝
k r	k ∅	. _
k r	k ∅	. _
k r	k ∅	. _
u e	o e	
u e	o e	
u e	o e	
u e	o e	
i ̝ a	i ə	
i ̝ a	i ə	
i ̝ a	i ə	
i ̝ a	i ə	
k	k ͡ p	# _ u a d
k	f	_ u ̝
k	f	_ u ̝
k	f	_ u ̝
k	f	_ u ̝
k	f	_ u ̝
k	f	_ u ̝
k	f	_ u ̝
k	f	_ u ̝
k	f	_ u ̝
k	f	_ u ̝
k	f	_ u ̝
k	f	_ u ̝
k	f	_ u ̝
k	f	_ u ̝
k	f	_ u ̝
k	f	_ u ̝
k	f	_ u ̝
k	f	_ u ̝
k	f	_ u ̝
k	f	_ u ̝
k	f	_ u ̝
k	f	_ u ̝
k	f	_ u ̝
k	f	_ u ̝
k	f	_ u ̝
k	f	_ u ̝
k	f	_ u ̝
k	f	_ u ̝
k	f	_ u ̝
k	f	_ u ̝
k	f	_ u ̝
o u ̝	ɔ i	
o u ̝	ɔ i	
o u ̝	ɔ i	
r	j	. g _
u a	ʊ	
t͡s	cʰ	. _
b	w	_ ɛ
b	w	_ ɛ
b	w	_ ɛ
b	w	_ ɛ
b	w	_ ɛ
b	w	_ ɛ
b	w	_ ɛ
b	w	_ ɛ
b	w	_ ɛ
b	w	_ ɛ
b	w	_ ɛ
b	w	_ ɛ
b	w	_ ɛ
b	w	_ ɛ
b	w	_ ɛ
b	w	_ ɛ
b	w	_ ɛ
b	w	_ ɛ
b	w	_ ɛ
b	w	_ ɛ
b	w	_ ɛ
b	w	_ ɛ
b	w	_ ɛ
b	w	_ ɛ
b	w	_ ɛ
b	w	_ ɛ
b	w	_ ɛ
b	w	_ ɛ
b	w	_ ɛ
i ̝ u	i u	
i ̝ u	i u	
i ̝ u	i u	
i ̝ u	i u	
c	θ	_ ɪ
d	z	_ ɪ
d	z	_ ɪ
d	z	_ ɪ
d	z	_ ɪ
d	z	_ ɪ
d	z	_ ɪ
d	z	_ ɪ
d	z	_ ɪ
d	z	_ ɪ
d	z	_ ɪ
d	z	_ ɪ
d	z	_ ɪ
d	z	_ ɪ
d	z	_ ɪ
d	z	_ ɪ
d	z	_ ɪ
d	z	_ ɪ
d	z	_ ɪ
d	z	_ ɪ
d	z	_ ɪ
d	z	_ ɪ
d	z	_ ɪ
d	z	_ ɪ
d	z	_ ɪ
d	z	_ ɪ
d	z	_ ɪ
d	z	_ ɪ
d	z	_ ɪ
d	z	_ ɪ
d	z	_ ɪ
d	z	_ ɪ
d	z	_ ɪ
d	z	_ ɪ
d	z	_ ɪ
d	z	_ ɪ
d	z	_ ɪ
d	z	_ ɪ
d	z	_ ɪ
d	z	_ ɪ
d	z	_ ɪ
d	z	_ ɪ
b	v	_ ɪ
b	v	_ ɪ
b	v	_ ɪ
b	v	_ ɪ
b	v	_ ɪ
b	v	_ ɪ
b	v	_ ɪ
b	v	_ ɪ
b	v	_ ɪ
b	v	_ ɪ
b	v	_ ɪ
b	v	_ ɪ
b	v	_ ɪ
b	v	_ ɪ
k t	ð ∅	. _
ɪ̆ ə	ɪ̆ ĕ	. ∅ _ m .
ŋ	∅	. _ u
b	f	_ ɪ
b	f	_ ɪ
b	f	_ ɪ
b	f	_ ɪ
b	f	_ ɪ
b	f	_ ɪ
b	f	_ ɪ
b	f	_ ɪ
b	f	_ ɪ
m r	pʲ ∅	. _
m r	pʲ ∅	. _
t	t ̪	N _
ɓ̥ˀ	p	# _
ɓ̥ˀ	p	# _
ɓ̥ˀ	p	# _
ɓ̥ˀ	p	# _
ɓ̥ˀ	p	# _
ɓ̥ˀ	p	# _
ɓ̥ˀ	p	# _
ɓ̥ˀ	p	# _
ɓ̥ˀ	p	# _
ɓ̥ˀ	p	# _
ɓ̥ˀ	p	# _
u i ̝	o	
u i ̝	o	
u i ̝	o	
u i ̝	o	
u i ̝	o	
u i ̝	o	
d	r	
d	r	
d	r	
d	r	
d	r	
d	r	
d	r	
d	r	
d	r	
d	r	
d	r	
d	r	
d	r	
d	r	
d	r	
d	r	
d	r	
d	r	
d	r	
d	r	
d	r	
d	r	
d	r	
d	r	
d	ʒ	# _
d	ʒ	# _
g	z	_ ü
g	z	_ ü
g	z	_ ü
g	z	_ ü
g	z	_ ü
g	z	_ ü
g	z	_ ü
g	z	_ ü
g	z	_ ü
g	z	_ ü
g	z	_ ü
g	z	_ ü
g	z	_ ü
g	z	_ ü
g	z	_ ü
g	z	_ ü
g	z	_ ü
g	z	_ ü
g	z	_ ü
g	z	_ ü
g	z	_ ü
g	z	_ ü
g	z	_ ü
g	z	_ ü
g	z	_ ü
g	z	_ ü
g	z	_ ü
g	z	_ ü
g	z	_ ü
g	z	_ ü
g	z	_ ü
g	z	_ ü
g	z	_ ü
g	z	_ ü
g	z	_ ü
g	z	_ ü
g	z	_ ü
g	z	_ ü
g	z	_ ü
g	z	_ ü
g	z	_ ü
g	z	_ ü
g	z	_ ü
g	z	_ ü
g	z	_ ü
g	z	_ ü
g	z	_ ü
g	z	_ ü
i ̝ o	i i	
i ̝ o	i i	
i ̝ o	i i	
i ̝ o	i i	
i ̝ o	i i	
i ̝ o	i i	
i ̝ o	i i	
i ̝ o	i i	
i ̝ i ̝	i ɛ	
k	t̠͡ʃ	e _
g	j	
e	y	# _ e
e	y	# _ e
ʃ	x	
t	t͡s	# _ u ̝ ̝
t	∅	_ ʊ
t	∅	_ ʊ
t	∅	_ ʊ
b	β	_ ɛ
b	β	_ ɛ
b	β	_ ɛ
b	β	_ ɛ
b	β	_ ɛ
b	β	_ ɛ
b	β	_ ɛ
b	β	_ ɛ
b	β	_ ɛ
b	β	_ ɛ
b	β	_ ɛ
b	β	_ ɛ
ŋ	n	. _ ɪ̆
i u ̝	e	
i u ̝	e	
i u ̝	e	
t ́	n	_ Ṽ
t	s	_ i
t	s	_ i
t	s	_ i
t	s	_ i
t	s	_ i
t	s	_ i
t	s	_ i
t	s	_ i
t	s	_ i
t	s	_ i
t	s	_ i
t	s	_ i
t	s	_ i
t	s	_ i
t	s	_ i
t	s	_ i
t	s	_ i
t	s	_ i
t	s	_ i
t	s	_ i
t	s	_ i
t	s	_ i
t	s	_ i
t	s	_ i
t	s	_ i
t	s	_ i
t	s	_ i
t	s	_ i
t	s	_ i
t	s	_ i
t	s	_ i
t	s	_ i
t	s	_ i
t	s	_ i
t	s	_ i
t	s	_ i
t	s	_ i
t	s	_ i
t	s	_ i
t	s	_ i
t	s	_ i
t	s	_ i
t	s	_ i
t	s	_ i
t	s	_ i
t	s	_ i
t	s	_ i
t	s	_ i
t	s	_ i
t	s	_ i
t	s	_ i
t	s	_ i
t	s	_ i
t	s	_ i
t	z	_ ü
e i ̝	e ə	
d	∅	# _
d	∅	# _
d	∅	# _
d	∅	# _
d	∅	# _
d	∅	# _
d	∅	# _
d	∅	# _
d	∅	# _
d	∅	# _
d	∅	# _
d	∅	# _
d	∅	# _
d	∅	# _
d	∅	# _
d	∅	# _
d	∅	# _
d	∅	# _
d	∅	# _
d	∅	# _
d	∅	# _
d	∅	# _
d	∅	# _
d	∅	# _
d	∅	# _
d	∅	# _
d	∅	# _
d	∅	# _
d	∅	# _
d	∅	# _
d	∅	# _
d	∅	# _
d	∅	# _
d	∅	# _
ɠ̥ˀ	k	# _
ɠ̥ˀ	k	# _
ɠ̥ˀ	k	# _
ɠ̥ˀ	k	# _
ɠ̥ˀ	k	# _
ɠ̥ˀ	k	# _
b	vʷ	_ o
u ̝ i ̝	u ɛ	
k	g	b Ṽ _
r	l	. _
r	l	. _
r	l	. _
r	l	. _
r	l	. _
ŋ	∅	. _ i
t	d͡z	# _
k	s	_ ü
k	s	_ ü
k	s	_ ü
k	s	_ ü
k	s	_ ü
k	s	_ ü
k	s	_ ü
k	s	_ ü
k	s	_ ü
k	s	_ ü
k	s	_ ü
k	s	_ ü
k	s	_ ü
k	s	_ ü
k	s	_ ü
k	s	_ ü
k	s	_ ü
k	s	_ ü
k	s	_ ü
k	s	_ ü
k	s	_ ü
k	s	_ ü
k	s	_ ü
k	s	_ ü
k	s	_ ü
k	s	_ ü
k	s	_ ü
k	s	_ ü
k	s	_ ü
k	s	_ ü
k	s	_ ü
k	s	_ ü
k	s	_ ü
k	s	_ ü
k	s	_ ü
k	s	_ ü
k	s	_ ü
k	s	_ ü
k	s	_ ü
k	s	_ ü
k	s	_ ü
k	s	_ ü
k	s	_ ü
k	s	_ ü
k	s	_ ü
k	s	_ ü
k	s	_ ü
k	s	_ ü
k	s	_ ü
k	s	_ ü
k	s	_ ü
k	s	_ ü
k	s	_ ü
k	s	_ ü
k	s	_ ü
k	s	_ ü
k	s	_ ü
k	s	_ ü
k	s	_ ü
k	s	_ ü
k	s	_ ü
k	s	_ ü
k	s	_ ü
k	s	_ ü
k	s	_ ü
k	s	_ ü
k	s	_ ü
k	s	_ ü
k	s	_ ü
k	s	_ ü
k	s	_ ü
k	s	_ ü
k	s	_ ü
k	s	_ ü
k	s	_ ü
k	s	_ ü
k	s	_ ü
k	s	_ ü
k	s	_ ü
k	s	_ ü
k	s	_ ü
k	s	_ ü
ə̆	ə	. ∅ _ k ̚ .
ʑ	ʐ	
g r	c ∅	. _
g r	c ∅	. _
g r	c ∅	. _
f	fʷ	# _
f	fʷ	# _
d	n	# _
d	n	# _
d	n	# _
d	n	# _
d	n	# _
d	n	# _
d	n	# _
d	n	# _
d	n	# _
d	n	# _
d	n	# _
d	n	# _
d	n	# _
d	n	# _
d	n	# _
d	n	# _
d	n	# _
d	n	# _
d	n	# _
d	n	# _
d	n	# _
d	n	# _
d	n	# _
d	n	# _
d	n	# _
d	n	# _
d	n	# _
d	n	# _
d	n	# _
d	n	# _
d	n	# _
d	n	# _
c	r	# _
pʰ	p	. _
g	k	# N ̩ _
i u ̝	e o	
u	ɔː	
e e	e ɛ	
o a	ɥ ɛ	
o a	ɥ ɛ	
b	w	_ a
b	w	_ a
b	w	_ a
b	w	_ a
b	w	_ a
b	w	_ a
b	w	_ a
b	w	_ a
b	w	_ a
b	w	_ a
b	w	_ a
b	w	_ a
b	w	_ a
b	w	_ a
b	w	_ a
b	w	_ a
b	w	_ a
b	w	_ a
b	w	_ a
b	w	_ a
b	w	_ a
b	w	_ a
b	w	_ a
b	w	_ a
b	w	_ a
b	w	_ a
b	w	_ a
b	w	_ a
b	w	_ a
e o	ɛ u	
c	ʃ	
c	ʃ	
c	ʃ	
d	x	_ i
k	x	_ a
t	ʃ	_ ɪ
t	ʃ	_ ɪ
t	ʃ	_ ɪ
t	ʃ	_ ɪ
t	ʃ	_ ɪ
o i ̝	ɔ a	
j	ɲ	# _
j	ɲ	# _
j	ɲ	# _
j	ɲ	# _
j	ɲ	# _
j	ɲ	# _
j	ɲ	# _
j	ɲ	# _
j	ɲ	# _
j	ɲ	# _
n	nʲ	# _
n	nʲ	# _
n	nʲ	# _
d	ɲ	# N _
d	ɲ	# N _
d	ɲ	# N _
d	ɲ	# N _
d	ɲ	# N _
d	ɲ	# N _
t	t͡s	# _ u ̝
e o	ɛ ɛ	
e o	ɛ ɛ	
ɣ	x	. _
kʰ r	kʲ ∅	. _
kʰ r	kʲ ∅	. _
kʰ r	kʲ ∅	. _
kʰ r	kʲ ∅	. _
o o	ɛ ɛ	
o o	ɛ ɛ	
o o	ɛ ɛ	
w	∅	p _
ɟ	z	
o a	w a	
o a	w a	
o a	w a	
o a	w a	
o a	w a	
o a	w a	
d	d͡z	# _ i
d	d͡z	# _ i
d	d͡z	# _ i
d	d͡z	# _ i
k t	∅ t	. _
k t	∅ t	. _
b	z	_ i ̝
b	z	_ i ̝
b	z	_ i ̝
b	z	_ i ̝
b	z	_ i ̝
b	z	_ i ̝
ɨ	∅	_ a
t	ṛ	_ i
u i	w a	
u i	w a	
u i	w a	
u i	w a	
u i	w a	
ɟ	d̠͡ʒ	
ɟ	d̠͡ʒ	
ɟ	d̠͡ʒ	
ɟ	d̠͡ʒ	
ɟ	d̠͡ʒ	
ɟ	d̠͡ʒ	
ɟ	d̠͡ʒ	
ɟ	d̠͡ʒ	
ɟ	d̠͡ʒ	
ɟ	d̠͡ʒ	
ɟ	d̠͡ʒ	
ɟ	d̠͡ʒ	
g ∅	k f	# _ ʉ
o ∅ d	w ɛ ∅	
k	h	_ a
k	h	_ a
k	h	_ a
e i ̝	ɛ ə	
a i ̝	a u	
k	ɣ	# _
k	ɣ	# _
k	ɣ	# _
k	ɣ	# _
k	ɣ	# _
k	ɣ	# _
k	ɣ	# _
k	ɣ	# _
k	ɣ	# _
k	ɣ	# _
k	ɣ	# _
k	ɣ	# _
k	ɣ	# _
k	ɣ	# _
k	ɣ	# _
k	ɣ	# _
k	ɣ	# _
k	ɣ	# _
k	ɣ	# _
k	ɣ	# _
k	ɣ	# _
k	ɣ	# _
k	ɣ	# _
k	ɣ	# _
k	ɣ	# _
k	ɣ	# _
k	ɣ	# _
k	ɣ	# _
k	ɣ	# _
k	ɣ	# _
k	ɣ	# _
k	ɣ	# _
k	ɣ	# _
k	ɣ	# _
k	ɣ	# _
k	ɣ	# _
k	ɣ	# _
k	ɣ	# _
k	ɣ	# _
k	ɣ	# _
k	ɣ	# _
k	ɣ	# _
u m	i ∅	
u m	i ∅	
e e	ɛ ∅	
s r	s ∅	
k	k ͡ p	# _ o d
ɟ	k	# _
z	ɬ	. _
z	ɬ	. _
z	ɬ	. _
z	ɬ	. _
n	ɲ	# _ i u ̝
u	y	_ d
p	t͡s	_ i ̝
p	t͡s	_ i ̝
p	t͡s	_ i ̝
p	t͡s	_ i ̝
b	∅	
b	∅	
b	∅	
b	∅	
ɪ̆ e	ɪ̆ ĕ	. ∅ _ n .
g	k	_ ɪ
d̠͡ʒʰʲ	ʂ	
k	t̠͡ʃ	i _
i ̝ a	i ɔ	
i ̝ a	i ɔ	
p	mˀ	_ .
g	k	. _
g	k	. _
g	k	. _
g	k	. _
g	k	. _
g	k	. _
g	k	. _
z	s	
z	s	
e e	e ə	
i ̝ u	i a	
c	ɟ	
i ̝ e	i e	
m r	p ɐ	. _
m r	p ɐ	. _
i ̝ a	i u	
gʰ r	kʰʲ ∅	. _
p	ɸ	_ k
b	f	# _ u i ̝
t	r̥	N _
p	ʃ	_ i
p	ʃ	_ i
p	ʃ	_ i
p	ʃ	_ i
p	ʃ	_ i
p	ʃ	_ i
p	ʃ	_ i
p	ʃ	_ i
p	ʃ	_ i
p	ʃ	_ i
p	ʃ	_ i
p	ʃ	_ i
p	ʃ	_ i
p	ʃ	_ i
p	ʃ	_ i
p	ʃ	_ i
p	ʃ	_ i
p	ʃ	_ i
p	ʃ	_ i
p	ʃ	_ i
b	s	_ ü
i i	ɛ i	
o u ̝	w a	
a e	a	
a e	a i	
a e	a i	
a e	a i	
a e	a i	
a e	a i	
a e	a i	
a e	a i	
a e	a i	
a e	a i	
a e	a i	
z	d	
z	d	
z	d	
z	d	
g	ȹ	_ u
g	ȹ	_ u
g	ȹ	_ u
b	h	_ ʊ
b	h	_ ʊ
b	h	_ ʊ
ɣʷ	x	. _
gˀ	x	# _
d	r	_ ɪ
d	r	_ ɪ
d	r	_ ɪ
d	r	_ ɪ
d	r	_ ɪ
d	r	_ ɪ
d	r	_ ɪ
d	r	_ ɪ
d	r	_ ɪ
d	r	_ ɪ
d	r	_ ɪ
d	r	_ ɪ
s ∅	t s	
k	h	_ ʊ
k	h	_ ʊ
k	h	_ ʊ
k	h	_ ʊ
w a	u a	. ∅ _ .
g	k	_ i
p	ʃ	_ ü
p	ʃ	_ ü
p	ʃ	_ ü
p	ʃ	_ ü
p	ʃ	_ ü
p	ʃ	_ ü
p	ʃ	_ ü
p	ʃ	_ ü
p	ʃ	_ ü
p	ʃ	_ ü
p	ʃ	_ ü
p	ʃ	_ ü
p	ʃ	_ ü
p	ʃ	_ ü
p	ʃ	_ ü
p	ʃ	_ ü
p	ʃ	_ ü
p	ʃ	_ ü
p	ʃ	_ ü
p	ʃ	_ ü
k	∅	. _ s
a i ̝	a ɛ	
ɗ	r	
ɗ	r	
a o	a u	
a o	a u	
a o	a u	
a o	a u	
a o	a u	
a o	a u	
a o	a u	
a o	a u	
g	f	_ ü
g	f	_ ü
u əː ∅ t ̚	u ɒ i ∅	. ∅ _ .
ɣ	kʰ	. _
ɣ	kʰ	. _
ɣ	kʰ	. _
ɣ	kʰ	. _
ɣ	kʰ	. _
ṕ	m	_ Ṽ
o e	o i	
o e	o i	
i i	i ɛ	
eː	e	
o ∅	w a	_ k
o ∅	w a	_ k
c	z	# _
c	z	# _
c	z	# _
c	z	# _
c	z	# _
c	z	# _
i ̝	iː	
i ̝	iː	
i ̝	iː	
i ̝	iː	
i ̝	iː	
i ̝	iː	
i ̝	iː	
i ̝	iː	
i	eː	
i	eː	
i	eː	
j	∅	# _
j	∅	# _
j	∅	# _
j	∅	# _
j	∅	# _
j	∅	# _
j	∅	# _
j	∅	# _
j	∅	# _
j	∅	# _
j	∅	# _
j	∅	# _
j	∅	# _
j	∅	# _
j	∅	# _
j	∅	# _
j	∅	# _
j	∅	# _
j	∅	# _
j	∅	# _
j	∅	# _
j	∅	# _
j	∅	# _
j	∅	# _
j	∅	# _
j	∅	# _
j	∅	# _
j	∅	# _
j	∅	# _
j	∅	# _
j	∅	# _
j	∅	# _
j	∅	# _
j	∅	# _
j	∅	# _
k	f	# _ u ̝
k	f	# _ u ̝
k	f	# _ u ̝
o o	o a	
t	r	. p _
a a	a ɔ	
k	h	_ ü
k	h	_ ü
k	h	_ ü
k	h	_ ü
k	h	_ ü
k	h	_ ü
k	h	_ ü
ɟ	d ̪	
ɟ	d ̪	
ɟ	d ̪	
ɟ	d ̪	
ɟ	d ̪	
ɟ	d ̪	
ɟ	d ̪	
ɟ	d ̪	
g	ɟ	_ e
g	ɟ	_ e
g	ɟ	_ e
g	ɟ	_ e
g	ɟ	_ e
g	ɟ	_ e
g	ɟ	_ e
g	ɟ	_ e
g	ɟ	_ e
g	ɟ	_ e
i ̝ o	i ɔ	
i ̝ o	i ɔ	
i ̝ o	i ɔ	
i ̝ o	i ɔ	
i ̝ o	i ɔ	
c	sʲ	# _
ɪ̆ aː u k ̚	ɪ̆ ɛ u ∅	. l ̠ʲ _ .
e r i	é ∅ ∅	_ #
t	ṛ	_ ɪ
g	ɣ	
g	ɣ	
g	ɣ	
g	ɣ	
g	ɣ	
g	ɣ	
g	ɣ	
g	ɣ	
g	ɣ	
g	ɣ	
g	ɣ	
g	ɣ	
g	ɣ	
g	ɣ	
g	kʰ	. _
g	kʰ	. _
g	kʰ	. _
g	kʰ	. _
p	s	_ ɪ
p	s	_ ɪ
p	s	_ ɪ
p	s	_ ɪ
p	s	_ ɪ
p	s	_ ɪ
p	s	_ ɪ
p	s	_ ɪ
p	s	_ ɪ
p	s	_ ɪ
p	s	_ ɪ
p	s	_ ɪ
p	s	_ ɪ
p	s	_ ɪ
p	s	_ ɪ
p	s	_ ɪ
p	s	_ ɪ
p	s	_ ɪ
p	s	_ ɪ
p	s	_ ɪ
p	s	_ ɪ
p	s	_ ɪ
p	s	_ ɪ
p	s	_ ɪ
e a	ə ə	
e a	ə ə	
e a	ə ə	
e a	ə ə	
e a	ə ə	
e a	ə ə	
e a	ə ə	
t	∅	_ ü
t	∅	_ ü
t	∅	_ ü
a i	a a	
d	ṛ	_ u
d	ṛ	_ u
d	ṛ	_ u
d	ṛ	_ u
a u ̝	a u	
a u ̝	a u	
a u ̝	a u	
x r	h ∅	. _
x r	h ∅	. _
x r	h ∅	. _
x r	h ∅	. _
x r	h ∅	. _
c	t̠͡ʃ	
c	t̠͡ʃ	
c	t̠͡ʃ	
c	t̠͡ʃ	
c	t̠͡ʃ	
c	t̠͡ʃ	
c	t̠͡ʃ	
c	t̠͡ʃ	
c	t̠͡ʃ	
c	t̠͡ʃ	
c	t̠͡ʃ	
a	u	i _
a	u	i _
d	ɲ	_ #
d	ɲ	_ #
d	ɲ	_ #
d	ɲ	_ #
d	ɲ	_ #
d	ɲ	_ #
w	∅	u _ a
u a	y	
u ̝	uː	
u ̝	uː	
u ̝	uː	
u ̝	uː	
u ̝	uː	
u ̝	uː	
p	s	_ i ̝
p	s	_ i ̝
p	s	_ i ̝
p	s	_ i ̝
p	s	_ i ̝
p	s	_ i ̝
p	s	_ i ̝
p	s	_ i ̝
p	s	_ i ̝
e u ̝	ɛ u	
e u ̝	ɛ u	
e u ̝	ɛ u	
e u ̝	ɛ u	
e u ̝	ɛ u	
e u ̝	ɛ u	
e u ̝	ɛ u	
e u ̝	ɛ u	
n	z	# _ i ̝
ɓ l	bʲ ∅	. _
ɓ l	bʲ ∅	. _
b	ɓ	_ e
qˀ	kˀ	# _
ɟ	dʲ	# d i ̝ n _
d	s	# _
d	s	# _
d	s	# _
d	s	# _
d	s	# _
d	s	# _
d	s	# _
d	s	# _
m r	∅ tʰ	. _
e	i	# _ y
o i ̝	ɔ	
g	z	_ ɪ
g	z	_ ɪ
g	z	_ ɪ
g	z	_ ɪ
g	z	_ ɪ
g	z	_ ɪ
g	z	_ ɪ
g	z	_ ɪ
g	z	_ ɪ
g	z	_ ɪ
g	z	_ ɪ
g	z	_ ɪ
g	z	_ ɪ
g	z	_ ɪ
g	z	_ ɪ
g	z	_ ɪ
g	z	_ ɪ
g	z	_ ɪ
g	z	_ ɪ
g	z	_ ɪ
g	z	_ ɪ
g	z	_ ɪ
g	z	_ ɪ
g	z	_ ɪ
g	z	_ ɪ
g	z	_ ɪ
g	z	_ ɪ
g	z	_ ɪ
g	z	_ ɪ
g	z	_ ɪ
g	z	_ ɪ
g	z	_ ɪ
g	z	_ ɪ
g	z	_ ɪ
g	z	_ ɪ
g	z	_ ɪ
g	z	_ ɪ
g	z	_ ɪ
g	z	_ ɪ
g	z	_ ɪ
g	z	_ ɪ
g	z	_ ɪ
g	z	_ ɪ
g	z	_ ɪ
g	z	_ ɪ
g	z	_ ɪ
g	z	_ ɪ
g	z	_ ɪ
d	t͡s	# _ i ̝
n	r	. _
o i	u i	
c	t ̠ʰ	
c	t ̠ʰ	
c	t ̠ʰ	
cʰ r	tʰ ∅	. _
cʰ r	tʰ ∅	. _
cʰ r	tʰ ∅	. _
cʰ r	tʰ ∅	. _
ɟ	nʲ	# _
ɑː k ̚	u ∅	. ∅ _ .
j	d ̠	
j	d ̠	
j	d ̠	
j	d ̠	
j	d ̠	
n	h	# _ i ̝
ɟ	ɲ	# _
ɟ	ɲ	# _
i i	ə	
i i	ə	
i i	ə	
i i	ə	
i i	ə	
i i	ə	
u a	u u	
u a	u u	
u a	u u	
u a	u u	
b	j	
b	j	
b	j	
i o	i ə	
b	s	_ i
ɪ̆ ɐ n	i a n	. ∅ _ .
t	h	_ ɪ
t	h	_ ɪ
t	h	_ ɪ
t	h	_ ɪ
o	∅	e _
o	∅	e _
xʷ	v	_ e m
j	ʃ	
j	ʃ	
j	ʃ	
j	ʃ	
j	ʃ	
j	ʃ	
j	ʃ	
j	ʃ	
j	ʃ	
j	ʃ	
j	ʃ	
j	ʃ	
j	ʃ	
j	ʃ	
j	ʃ	
j	ʃ	
j	ʃ	
d	t	_ #
pʰ	fʰ	. _ ɪ̆ w̆ u
t	h	
t	h	
t	h	
t	h	
b	β	_ Ṽ
i u	e u	
i u	e u	
k l	kʷ ∅	. _
p	ɸ	_ i
u i ̝	o a	
a a	a i	
a a	a i	
a a	a i	
a a	a i	
a a	a i	
a a	a i	
a a	a i	
a a	a i	
a i	a ɛ	
a	∅	_ u
a	∅	_ u
p	f	# _
p	f	# _
p	f	# _
p	f	# _
p	f	# _
p	f	# _
p	f	# _
p	f	# _
p	f	# _
p	f	# _
p	f	# _
p	f	# _
p	f	# _
pʰ	fʰ	. _ ɪ̆ ɪ̆ u
f	p	# _
f	p	# _
f	p	# _
f	p	# _
f	p	# _
p t	∅ tʰ	. _
p t	∅ tʰ	. _
b	β	_ ʊ
b	β	_ ʊ
b	β	_ ʊ
b	β	_ ʊ
ɟ	ʑ	. _
t	c	
t	c	
u	ɨ	a _
u	ɨ	a _
p	f	# _ u ̝
p	f	# _ u ̝
t	p	_ u
b	m	_ Ṽ
b	m	_ Ṽ
a d	e ɲ	
a d	e ɲ	
a d	e ɲ	
ɪ̆ e	ə ɹ	n ʑ _ .
g	∅	_ a
g	∅	_ a
g	∅	_ a
g	∅	_ a
g	∅	_ a
g	∅	_ a
g	∅	_ a
g	∅	_ a
g	∅	_ a
k	t̠͡ʃʲ	. _ i
k	t̠͡ʃʲ	. _ i
k	t̠͡ʃʲ	. _ i
k	t̠͡ʃʲ	. _ i
k	t̠͡ʃʲ	. _ i
k	t̠͡ʃʲ	. _ i
i o	i u	
i o	i u	
i o	i u	
o	ɔ	
o	ɔ	
o	ɔ	
o	ɔ	
o	ɔ	
o	ɔ	
o	ɔ	
o	ɔ	
o	ɔ	
kʰ r	c ∅	. _
u ̝ d	i ɲ	
u ̝ d	i ɲ	
ɾ	l ̠	
ɾ	l ̠	
p	ɸ	
p	ɸ	
e aː t ̚	æ i ∅	.ʲ _ .
e aː t ̚	æ i ∅	.ʲ _ .
e aː t ̚	æ i ∅	.ʲ _ .
t͡s ⁿ r	dʲ ∅	. _
d͡z	tʰ	. _
a	e	_ d
a	e	_ d
a	e	_ d
a	e	_ d
j	θ	
j	θ	
i i	ɛ	
i i	ɛ	
ɪ̆ w ɐ	∅ u a	. ɱ _ n .
a u	a o	
a u	a o	
a u	a o	
a u	a o	
a u	a o	
a u	a o	
i ̝ o	i	
i ̝ o	i	
i ̝ o	i	
i ̝ o	i	
i ̝ o	i	
i ̝ o	i	
i ̝ o	i	
i ̝ o	i	
t	ʃ	_ u
fʰ	f	
g	∅	_ o
g	∅	_ o
g	∅	_ o
g	∅	_ o
g	∅	_ o
g	∅	_ o
g	∅	_ o
g	∅	_ o
g	∅	_ o
b	j	_ u
b	j	_ u
b	j	_ u
b	j	_ u
a i	ɛ	
a i	ɛ	
a i	ɛ	
a i	ɛ	
ɟ	c	. _
ɟ	c	. _
ɟ	c	. _
ɟ	c	. _
ɟ	c	. _
ɟ	c	. _
iʔ i	í ∅ ∅	_ #
r	∅	. kʰ _
r	∅	. kʰ _
r	∅	. kʰ _
d	d ̠	_ ɪ
d	d ̠	_ ɪ
d	d ̠	_ ɪ
b	β	# _
b	β	# _
b	β	# _
b	β	# _
b	β	# _
b	β	# _
b	β	# _
p t	h ∅	. _
pʰ r	pʰʲ ∅	. _
pʰ r	pʰʲ ∅	. _
pʰ r	pʰʲ ∅	. _
pʰ r	pʰʲ ∅	. _
gʷ r	∅ l	. _
c	t	_ .
u e	o	
u e	o	
u e	o	
u e	o	
u e	o	
u e	o	
u e	o	
o u ̝	u i	
ɓ l	ɗ ∅	. _
u a	u ɑ	. ∅ _ n .
e	eː	
e	eː	
e	eː	
d	r	_ ü
d	r	_ ü
d	r	_ ü
d	r	_ ü
d	r	_ ü
d	r	_ ü
d	r	_ ü
d	r	_ ü
d	r	_ ü
d	r	_ ü
d	r	_ ü
d	r	_ ü
θ	ð	
θ	ð	
u m	e ∅	
u i	ɔ	
u i	ɔ	
u i	ɔ	
z	h	
k	ʔ	# _
k	ʔ	# _
e	y	# _ u
ɪ ə̆ u	ɪ̆ ∅ u	. ∅ _ k ̚ .
d	ʔ	# _ #
d	ʔ	# _ #
d	ʔ	# _ #
d	ʔ	# _ #
d	ʔ	# _ #
d	ʔ	# _ #
u a	u	
u a	u	
n	ɲ	# _ i ̝ ̝
o i	ɔ e	
a a	a	
a a	a	
a a	a	
a a	a	
a a	a	
a a	a	
a a	a	
a a	a	
a a	a	
a a	a	
ʒ	s ʼ	
u ̝	∅	
u ̝	∅	
c	t͡s	# _ i
c	t͡s	# _ i
i	ɛ	
i ∅	ə ɹ	n ʑ _ .
e o	ɛ i	
ṕ	p	
d	t	# _
d	t	# _
d	t	# _
d	t	# _
d	t	# _
d	∅	
j	l	# _
j	l	# _
j	l	# _
p	ȹ ͡ f	# _ u i ̝
c	h	_ u
l	ŋʷ	. _
o o	w a	
o o	w a	
o o	w a	
o o	w a	
u a	ɔ a	
c ͡ ɕ	t	
c ͡ ɕ	t	
ɟ	d͡z	# n _
ɟ	d͡z	# n _
d	dʲ	# _
∅	ð	a _ o
g	j	# n _
d	d ̠	_ ü
d	d ̠	_ ü
d	d ̠	_ ü
r	ɣ	. pʰ _
j	ɟ	# _
k	g	# n _
k	g	# n _
k	ʃ	_ e
k	ʃ	_ e
k	ʃ	_ e
k	ʃ	_ e
k	ʃ	_ e
d	t	
c	t̠͡ʃ	# _
c	t̠͡ʃ	# _
c	t̠͡ʃ	# _
c	t̠͡ʃ	# _
c	t̠͡ʃ	# _
c	t̠͡ʃ	# _
∅	w	_ i
∅	w	_ i
u ̝ a	u	
u ̝ a	u	
u ̝ a	u	
u ̝ a	u	
u ̝ a	u	
u ̝ a	u	
u ̝ a	u	
u ̝ a	u	
d	ɽ	_ u
d	ɽ	_ u
d	ɽ	_ u
d	ɽ	_ u
r	∅	
r	∅	
r	∅	
r	∅	
r	∅	
r	∅	
r	∅	
r	∅	
r	∅	
r	∅	
r	∅	
r	∅	
r	∅	
c	ʃ	# _
f	w	
g	d̠͡ʒ	# _ u ̝ d
g	d̠͡ʒ	# _ u ̝ d
u ̝ a	∅ a	
u ̝ a	∅ a	
o i ̝	ɔ ɔ	
o i ̝	ɔ ɔ	
ɓ l	b ɐ	. _
c	cʰ	
i ̝ i ̝	i ə	
g	∅	_ ɔ
g	∅	_ ɔ
g	∅	_ ɔ
g	∅	_ ɔ
g	∅	_ ɔ
g	∅	_ ɔ
g	∅	_ ɔ
g	∅	_ ɔ
g	∅	_ ɔ
tʰ	t ̠ʰʲ	. _ ɪ̆
a … a	a … ə	
a … a	a … ə	
a … a	a … ə	
a … a	a … ə	
b r	pʲ ∅	. _
b r	pʲ ∅	. _
b r	pʲ ∅	. _
b r	pʲ ∅	. _
i	ə	
i	ə	
i	ə	
i	ə	
i	ə	
i	ə	
i	ə	
i	ə	
gʷ	k	
gʷ	k	
gʷ	k	
gʷ	k	
ɟ	z	# n _
ɟ	z	# n _
ɟ	z	# n _
ɟ	z	# n _
ɟ	z	# n _
ɟ	z	# n _
ɟ	z	# n _
k	∅	
k	∅	
k	∅	
k	∅	
l	∅	. n _
e a	ɛ	
e a	ɛ	
e a	ɛ	
b r	pʰ r	. _
ɓ	m	. _
ɓ	m	. _
e d	e ∅	
d	d͡r	
d	d͡r	
d	d͡r	
d	d͡r	
d	d͡r	
d	d͡r	
d	d͡r	
d	d͡r	
d	d͡r	
d	d͡r	
d	d͡r	
d	d͡r	
d	d͡r	
b	d͡z	_ i ̝
b	d͡z	_ i ̝
b	d͡z	_ i ̝
b	d͡z	_ i ̝
u ̝ i ̝	u ə	
u	o	
u	o	
u	o	
u	o	
u	o	
u	o	
u	o	
u	o	
u	o	
u	o	
u	o	
k	w	# _ u
k	w	# _ u
k	w	# _ u
k	w	# _ u
k	w	# _ u
k	w	# _ u
j ∅ u k ̚	∅ o u ∅	. ∅ _ .
u	ɨ	_ j
u	ɨ	_ j
e o	e a	
e o	e a	
ŋ	ɲ	
ŋ	ɲ	
ŋ	ɲ	
ŋ	ɲ	
c	h	_ i
u u	o a	
b	f	_ ü
b	f	_ ü
b	f	_ ü
b	f	_ ü
b	f	_ ü
b	f	_ ü
b	f	_ ü
b	f	_ ü
b	f	_ ü
i a	ə	
i a	ə	
i a	ə	
i a	ə	
i a	ə	
i a	ə	
i a	ə	
i a	ə	
b	h	_ u
b	h	_ u
b	h	_ u
c	f	_ u
c	f	_ u
c	f	_ u
c	f	_ u
c	f	_ u
c	f	_ u
c	f	_ u
c	f	_ u
c	f	_ u
c	f	_ u
c	f	_ u
c	f	_ u
c	f	_ u
c	f	_ u
c	f	_ u
c	f	_ u
xʷ	w	. _
xʷ	w	. _
e a	e e	
e a	e e	
ɓ l	b ∅	. _
ɓ l	b ∅	. _
ɓ l	b ∅	. _
ɓ l	b ∅	. _
ɓ l	b ∅	. _
ɓ l	b ∅	. _
p t	tʰ ∅	. _
u i	u u	
g	f	# _
ɪ̆ u ə̆	∅ u ə	. ɱ _ n .
g	ɟ	# _
g	ɟ	# _
g	ɟ	# _
o a	u ə	
o a	u ə	
u ɑ k ̚	u o ∅	. _ .
d	v	_ u
d	v	_ u
d	v	_ u
d	v	_ u
d	v	_ u
d	v	_ u
d	v	_ u
d	v	_ u
d	v	_ u
d	v	_ u
d	v	_ u
d	v	_ u
d	v	_ u
d	v	_ u
d	v	_ u
d	v	_ u
d	v	_ u
d	v	_ u
d	v	_ u
d	v	_ u
d	v	_ u
d	v	_ u
d	v	_ u
d	v	_ u
d	v	_ u
d	v	_ u
d	v	_ u
d	v	_ u
d	v	_ u
d	v	_ u
d	v	_ u
j	s	
j	s	
j	s	
j	s	
j	s	
j	s	
j	s	
j	s	
j	s	
j	s	
j	s	
j	s	
c	k	_ .
e d	i ɲ	
v l	d ∅	. _
e	∅	o _
d	d͡z	# _ i ̝ ̝
gʷ r	cʷ ∅	. _
a a	i ə	
g	d͡z	_ i ̝
g	d͡z	_ i ̝
g	d͡z	_ i ̝
g	d͡z	_ i ̝
ʒ	z	# _
a i ̝	a ə	
e aː t ̚	æ i ∅	.ʰ _ .
e aː t ̚	æ i ∅	.ʰ _ .
g r	kʰ l	. _
j	g	Ṽ _ Ṽ
a a	a u	
a a	a u	
ɑ̆	ɑ	. ∅ _ k ̚ .
b	v	# m _ i ̝
ɪ̆ ɐ m	i a n	. ∅ _ .
m	ɱ	. _ ɪ̆ w̆ u
t	z	_ ɪ
i u	e e	
g	x	_ ü
u ̝ u ̝	u	
u ̝ u ̝	u	
u ̝ u ̝	u	
u ̝ u ̝	u	
u ̝ u ̝	u	
u ̝ u ̝	u	
u ̝ u ̝	u	
u ̝ u ̝	u	
i ̝ u	e u	
i ̝ u	e u	
c	t ̪	
c	t ̪	
c	t ̪	
c	t ̪	
c	t ̪	
c	t ̪	
c	t ̪	
c	t ̪	
p	f	_ u ̝
p	f	_ u ̝
p	f	_ u ̝
p	f	_ u ̝
p	f	_ u ̝
p	f	_ u ̝
p	f	_ u ̝
p	f	_ u ̝
p	f	_ u ̝
p	f	_ u ̝
p	f	_ u ̝
p	f	_ u ̝
p	f	_ u ̝
p	f	_ u ̝
p	f	_ u ̝
p	f	_ u ̝
p	f	_ u ̝
p	f	_ u ̝
p	f	_ u ̝
p	f	_ u ̝
p	f	_ u ̝
p	f	_ u ̝
p	f	_ u ̝
p	f	_ u ̝
p	f	_ u ̝
p	f	_ u ̝
p	f	_ u ̝
p	f	_ u ̝
p	f	_ u ̝
p	f	_ u ̝
p	f	_ u ̝
b	∅	_ ɔ
b	∅	_ ɔ
b	∅	_ ɔ
b	∅	_ ɔ
b	∅	_ ɔ
b	∅	_ ɔ
b	∅	_ ɔ
b	∅	_ ɔ
b	∅	_ ɔ
b	∅	_ ɔ
b	∅	_ ɔ
b	∅	_ ɔ
b	∅	_ ɔ
b	∅	_ ɔ
b	∅	_ ɔ
b	∅	_ ɔ
b	∅	_ ɔ
b	∅	_ ɔ
b	∅	_ ɔ
b	∅	_ ɔ
b	∅	_ ɔ
b	∅	_ ɔ
b	∅	_ ɔ
b	∅	_ ɔ
b	∅	_ ɔ
b	∅	_ ɔ
b	∅	_ ɔ
u i ̝	u ə	
o u ̝	o o	
d	d͡z	# _ u ̝
d	d͡z	# _ u ̝
n ɗ	ʔ n	
ɣʰ	kʰ	. _
e e	ɥ e	
u u	u e	
r	ɬ	. _
d	ɽ	_ ʊ
d	ɽ	_ ʊ
d	ɽ	_ ʊ
d	ɽ	_ ʊ
u i	y	
t	t͡s	# _ u i ̝
g	r	_ ü
i u	e ɔ	
u ̝ i	u i	
u ̝ i	u i	
u ̝ i	u i	
u ̝ i	u i	
u ̝ i	u i	
c	s	_ #
c	s	_ #
c	s	_ #
c	s	_ #
c	s	_ #
c	s	_ #
c	s	_ #
ɪ̆ w e	∅ e i	. ∅ _ .
ʃ	ʂ	
d	z	_ u
d	z	_ u
d	z	_ u
d	z	_ u
d	z	_ u
d	z	_ u
d	z	_ u
d	z	_ u
d	z	_ u
a	∅	e _
a	∅	e _
a	∅	e _
a	∅	e _
m ʔ m	m	
ʔʲ	ʄ	. _
u i	o o	
ʃ	s	
ʃ	s	
ʃ	s	
d	l	
d	l	
d	l	
d	l	
d	l	
d	l	
d	l	
d	l	
d	l	
d	l	
d	l	
d	l	
d	l	
d	l	
d	l	
d	l	
d	l	
d	l	
d	l	
d	l	
d	l	
d	l	
d	l	
d	l	
d	l	
d	l	
d	l	
d	l	
d	l	
d	l	
d	l	
d	l	
d	l	
d	l	
d	l	
d	l	
d	l	
d	l	
d	l	
d	l	
d	l	
d	l	
d	l	
d	l	
d	l	
d	l	
d	l	
d	l	
d	l	
d	l	
d	l	
d	l	
d	l	
d	l	
d	l	
d	l	
d	l	
d	l	
d	l	
d	l	
d	l	
d	l	
d	l	
d	l	
d	l	
d	l	
d	l	
d	l	
d	l	
d	l	
d	l	
d	l	
d	l	
d	l	
d	l	
d	l	
d	l	
d	l	
d	l	
d	l	
d	l	
d	l	
d	l	
d	l	
d	l	
d	l	
d	l	
d	l	
d	l	
d	l	
d	l	
d	l	
d	l	
d	l	
d	l	
d	l	
d	l	
d	l	
m l	∅ l	. _
m l	∅ l	. _
m l	∅ l	. _
m l	∅ l	. _
m l	∅ l	. _
p	mʰ	_ ü
u ̝	ʊ	
d	ȹ	_ u
d	ȹ	_ u
d	ȹ	_ u
i a	a a	
ə u	ɑ u	. ∅ _ .
z	ð	. _
a	i	
d	d͡z	# N _ i ̝
d	d͡z	# N _ i ̝
d	d͡z	# N _ i ̝
d	d͡z	# N _ i ̝
d	d͡z	# N _ i ̝
j	z	_ ɪ
j	z	_ ɪ
j	z	_ ɪ
j	z	_ ɪ
j	z	_ ɪ
j	z	_ ɪ
j	z	_ ɪ
j	z	_ ɪ
j	z	_ ɪ
j	z	_ ɪ
c	ʃ	_ i
c	ʃ	_ i
c	ʃ	_ i
c	ʃ	_ i
c	ʃ	_ i
c	ʃ	_ i
c	ʃ	_ i
c	ʃ	_ i
c	ʃ	_ i
c	ʃ	_ i
c	ʃ	_ i
ɟ	∅	
ɟ	∅	
ɟ	∅	
ɟ	∅	
d	f	_ ʊ
d	f	_ ʊ
d	f	_ ʊ
d	f	_ ʊ
d	f	_ ʊ
d	f	_ ʊ
d	f	_ ʊ
d	f	_ ʊ
d	f	_ ʊ
d	f	_ ʊ
d	f	_ ʊ
d	f	_ ʊ
d	f	_ ʊ
d	f	_ ʊ
b	p	# m _
o a	o ə	
o ∅ d	w e ɲ	
o ∅ d	w e ɲ	
ɣʷ	kʷʰ	. _
ɣʷ	kʷʰ	. _
ɣʷ	kʷʰ	. _
ɣʷ	kʷʰ	. _
x	ʃ	
n	l	# _
n	l	# _
n	l	# _
n	l	# _
n	l	# _
n	l	# _
j	z	
j	z	
j	z	
j	z	
j	z	
j	z	
j	z	
j	z	
j	z	
j	z	
j	z	
j	z	
j	z	
j	z	
j	z	
j	z	
j	z	
j	z	
j	z	
j	z	
j	z	
j	z	
j	z	
j	z	
j	z	
j	z	
j	z	
j	z	
j	z	
j	z	
j	z	
j	z	
j	z	
j	z	
j	z	
j	z	
j	z	
j	z	
j	z	
j	z	
j	z	
j	z	
j	z	
j	z	
j	z	
j	z	
j	z	
j	z	
j	z	
j	z	
j	z	
j	z	
j	z	
j	z	
j	z	
j	z	
j	z	
d͡z	ʃ	. _
d͡z	ʃ	. _
d͡z	ʃ	. _
t	z	_ i
i o	e ɔ	
i ̝ a	i i	
i ̝ a	i i	
i ̝ a	i i	
y	t̠͡ʃ	
y	t̠͡ʃ	
y	t̠͡ʃ	
y	t̠͡ʃ	
y	t̠͡ʃ	
y	t̠͡ʃ	
g	v	_ ʊ
g	v	_ ʊ
g	v	_ ʊ
g	v	_ ʊ
g	v	_ ʊ
g	v	_ ʊ
g	v	_ ʊ
g	v	_ ʊ
g	v	_ ʊ
g	v	_ ʊ
g	v	_ ʊ
g	v	_ ʊ
g	v	_ ʊ
g	v	_ ʊ
g	v	_ ʊ
g	v	_ ʊ
g	v	_ ʊ
g	v	_ ʊ
g	v	_ ʊ
g	v	_ ʊ
g	v	_ ʊ
g	v	_ ʊ
g	v	_ ʊ
g	v	_ ʊ
g	v	_ ʊ
g	v	_ ʊ
g	v	_ ʊ
g	v	_ ʊ
g	v	_ ʊ
g	v	_ ʊ
g	v	_ ʊ
g	v	_ ʊ
g	v	_ ʊ
g	v	_ ʊ
g	v	_ ʊ
g	v	_ ʊ
g	v	_ ʊ
g	v	_ ʊ
g	v	_ ʊ
g	v	_ ʊ
g	v	_ ʊ
g	v	_ ʊ
g	v	_ ʊ
g	v	_ ʊ
g	v	_ ʊ
g	v	_ ʊ
g	v	_ ʊ
i ̝ o	i u	
i ̝ o	i u	
i ̝ o	i u	
i ̝ o	i u	
i ̝ o	i u	
m	ɱ	. _ ɪ̆ ɪ̆ u
o o	ɔ e	
d	t͡s	# _
d	t͡s	# _
d	t͡s	# _
d	t͡s	# _
m ɓ	ʔ m	
p ̚	∅	. ∅ i e _ .
o a	o i	
x	kʰ	. _
x	kʰ	. _
x	kʰ	. _
x	kʰ	. _
x	kʰ	. _
x	kʰ	. _
x	kʰ	. _
x	kʰ	. _
x	kʰ	. _
x	kʰ	. _
x	kʰ	. _
d̠͡ʒ	d	
d̠͡ʒ	d	
d̠͡ʒ	d	
d̠͡ʒ	d	
g	j	_ i
g	j	_ i
g	j	_ i
g	j	_ i
g	j	_ i
g	j	_ i
g	j	_ i
g	j	_ i
g	j	_ i
a e	a u	
tʰ	f	
ɗ	r	_ i
g	x	_ ɪ
u ̝ u ̝	u a	
p	ɸ	_ u
b	ɓ	_ a
t͡s r	t ∅	
o i	ɔ i	
o i	ɔ i	
k	t̠͡ʃ	# _ i ̝
k	t̠͡ʃ	# _ i ̝
k	t̠͡ʃ	# _ i ̝
k	t̠͡ʃ	# _ i ̝
gʷ	g	
gʷ	g	
d͡z	s	. _
d͡z	s	. _
d͡z	s	. _
d͡z	s	. _
d͡z	s	. _
d͡z	s	. _
d͡z	s	. _
d͡z	s	. _
d͡z	s	. _
i a	e	
i a	e	
i a	e	
i a	e	
i a	e	
i a	e	
i a	e	
b	d͡z	_ ɪ
ɗ	∅	
r	ð	. _
r	ð	. _
r	ð	. _
c	θ	_ ü
d	t	_ Ṽ
u ̝ o	u u	
u ̝ o	u u	
i i	i ə	
t	f	_ u ̝
t	f	_ u ̝
t	f	_ u ̝
t	f	_ u ̝
t	f	_ u ̝
t	f	_ u ̝
t	f	_ u ̝
t	f	_ u ̝
t	f	_ u ̝
t	f	_ u ̝
t	f	_ u ̝
t	f	_ u ̝
t	f	_ u ̝
t	f	_ u ̝
t	f	_ u ̝
t	f	_ u ̝
t	f	_ u ̝
t	f	_ u ̝
t	f	_ u ̝
t	f	_ u ̝
t	f	_ u ̝
t	f	_ u ̝
t	f	_ u ̝
t	f	_ u ̝
t	f	_ u ̝
t	f	_ u ̝
t	f	_ u ̝
t	f	_ u ̝
t	f	_ u ̝
t	f	_ u ̝
t	f	_ u ̝
g	s	_ u
ç	θ	
t	t͡s	# _ u i
t	t͡s	# _ u i
g	∅	_ ü
r	l	. p _
d	s	_ ʊ
e a	e ə	
g	f	_ u
g	f	_ u
g	f	_ u
g	f	_ u
g	f	_ u
g	f	_ u
g	f	_ u
g	f	_ u
g	f	_ u
g	f	_ u
g	f	_ u
g	f	_ u
g	f	_ u
g	f	_ u
g	f	_ u
g	f	_ u
g	f	_ u
g	f	_ u
g	f	_ u
g	f	_ u
g	f	_ u
u ̝ o	∅	
e	i	# _ i
g	w	# _ o
n	l	. _
n	l	. _
n	l	. _
ɣ	ɟ	. _
o o	o ə	
o d	eː ∅	
xʷ	kʷ	_ a
xʷ	kʷ	_ a
d	r	_ i
d	r	_ i
d	r	_ i
d	r	_ i
d	r	_ i
d	r	_ i
d	r	_ i
d	r	_ i
d	r	_ i
d	r	_ i
d	r	_ i
d	r	_ i
c	t ̪ ͡ s ̪ʰ	
c	t ̪ ͡ s ̪ʰ	
c	t ̪ ͡ s ̪ʰ	
c	t ̪ ͡ s ̪ʰ	
c	t ̪ ͡ s ̪ʰ	
c	t ̪ ͡ s ̪ʰ	
c	t ̪ ͡ s ̪ʰ	
c	t ̪ ͡ s ̪ʰ	
c	t ̪ ͡ s ̪ʰ	
c	t ̪ ͡ s ̪ʰ	
d	ṛ	_ ʊ
d	ṛ	_ ʊ
d	ṛ	_ ʊ
d	ṛ	_ ʊ
i o	e	
i o	e	
n	∅	# _
n	∅	# _
n	∅	# _
n	∅	# _
n	∅	# _
n	∅	# _
n	∅	# _
e a	i a	
g	j	_ u
g	j	_ u
g	j	_ u
g	j	_ u
g	j	_ u
u	o	# _ e
t	c	_ u
t	c	_ u
t	c	_ u
t	c	_ u
t	c	_ u
t	c	_ u
t	c	_ u
t	c	_ u
t	c	_ u
t	c	_ u
t	c	_ u
t	c	_ u
s	θ	
d̠͡ʒ	y	
d	c	_ i
∅ ĕ	ɪ̆ e	. t͡s _ t ̚ .
∅ ĕ	ɪ̆ e	. t͡s _ t ̚ .
∅ ĕ	ɪ̆ e	. t͡s _ t ̚ .
u ̝ u ̝	y	
m l	∅ l	
i i	i	
i i	i	
i i	i	
i i	i	
t̠͡ʃʲ	ʈ͡ʂ	
b	v	_ ʊ
b	v	_ ʊ
b	v	_ ʊ
b	v	_ ʊ
b	v	_ ʊ
b	v	_ ʊ
b	v	_ ʊ
b	v	_ ʊ
b	v	_ ʊ
b	v	_ ʊ
b	v	_ ʊ
b	v	_ ʊ
b	v	_ ʊ
b	v	_ ʊ
b	v	_ ʊ
b	v	_ ʊ
b	v	_ ʊ
b	v	_ ʊ
b	v	_ ʊ
b	v	_ ʊ
b	v	_ ʊ
b	v	_ ʊ
b	v	_ ʊ
b	v	_ ʊ
b	v	_ ʊ
b	v	_ ʊ
b	v	_ ʊ
b	v	_ ʊ
b	v	_ ʊ
b	v	_ ʊ
b	v	_ ʊ
b	v	_ ʊ
b	v	_ ʊ
b	v	_ ʊ
b	v	_ ʊ
b	v	_ ʊ
b	v	_ ʊ
b	v	_ ʊ
b	v	_ ʊ
b	v	_ ʊ
b	v	_ ʊ
b	v	_ ʊ
b	v	_ ʊ
b	v	_ ʊ
b	v	_ ʊ
b	v	_ ʊ
b	v	_ ʊ
b	v	_ ʊ
b	v	_ ʊ
r	n	_ Ṽ
ᶑ ∅	t l	. _
ɪ̆ a	ɪ̆ e	. ∅ _ .
c	t͡s	# _
c	t͡s	# _
c	t͡s	# _
c	t͡s	# _
c	t͡s	# _
c	t͡s	# _
c	t͡s	# _
c	t͡s	# _
c	t͡s	# _
c	t͡s	# _
c	t͡s	# _
c	t͡s	# _
c	t͡s	# _
c	t͡s	# _
c	t͡s	# _
c	t͡s	# _
c	t͡s	# _
c	t͡s	# _
c	t͡s	# _
c	t͡s	# _
c	t͡s	# _
c	t͡s	# _
c	t͡s	# _
c	t͡s	# _
c	t͡s	# _
c	t͡s	# _
c	t͡s	# _
c	t͡s	# _
c	t͡s	# _
c	t͡s	# _
c	t͡s	# _
c	t͡s	# _
c	t͡s	# _
c	t͡s	# _
c	t͡s	# _
c	t͡s	# _
c	t͡s	# _
c	t͡s	# _
c	t͡s	# _
ɲ	ŋʲ	. _
ɲ	ŋʲ	. _
t	ʃ	_ i
t	ʃ	_ i
t	ʃ	_ i
t	ʃ	_ i
t	ʃ	_ i
a i ̝	a i	
a i ̝	a i	
a i ̝	a i	
a i ̝	a i	
a i ̝	a i	
a i ̝	a i	
a i ̝	a i	
a i ̝	a i	
a i ̝	a i	
a i ̝	a i	
a i ̝	a i	
a i ̝	a i	
a i ̝	a i	
a i ̝	a i	
a i ̝	a i	
a i ̝	a i	
a i ̝	a i	
a i ̝	a i	
a i ̝	a i	
a i ̝	a i	
t	t̠͡ʃ	
t	t̠͡ʃ	
w ɐ i	u a i	. ∅ _ .
u o	u ∅	. ∅ _ ŋ .
a i	a e	
a i	a e	
a i	a e	
a i	a e	
a i	a e	
a i	a e	
a i	a e	
n	nʲ	# _ u i ̝
u ̝ d	jː ∅	
d	ʔ	
s	ʃ	
j	∅	_ i
j	∅	_ i
p	v	# N _
p	v	# N _
p	v	# N _
p	v	# N _
g	k	_ #
g	k	_ #
g	k	_ #
g	k	_ #
g	k	_ #
i o	i ɛ	
t	t̠͡ʃ	_ i
t	t̠͡ʃ	_ i
e o	e	
e o	e	
e o	e	
e o	e	
t	c	_ i
k	d ̠	_ i
ʊ	o	
j	d ̠	_ ü
n	d	# _
n	d	# _
n	d	# _
n	d	# _
b	pʰ	
b	pʰ	
u u	o	
u u	o	
u u	o	
u u	o	
u u	o	
u u	o	
u u	o	
e m	i ∅	
g	ŋ	# _
g	ŋ	# _
g	ŋ	# _
g	ŋ	# _
g	ŋ	# _
g	ŋ	# _
g	ŋ	# _
d	d͡z	# _
d	d͡z	# _
d	d͡z	# _
d	d͡z	# _
d	d͡z	# _
kʷ i	k u	
p	∅	. _ t
p	∅	. _ t
p	∅	. _ t
d	d͡z	# _ u ̝ ̝
d	d͡z	# _ u ̝ ̝
a i	a ə	
a i	a ə	
b	∅	_ o
b	∅	_ o
b	∅	_ o
b	∅	_ o
b	∅	_ o
b	∅	_ o
b	∅	_ o
b	∅	_ o
b	∅	_ o
b	∅	_ o
b	∅	_ o
b	∅	_ o
b	∅	_ o
b	∅	_ o
b	∅	_ o
b	∅	_ o
b	∅	_ o
b	∅	_ o
b	∅	_ o
b	∅	_ o
b	∅	_ o
b	∅	_ o
b	∅	_ o
b	∅	_ o
b	∅	_ o
b	∅	_ o
b	∅	_ o
cʰ r	ʃʰ ∅	. _
cʰ r	ʃʰ ∅	. _
cʰ r	ʃʰ ∅	. _
t	r	_ i
e e	ɛ o	
u ̝	yː	
i a	e a	
i a	e a	
i a	e a	
i a	e a	
i a	e a	
i a	e a	
i a	e a	
i a	e a	
i a	e a	
i a	e a	
i a	e a	
i a	e a	
i a	e a	
i a	e a	
i a	e a	
ɑ u	a u	. ∅ _ .
t͡s ⁿ	p	. _ r
k n	∅ n	. _
k n	∅ n	. _
k n	∅ n	. _
k n	∅ n	. _
u	o	a _
p	b	
p	b	
p	b	
p	b	
p	b	
p	b	
p	b	
p	b	
p	b	
p	b	
p	b	
p	b	
p	b	
p	b	
p	b	
p	b	
p	b	
p	b	
p	b	
p	b	
p	b	
p	b	
p	b	
p	b	
p	b	
p	b	
p	b	
p	b	
p	b	
p	b	
ŏ	u	. ∅ _ k ̚ .
k	∅	# _
k	∅	# _
k	∅	# _
k	∅	# _
k	∅	# _
k	∅	# _
k	∅	# _
k	∅	# _
k	∅	# _
k	∅	# _
k	∅	# _
k	∅	# _
k	∅	# _
k	∅	# _
k	∅	# _
k	∅	# _
k	∅	# _
k	∅	# _
k	∅	# _
k	∅	# _
k	∅	# _
k	∅	# _
k	∅	# _
k	∅	# _
k	∅	# _
k	∅	# _
k	∅	# _
k	∅	# _
ɐ	ə	. ∅ _ ŋ .
w ɐ	∅ u	. ∅ _ ŋ .
ᶑ ∅	r ∅	. _
a o	a a	
a o	a a	
a o	a a	
a o	a a	
ɗ	∅	_ o
ɗ	∅	_ o
ɗ	∅	_ o
ɗ	∅	_ o
ɗ	∅	_ o
ɗ	∅	_ o
ɗ	∅	_ o
ɗ	∅	_ o
ɗ	∅	_ o
ɗ	∅	_ o
u ̝ i	u e	
u ̝ i	u e	
s	tʲ	_ u
e o	ɔ ɔ	
c	h	
c	h	
c	h	
c	h	
c	h	
c	h	
c	h	
c	h	
c	h	
c	h	
c	h	
c	h	
c	h	
c	h	
c	h	
c	h	
c	h	
t	t ̠ʲ	. _ ɪ̆ .
i a	i	
i a	i	
u i	o e	
u i	o e	
u i	o e	
u i	o e	
u i	o e	
u i	o e	
u i	o e	
u i	o e	
b r	p ɐ	. _
u	yː	
u ∅ d	ɥ e ɲ	
v r	d ∅	. _
p	f	# _ u i ̝
p	f	# _ u i ̝
p	f	# _ u i ̝
p	β	_ i
p	β	_ i
ɓ l	d ∅	. _
ɓ l	d ∅	. _
ɓ l	d ∅	. _
ɓ l	d ∅	. _
ɓ l	d ∅	. _
ɓ l	d ∅	. _
ɓ l	d ∅	. _
ɓ l	d ∅	. _
ɓ l	d ∅	. _
b	z	_ u
b	z	_ u
b r	pʰ ∅	. _
b r	pʰ ∅	. _
a	i	j _
ɓ̥ˀ	ɓˀ	# _
ɓ̥ˀ	ɓˀ	# _
ɓ̥ˀ	ɓˀ	# _
t	v	_ ʊ
b	p	# _
b	p	# _
b	p	# _
b	p	# _
b	p	# _
b	p	# _
b	p	# _
b	p	# _
o d	e ɲ	
o d	e ɲ	
o d	e ɲ	
s	ð	
t	t͡s	_ ɪ
t	t͡s	_ ɪ
t	t͡s	_ ɪ
u u	u i	
u u	u i	
u u	u i	
u u	u i	
u u	u i	
u u	u i	
u u	u i	
d	z	# _
d	z	# _
d	z	# _
d	z	# _
d	z	# _
d	z	# _
u i ̝	i i	
t	d͡r	
t	d͡r	
t	d͡r	
t	d͡r	
t	d͡r	
b	p ʼ	
ɓ	b	. _ l
g	d ͡ r	_ ɪ
p	h	_ i
p	h	_ i
p	h	_ i
p	h	_ i
p	h	_ i
p	h	_ i
p	h	_ i
p	h	_ i
p	h	_ i
p	h	_ i
p	h	_ i
e e	ə ə	
e e	ə ə	
e e	ə ə	
e e	ə ə	
e e	ə ə	
e e	ə ə	
e e	ə ə	
e e	ə ə	
e e	ə ə	
e e	ə ə	
e e	ə ə	
e e	ə ə	
b ɥ	f ∅	. _
j	r	# _
o e	ɔ ə	
e	y	# _ a
e	y	# _ a
t	ṛ	_ ü
u ̝ a	u a	
u ̝ a	u a	
u ̝ a	u a	
u ̝ a	u a	
u ̝ a	u a	
u ̝ a	u a	
u ̝ a	u a	
u ̝ a	u a	
u ̝ a	u a	
u ̝ a	u a	
u ̝ a	u a	
u ̝ a	u a	
u ̝ a	u a	
u ̝ a	u a	
u ̝ a	u a	
u ̝ a	u a	
u ̝ a	u a	
u ̝ a	u a	
u ̝ a	u a	
u ̝ a	u a	
u ̝ a	u a	
u ̝ a	u a	
u ̝ a	u a	
u ̝ a	u a	
u ̝ a	u a	
u ̝ a	u a	
u ̝ a	u a	
o a	ɔ ə	
o a	ɔ ə	
g	h	
g	h	
t	t ̠	_ i
a o	a	
a o	a	
a o	a	
a o	a	
a o	a	
a o	a	
a o	a	
a o	a	
t	t͡sʲ	# _
d	d͡z	# _ u i ̝
d	d͡z	# _ u i ̝
ɣ	h	. _
ɣ	h	. _
kʰ l	kʰ ∅	. _
∅ ĕ	ɪ̆ e	. t _ t ̚ .
∅ ĕ	ɪ̆ e	. t _ t ̚ .
∅ ĕ	ɪ̆ e	. t _ t ̚ .
∅ ĕ	ɪ̆ e	. t _ t ̚ .
ɪ̆ aː u k ̚	ɪ̆ ɛ u ∅	.ʲ ̠ʲ _ .
ɪ̆ aː u k ̚	ɪ̆ ɛ u ∅	.ʲ ̠ʲ _ .
i	e	o _
u ̝ o	u a	
u ̝ o	u a	
u ̝ o	u a	
u ̝ o	u a	
b	ɓ	_ ɛ
ɗ	l	. _
ɗ	l	. _
u ̝ i ̝	u u	
k	ɲ	# _
i ̝ o	i ə	
z	r	. _
e a	∅ æ	. t ͡ z _ n .
k	f	_ u
k	f	_ u
k	f	_ u
k	f	_ u
k	f	_ u
k	f	_ u
k	f	_ u
k	f	_ u
k	f	_ u
k	f	_ u
k	f	_ u
k	f	_ u
k	f	_ u
k	f	_ u
k	f	_ u
k	f	_ u
k	f	_ u
k	f	_ u
k	f	_ u
k	f	_ u
k	f	_ u
k	f	_ u
k	f	_ u
k	f	_ u
k	f	_ u
k	f	_ u
k	f	_ u
k	f	_ u
k	f	_ u
k	f	_ u
k	f	_ u
k	f	_ u
k	f	_ u
k	f	_ u
k	f	_ u
k	f	_ u
k	f	_ u
k	f	_ u
k	f	_ u
k	f	_ u
k	f	_ u
k	f	_ u
k	f	_ u
k	f	_ u
k	f	_ u
k	f	_ u
k	f	_ u
k	f	_ u
k	f	_ u
k	f	_ u
k	f	_ u
k	f	_ u
k	f	_ u
k	f	_ u
k	f	_ u
k	f	_ u
k	f	_ u
k	f	_ u
k	f	_ u
k	f	_ u
k	f	_ u
k	f	_ u
k	f	_ u
k	f	_ u
k	f	_ u
k	f	_ u
k	f	_ u
k	f	_ u
k	f	_ u
k	f	_ u
k	f	_ u
k	f	_ u
k	f	_ u
k	f	_ u
k ∅	k f	# _ u
k ∅	k f	# _ u
g	t͡s	# _ i ̝
r	ɣ	. p _
v	f	. _
v	f	. _
v	f	. _
v	f	. _
v	f	. _
v	f	. _
v	f	. _
v	f	. _
v	f	. _
v	f	. _
v	f	. _
v	f	. _
v	f	. _
k	c	_ ü
k	c	_ ü
k	c	_ ü
g	ʔ	# _
g	ʔ	# _
xʷ	g	_ e m
g	r	_ ɪ
t	f	# _ u ̝
b	ʒ	_ u
b	ʒ	_ u
p	h	_ u
p	h	_ u
p	h	_ u
p	h	_ u
p	h	_ u
ṛ	r	
ṛ	r	
ṛ	r	
ṛ	r	
ṛ	r	
ṛ	r	
ṛ	r	
ṛ	r	
r	∅	. n _
g	ɣ	# _
g	ɣ	# _
g	ɣ	# _
g	ɣ	# _
g	ɣ	# _
g	ɣ	# _
g	ɣ	# _
g	ɣ	# _
g	ɣ	# _
g	ɣ	# _
g	ɣ	# _
g	ɣ	# _
g	ɣ	# _
g	ɣ	# _
g	ɣ	# _
g	ɣ	# _
g	ɣ	# _
g	ɣ	# _
g	ɣ	# _
g	ɣ	# _
g	ɣ	# _
g	ɣ	# _
g	ɣ	# _
g	ɣ	# _
g	ɣ	# _
g	ɣ	# _
g	ɣ	# _
g	ɣ	# _
g	ɣ	# _
g	ɣ	# _
g	ɣ	# _
u i	i i	
d	f	_ u
d	f	_ u
d	f	_ u
d	f	_ u
d	f	_ u
d	f	_ u
d	f	_ u
d	f	_ u
d	f	_ u
d	f	_ u
d	f	_ u
d	f	_ u
d	f	_ u
d	f	_ u
ɟ	j	# _
ɟ	j	# _
ɟ	j	# _
ɟ	j	# _
ɟ	j	# _
ɟ	j	# _
ɟ	j	# _
ɟ	j	# _
ɟ	j	# _
ɟ	j	# _
p	h	
p	h	
p	h	
p	h	
p	h	
p	h	
p	h	
p	h	
p	h	
p	h	
p	h	
p	h	
p	h	
p	h	
p	h	
p	h	
p	h	
p	h	
p	h	
p	h	
p	h	
p	h	
p	h	
p	h	
p	h	
p	h	
p	h	
p	h	
p	h	
p	h	
p	h	
p	h	
p	h	
p	h	
p	h	
p	h	
p	h	
p	h	
p	h	
p	h	
p	h	
p	h	
p	h	
p	h	
p	h	
p	h	
p	h	
p	h	
p	h	
p	h	
p	h	
p	h	
p	h	
p	h	
p	h	
p	h	
p	h	
ɪ	∅	k _ #
i ̝ u	u u	
i	e	
i	e	
i	e	
i	e	
i	e	
i	e	
i	e	
i	e	
x r	kʰʲ ∅	. _
x r	kʰʲ ∅	. _
x r	kʰʲ ∅	. _
d	f	# _
n	ɲ	# _ i u
b	f	# _ u
b	f	# _ u
o a	ɔ ɛ	
o a	ɔ ɛ	
g r	k ∅	. _
b	v	_ i ̝
b	v	_ i ̝
b	v	_ i ̝
b	v	_ i ̝
b	v	_ i ̝
b	v	_ i ̝
b	v	_ i ̝
b	v	_ i ̝
b	v	_ i ̝
b	v	_ i ̝
b	v	_ i ̝
b	v	_ i ̝
b	v	_ i ̝
b	v	_ i ̝
b	v	_ i ̝
b	v	_ i ̝
b	v	_ i ̝
b	v	_ i ̝
b	v	_ i ̝
b	v	_ i ̝
k	f	_ ʊ
k	f	_ ʊ
k	f	_ ʊ
k	f	_ ʊ
k	f	_ ʊ
k	f	_ ʊ
k	f	_ ʊ
k	f	_ ʊ
k	f	_ ʊ
k	f	_ ʊ
k	f	_ ʊ
k	f	_ ʊ
k	f	_ ʊ
k	f	_ ʊ
k	f	_ ʊ
k	f	_ ʊ
k	f	_ ʊ
k	f	_ ʊ
k	f	_ ʊ
k	f	_ ʊ
k	f	_ ʊ
k	f	_ ʊ
k	f	_ ʊ
k	f	_ ʊ
k	f	_ ʊ
k	f	_ ʊ
k	f	_ ʊ
k	f	_ ʊ
k	f	_ ʊ
k	f	_ ʊ
k	f	_ ʊ
k	f	_ ʊ
k	f	_ ʊ
k	f	_ ʊ
k	f	_ ʊ
k	f	_ ʊ
k	f	_ ʊ
k	f	_ ʊ
k	f	_ ʊ
k	f	_ ʊ
k	f	_ ʊ
k	f	_ ʊ
k	f	_ ʊ
k	f	_ ʊ
k	f	_ ʊ
k	f	_ ʊ
k	f	_ ʊ
k	f	_ ʊ
k	f	_ ʊ
k	f	_ ʊ
k	f	_ ʊ
k	f	_ ʊ
k	f	_ ʊ
k	f	_ ʊ
k	f	_ ʊ
k	f	_ ʊ
k	f	_ ʊ
k	f	_ ʊ
k	f	_ ʊ
k	f	_ ʊ
k	f	_ ʊ
k	f	_ ʊ
k	f	_ ʊ
k	f	_ ʊ
k	f	_ ʊ
k	f	_ ʊ
k	f	_ ʊ
k	f	_ ʊ
k	f	_ ʊ
k	f	_ ʊ
k	f	_ ʊ
k	f	_ ʊ
k	f	_ ʊ
k	f	_ ʊ
b	z	_ ɪ
b	z	_ ɪ
b	z	_ ɪ
b	z	_ ɪ
b	z	_ ɪ
b	z	_ ɪ
b	z	_ ɪ
b	z	_ ɪ
b	z	_ ɪ
b	z	_ ɪ
b	z	_ ɪ
b	z	_ ɪ
b	z	_ ɪ
ɲ	n	. _
ɲ	n	. _
c	s	_ ʊ
c	s	_ ʊ
c	s	_ ʊ
c	s	_ ʊ
c	s	_ ʊ
c	s	_ ʊ
c	s	_ ʊ
c	s	_ ʊ
gʷ	kʷʰ	. _
gʷ	kʷʰ	. _
gʷ	kʷʰ	. _
k	c	_ ɪ
k	c	_ ɪ
k	c	_ ɪ
u a	o	
u a	o	
u a	o	
u a	o	
u a	o	
u a	o	
u a	o	
u a	o	
i a	i ə	
i a	i ə	
i a	i ə	
i a	i ə	
ṛ	y	
g	z	# _ i ̝
l	j	. m _
l	j	. m _
l	j	. m _
l	j	. m _
i o	i a	
i o	i a	
g	w	# _
g	w	# _
u e	u i	
u e	u i	
g	d̠͡ʒ	
s	ɕ	
k	g	# N _
k	g	# N _
k	g	# N _
b	f	# _ i ̝
b	f	# _ i ̝
e e	u i	
ŋ	∅	. _ y
i	iː	
i	iː	
i	iː	
i	iː	
i	iː	
i	iː	
i	iː	
i	iː	
i	iː	
i e u	i a u	. ∅ _ .
b	dʲ	# _
t͡s	t̠͡ʃʲ	
b	β	_ i
b	β	_ i
b	β	_ i
b	β	_ i
b	β	_ i
b	β	_ i
b	β	_ i
k l	c ∅	. _
k l	c ∅	. _
k l	c ∅	. _
e u ̝	ə ə	
p	b	_ ü
p	b	_ ü
p	b	_ ü
p	b	_ ü
o u ̝	ɔ ə	
v	f	
e	i	i _
c	∅	
c	∅	
c	∅	
c	∅	
c	∅	
c	∅	
kʰ r	cʰ ∅	. _
gʷ	kʷ	. _
gʷ	kʷ	. _
gʷ	kʷ	. _
gʷ	kʷ	. _
gʷ	kʷ	. _
gʷ	kʷ	. _
t	h	_ i
t	h	_ i
t	h	_ i
t	h	_ i
t	nʲ	# _
u ̝ i ̝	u e	
k l	k ∅	. _
k l	k ∅	. _
k l	k ∅	. _
ɟ	d̠͡ʒ	# n _
d	ɣ	# _
n	s	. t _
k	∅	_ ü
k	∅	_ ü
k	∅	_ ü
k	∅	_ ü
k	∅	_ ü
k	∅	_ ü
d͡z r	s ∅	
b	β	_ ɪ
b	β	_ ɪ
b	β	_ ɪ
b	β	_ ɪ
b	β	_ ɪ
b	β	_ ɪ
b	β	_ ɪ
w a	u a	. ∅ _ n .
c	h	_ ʊ
ɟ	g	# _
uː	u	
k	j	# _
k	j	# _
k	j	# _
k	t͡s	# _ i
k	t͡s	# _ i
k	t͡s	# _ i
k	t͡s	# _ i
k	t͡s	# _ i
k	t͡s	# _ i
x	h	
x	h	
t͡sʰ	tʰ	. _
ɓ	b	. _
ɓ	b	. _
ɓ	b	. _
ɓ	b	. _
i i	i e	
ɗ	ɮ	
k	h	
k	h	
k	h	
k	h	
k	h	
k	h	
k	h	
k	h	
k	h	
k	h	
k	h	
k	h	
k	h	
k	h	
k	h	
k	h	
k	h	
k	h	
g	n	# _
g	n	# _
g	n	# _
c	ʃ	_ ü
c	ʃ	_ ü
c	ʃ	_ ü
c	ʃ	_ ü
c	ʃ	_ ü
c	ʃ	_ ü
c	ʃ	_ ü
c	ʃ	_ ü
c	ʃ	_ ü
c	ʃ	_ ü
c	ʃ	_ ü
gˀ	g	# _
gˀ	g	# _
gˀ	g	# _
gˀ	g	# _
gˀ	g	# _
ɪ̆ ə	ɪ̆ ĕ	. ∅ _ n .
e u ̝	ə	
e u ̝	ə	
t	x	
p	t͡s	_ ü
∅ ĕ	ɪ̆ e	. t ͡ ʒ _ t ̚ .
ɣʷ	ɣ	. _
ɣʷ	ɣ	. _
ɣʷ	ɣ	. _
ɪ̆ a	ɪ̆ ɛ	. ∅ _ m .
f	v	# _
t	ʃ	_ ü
t	ʃ	_ ü
t	ʃ	_ ü
t	ʃ	_ ü
t	ʃ	_ ü
a i	e e	
o o	u u	
o o	u u	
o o	u u	
o o	u u	
o o	u u	
o o	u u	
o o	u u	
o o	u u	
o o	u u	
o o	u u	
o o	u u	
o o	u u	
o o	u u	
o o	u u	
o o	u u	
o o	u u	
o o	u u	
d	t ʼ	
t	k	
pʰ r	pʰ ∅	. _
i ̝ a	e a	
i ̝ a	e a	
g	v	_ u ̝
g	v	_ u ̝
g	v	_ u ̝
g	v	_ u ̝
g	v	_ u ̝
g	v	_ u ̝
g	v	_ u ̝
g	v	_ u ̝
g	v	_ u ̝
g	v	_ u ̝
g	v	_ u ̝
g	v	_ u ̝
g	v	_ u ̝
g	v	_ u ̝
g	v	_ u ̝
g	v	_ u ̝
g	v	_ u ̝
g	v	_ u ̝
g	v	_ u ̝
g	v	_ u ̝
g	v	_ u ̝
g	v	_ u ̝
g	v	_ u ̝
g	v	_ u ̝
g	v	_ u ̝
g	v	_ u ̝
g	v	_ u ̝
g	v	_ u ̝
g	v	_ u ̝
g	v	_ u ̝
g	v	_ u ̝
b	ŋ	# _
b	ŋ	# _
c	ʃ	# _ u d
c	ʃ	# _ u d
c	ʃ	# _ u d
c	ʃ	# _ u d
c	ʃ	# _ u d
c	ʃ	# _ u d
u u	o e	
∅	u	u h _
b	v	_ i
b	v	_ i
b	v	_ i
b	v	_ i
b	v	_ i
b	v	_ i
b	v	_ i
b	v	_ i
b	v	_ i
b	v	_ i
b	v	_ i
b	v	_ i
b	v	_ i
b	v	_ i
e u	ɛ ɔ	
e u	ɛ ɔ	
e u	ɛ ɔ	
r	tʰ	. _
r	tʰ	. _
ᶑ ∅	t r	. _
e i ̝	ɛ	
e i ̝	ɛ	
e i ̝	ɛ	
c	sʷ	# _
kʷ a	k u	u _
kʷ a	k u	u _
s	h	_ .
b	pʰ	. _
i w e t ̚	y e ∅ ∅	. ∅ _ _ .
k	ȹ	_ u
k	ȹ	_ u
k	ȹ	_ u
k	ȹ	_ u
k	ȹ	_ u
k	ȹ	_ u
k	ȹ	_ u
k	ȹ	_ u
t	r	_ ü
c	t̠͡ʃ	_ i
i ̝ e	i i	
i ̝ e	i i	
g	k	# N _
p	ɸ	# _ i ̝
k	ɣʲ	# _
i	e	e _
t	ɣ	. k _
t	s	_ i ̝
t	s	_ i ̝
t	s	_ i ̝
t	s	_ i ̝
t	s	_ i ̝
t	s	_ i ̝
t	s	_ i ̝
t	s	_ i ̝
t	s	_ i ̝
t	s	_ i ̝
t	s	_ i ̝
t	s	_ i ̝
t	s	_ i ̝
t	s	_ i ̝
t	s	_ i ̝
t	s	_ i ̝
t	s	_ i ̝
t	s	_ i ̝
t	s	_ i ̝
t	s	_ i ̝
t	s	_ i ̝
t	s	_ i ̝
t	s	_ i ̝
t	s	_ i ̝
t	s	_ i ̝
t	s	_ i ̝
t	s	_ i ̝
t	s	_ i ̝
t	s	_ i ̝
t	s	_ i ̝
t	s	_ i ̝
u e	u	
o e	ɥ ɛ	
g	v	# m _ u ̝
g	v	# m _ u ̝
ɣʷ	h	. _
ɣʷ	h	. _
a e	e	
l	d	. _
l	d	. _
w	∅	m _
k	d ̠	_ ü
ɨ	∅	_ o w
i	e	a _
i	e	a _
i ̝ o	o o	
a a	ɛ a	
i a	i e	. ∅ _ n .
k	n	
g	j	_ e
xʷ	v	. _
xʷ	v	. _
kʰ l	kʰ ɣ	. _
ɗ	r	_ e
kʰ r	kʰ ɣ	. _
u ̝ a	u ɛ	
kʷ	k	i _ a
kʷ	k	i _ a
∅	h	# _
o a	u o	
o a	u o	
t	∅	# _
t	∅	# _
t	∅	# _
t	∅	# _
t	∅	# _
t	∅	# _
t	∅	# _
t	∅	# _
t	∅	# _
t	∅	# _
t	∅	# _
t	∅	# _
u a	ɥ ɛ	
u i	ɥ i	
u i	ɥ i	
u i	ɥ i	
u i	ɥ i	
a i ̝	ɛ ɛ	
ɪ̆ u ɑ	y e ∅	. ∅ _ .
k	t	. _ l
g	k	# _
g	k	# _
g	k	# _
g	k	# _
g	k	# _
g	k	# _
g	k	# _
g	k	# _
g	k	# _
g	k	# _
g	k	# _
g	k	# _
g	k	# _
g	k	# _
g	k	# _
g	k	# _
g	k	# _
g	k	# _
g	k	# _
g	k	# _
g	k	# _
g	k	# _
g	k	# _
g	k	# _
g	k	# _
g	k	# _
g	k	# _
g	k	# _
g	k	# _
g	k	# _
g	k	# _
g	k	# _
g	k	# _
g	k	# _
g	k	# _
g	k	# _
g	k	# _
g	k	# _
g	k	# _
g	k	# _
g	k	# _
g	k	# _
g	k	# _
g	k	# _
g	k	# _
g	k	# _
g	k	# _
g	k	# _
g	k	# _
g	k	# _
g	k	# _
g	k	# _
g	k	# _
g	k	# _
g	k	# _
g	k	# _
g	k	# _
g	k	# _
g	k	# _
g	k	# _
g	k	# _
g	k	# _
g	k	# _
g	k	# _
g	k	# _
g	s	_ i
g	s	_ i
g	s	_ i
g	s	_ i
g	s	_ i
g	s	_ i
g	s	_ i
g	s	_ i
g	s	_ i
g	s	_ i
g	s	_ i
g	s	_ i
g	s	_ i
g		s	_ i
g	s	_ i
g	s	_ i
j	ṛ	
kʰ m	ŋʷ ∅	. _
ə	∅	u b _ #
b	v	# m _ u ̝
b	v	# m _ u ̝
b	v	# m _ u ̝
b	v	# m _ u ̝
b	v	# m _ u ̝
b	v	# m _ u ̝
b	v	# m _ u ̝
e a	∅ æ	. t _ n .
e a	∅ æ	. t _ n .
e a	∅ æ	. t _ n .
e a	∅ æ	. t _ n .
c	s	_ i
c	s	_ i
c	s	_ i
c	s	_ i
c	s	_ i
c	s	_ i
c	s	_ i
c	s	_ i
c	s	_ i
c	s	_ i
c	s	_ i
c	s	_ i
c	s	_ i
c	s	_ i
c	s	_ i
c	s	_ i
c	s	_ i
c	s	_ i
c	s	_ i
c	s	_ i
c	s	_ i
c	s	_ i
c	s	_ i
c	s	_ i
c	s	_ i
c	s	_ i
c	s	_ i
c	s	_ i
c	s	_ i
c	s	_ i
c	s	_ i
c	s	_ i
c	s	_ i
g	∅	_ ʊ
g	∅	_ ʊ
t	t̠͡ʃ	# _ i
u aː	u ɑ	. ∅ _ t ̚ .
u	ʊː	
d	t	. _
ɟ	z	# _
ɟ	z	# _
ɟ	z	# _
ɟ	z	# _
ɟ	z	# _
ɟ	z	# _
ɟ	z	# _
ɟ	z	# _
ɟ	z	# _
ɟ	z	# _
ɟ	z	# _
ɟ	z	# _
ɟ	z	# _
k	∅	_ ʊ
k	∅	_ ʊ
k	∅	_ ʊ
i a	ə a	
d	ð	# _
d	ð	# _
ə	a	
p l	pʲ ∅	. _
p l	pʲ ∅	. _
p l	pʲ ∅	. _
p l	pʲ ∅	. _
e a	∅ æ	. t͡s _ n .
e a	∅ æ	. t͡s _ n .
e a	∅ æ	. t͡s _ n .
ɲ	ŋ	_ .
i u	u i	
g	ɣʲ	# _
t	tʷ	_ u
j	ɟ	. _
p	t͡s	_ i
b	m b	
b	m b	
e	i	_ t̠͡ʃ
o o	ɥ i	
o o	ɥ i	
o o	ɥ i	
o o	ɥ i	
o o	ɥ i	
ʊ ∅	a u	
ɗ	j	_ a
ɗ	j	_ a
ɗ	j	_ a
ɗ	j	_ a
ɗ	j	_ a
ɗ	j	_ a
ɗ	j	_ a
ɗ	j	_ a
ɗ	j	_ a
ɗ	j	_ a
ɗ	j	_ a
ɗ	j	_ a
ɗ	j	_ a
ɗ	j	_ a
c	h	# _
c	h	# _
c	h	# _
c	h	# _
a	∅	_ i
a i ̝	ɛ ə	
d	v	_ u ̝
d	v	_ u ̝
d	v	_ u ̝
d	v	_ u ̝
d	v	_ u ̝
d	v	_ u ̝
d	v	_ u ̝
d	v	_ u ̝
d	v	_ u ̝
d	v	_ u ̝
d	v	_ u ̝
d	v	_ u ̝
d	v	_ u ̝
d	v	_ u ̝
d	v	_ u ̝
d	v	_ u ̝
d	v	_ u ̝
d	v	_ u ̝
d	v	_ u ̝
d	v	_ u ̝
d	v	_ u ̝
d	v	_ u ̝
d	v	_ u ̝
d	v	_ u ̝
d	v	_ u ̝
d	v	_ u ̝
d	v	_ u ̝
d	v	_ u ̝
d	v	_ u ̝
d	v	_ u ̝
d	v	_ u ̝
c	ʃ	. _
c	ʃ	. _
c	ʃ	. _
d	z	_ ü
d	z	_ ü
d	z	_ ü
d	z	_ ü
d	z	_ ü
d	z	_ ü
d	z	_ ü
d	z	_ ü
d	z	_ ü
d	z	_ ü
d	z	_ ü
d	z	_ ü
d	z	_ ü
d	z	_ ü
d	z	_ ü
d	z	_ ü
d	z	_ ü
d	z	_ ü
d	z	_ ü
d	z	_ ü
d	z	_ ü
d	z	_ ü
d	z	_ ü
d	z	_ ü
d	z	_ ü
d	z	_ ü
d	z	_ ü
d	z	_ ü
d	z	_ ü
d	z	_ ü
d	z	_ ü
d	z	_ ü
d	z	_ ü
d	z	_ ü
d	z	_ ü
d	z	_ ü
d	z	_ ü
d	z	_ ü
d	z	_ ü
d	z	_ ü
d	z	_ ü
g	d ͡ r	_ ü
θ	ʃ	
θ	ʃ	
θ	ʃ	
r	l ̠	
r	l ̠	
i ̝ o ∅	i w ɛ	
pʰ r	p ∅	. _
t	t ͡ r	
t	t ͡ r	
o a	ɔ o	
k	x	_ u
r	h	. _
r	h	. _
r	h	. _
r	h	. _
r	h	. _
r	h	. _
r	h	. _
r	h	. _
r	h	. _
r	h	. _
r	h	. _
r	h	. _
r	h	. _
r	h	. _
r	h	. _
g	nʲ	# _
o	a	ɨ _
m l	m ɐ	. _
b	p	
b	p	
b	p	
b	p	
b	p	
b	p	
b	p	
b	p	
p	h	_ ü
p	h	_ ü
p	h	_ ü
p	h	_ ü
p	h	_ ü
p	h	_ ü
p	h	_ ü
p	h	_ ü
p	h	_ ü
p	h	_ ü
p	h	_ ü
p	ɣ	_ i
s	tʰ	. _
o	∅	_ a
o	∅	_ a
ɪ̆ w ə m	ɪ̆ u ∅ ŋ	. ∅ _ .
a u	a a	
a u	a a	
a u	a a	
a u	a a	
a u	a a	
a u	a a	
ɪ̆ w o	∅ ∅ y	. ∅ _ ŋ .
j	c	
j	c	
j	c	
j	c	
j	c	
j	c	
j	c	
j	c	
j	c	
j	c	
j	c	
j	c	
j	c	
j	c	
j	c	
j	c	
j	c	
j	c	
j	c	
j	c	
j	c	
j	c	
j	c	
ɪ ə ŋ	i ∅ ŋ	. ∅ _ .
i ̝	i	
i ̝	i	
i ̝	i	
i ̝	i	
i ̝	i	
i ̝	i	
i ̝	i	
i ̝	i	
dʰ	d ̠ʰʲ	. _ ĕ
d	x	_ ɪ
b	w	# _
b	w	# _
b	w	# _
a	aː	
a	aː	
a	aː	
a	aː	
a	aː	
a	aː	
a	aː	
a	aː	
a	aː	
t	l	# n _
d	g	_ Ṽ g
ɗ	∅	_ i
b	∅	_ ɛ
b	∅	_ ɛ
b	∅	_ ɛ
b	∅	_ ɛ
t	r	_ u
ɟ	d͡z	# N _
ɟ	d͡z	# N _
ɟ	d͡z	# N _
ɟ	d͡z	# N _
ɟ	d͡z	# N _
ɟ	d͡z	# N _
ɟ	d͡z	# N _
ɟ	d͡z	# N _
ɟ	d͡z	# N _
ɟ	d͡z	# N _
ɟ	d͡z	# N _
c	z	# n _
c	z	# n _
i	ɨ	ɨ _
r	j	. _
r	j	. _
r	j	. _
r	j	. _
r	j	. _
r	j	. _
bʰ	v	. _ ɪ̆ ɪ̆ w
ɪ̆ w ɛ	∅ ∅ y	. ∅ _ ŋ .
a	ɛ	_ d
a	ɛ	_ d
a	ɛ	_ d
a	ɛ	_ d
a	ɛ	_ d
d	ɲ	# _
d	ɲ	# _
d	ɲ	# _
d	ɲ	# _
d	ɲ	# _
d	ɲ	# _
d	ɲ	# _
ɑ	a	. ∅ _ n .
ɑ	a	. ∅ _ n .
o e	ɔ e	
x	hʰ	. _
u u	u o	
ʄ	ɟ	. _
d͡z	θ	. _
g	ʃ	_ ɪ
g	ʃ	_ ɪ
g	ʃ	_ ɪ
j ∅ ∅ u k ̚	∅ i o u ∅	. ∅ _ .
gˀ	h	# _
o o	u	
o o	u	
o o	u	
ɟ	cʰ	. _
u i	o	
u i	o	
u i	o	
u i	o	
u i	o	
u i	o	
u i	o	
u i	o	
u i	o	
o u ̝	o u	
o u ̝	o u	
u ̝ u ̝	u u	
u ̝ u ̝	u u	
u ̝ u ̝	u u	
u ̝ u ̝	u u	
u ̝ u ̝	u u	
u ̝ u ̝	u u	
u ̝ u ̝	u u	
u ̝ u ̝	u u	
u ̝ u ̝	u u	
u ̝ u ̝	u u	
u ̝ u ̝	u u	
u ̝ u ̝	u u	
u ̝ u ̝	u u	
u ̝ u ̝	u u	
u ̝ u ̝	u u	
u ̝ u ̝	u u	
u ̝ i	u	
u ̝ i	u	
i o	e o	
i o	e o	
i o	e o	
i o	e o	
i o	e o	
i o	e o	
d	d͡z	# _ i u ̝
b r	p l	. _
b	ɓ	
b	ɓ	
b	ɓ	
z	θ	
b	∅	# _
b	∅	# _
b	∅	# _
b	∅	# _
b	∅	# _
b	∅	# _
b	∅	# _
b	∅	# _
b	∅	# _
b	∅	# _
b	∅	# _
b	∅	# _
b	∅	# _
b	∅	# _
b	∅	# _
b	∅	# _
b	∅	# _
b	∅	# _
t	t͡s	# _
t	t͡s	# _
t	t͡s	# _
t	t͡s	# _
t	t͡s	# _
∅ ĕ	ɪ̆ e	. t ͡ z _ t ̚ .
i i	e a	
i i	e a	
i i	e a	
b	β	_ ü
b	β	_ ü
b	β	_ ü
b	β	_ ü
b	β	_ ü
b	β	_ ü
b	β	_ ü
k	h	_ ɔ
k	h	_ ɔ
k	h	_ ɔ
e aː t ̚	æ i ∅	. l _ .
u d	y ∅	
b	v	# N _
b	v	# N _
b	v	# N _
b	v	# N _
b	v	# N _
b	v	# N _
b	v	# N _
b	v	# N _
bʰ	v	. _ ɪ̆ ŭ w
t	s	# _
t	s	# _
t	s	# _
t	s	# _
t	s	# _
t	s	# _
t	s	# _
t	s	# _
o a	o	
o a	o	
o a	o	
o a	o	
o a	o	
u ̝ a	u u	
u ̝ a	u u	
u ̝ a	u u	
u ̝ a	u u	
ɟ	ɣ	# _
ɟ	ɣ	# _
o	u	_ w
o u ̝	u u	
t	f	_ ʊ
t	f	_ ʊ
t	f	_ ʊ
t	f	_ ʊ
t	f	_ ʊ
t	f	_ ʊ
t	f	_ ʊ
t	f	_ ʊ
t	f	_ ʊ
t	f	_ ʊ
t	f	_ ʊ
t	f	_ ʊ
t	f	_ ʊ
t	f	_ ʊ
t	f	_ ʊ
t	f	_ ʊ
t	f	_ ʊ
t	f	_ ʊ
t	f	_ ʊ
t	f	_ ʊ
t	f	_ ʊ
t	f	_ ʊ
t	f	_ ʊ
t	f	_ ʊ
t	f	_ ʊ
t	f	_ ʊ
t	f	_ ʊ
t	f	_ ʊ
t	f	_ ʊ
t	f	_ ʊ
t	f	_ ʊ
t	f	_ ʊ
t	f	_ ʊ
t	f	_ ʊ
t	f	_ ʊ
t	f	_ ʊ
t	f	_ ʊ
t	f	_ ʊ
t	f	_ ʊ
t	f	_ ʊ
t	f	_ ʊ
t	f	_ ʊ
t	f	_ ʊ
t	f	_ ʊ
ɣ	j	. _ i
b	ɸ	# _
o o	u ɔ	
o o	u ɔ	
kʰ r	s ∅	. _
kʰ r	s ∅	. _
kʰ r	s ∅	. _
kʰ r	s ∅	. _
kʰ r	s ∅	. _
u o k ̚	u ∅ ∅	. ∅ _ _ .
t	h	_ ʊ
t	h	_ ʊ
t	h	_ ʊ
t	h	_ ʊ
t	ṛ	_ ʊ
g	c	_ ü
g	c	_ ü
g	c	_ ü
g	c	_ ü
g	c	_ ü
i ̝ a	e ə	
o e	ɔ ɛ	
o e	ɔ ɛ	
o e	ɔ ɛ	
o e	ɔ ɛ	
o e	ɔ ɛ	
o e	ɔ ɛ	
o e	ɔ ɛ	
o e	ɔ ɛ	
∅ ĕ	ɪ̆ e	. t ͡ ʃ _ t ̚ .
t	d	# _
t	d	# _
t	d	# _
t	d	# _
t	d	# _
t	d	# _
t	d	# _
t	d	# _
t	d	# _
kʷ	kʲ	i _
k	p	_ ʊ
d	t͡s	_ ɪ
d	t͡s	_ ɪ
d	t͡s	_ ɪ
d	t͡s	_ ɪ
d	t͡s	_ ɪ
d	t͡s	_ ɪ
g	z	_ i
g	z	_ i
g	z	_ i
g	z	_ i
g	z	_ i
g	z	_ i
g	z	_ i
g	z	_ i
g	z	_ i
g	z	_ i
g	z	_ i
g	z	_ i
g	z	_ i
g	z	_ i
g	z	_ i
g	z	_ i
g	z	_ i
g	z	_ i
g	z	_ i
g	z	_ i
g	z	_ i
g	z	_ i
g	z	_ i
g	z	_ i
g	z	_ i
g	z	_ i
g	z	_ i
g	z	_ i
g	z	_ i
g	z	_ i
g	z	_ i
g	z	_ i
g	z	_ i
g	z	_ i
g	z	_ i
g	z	_ i
g	z	_ i
g	z	_ i
g	z	_ i
g	z	_ i
g	z	_ i
g	z	_ i
g	z	_ i
g	z	_ i
g	z	_ i
g	z	_ i
g	z	_ i
g	z	_ i
w	v	
w	v	
w	v	
w	v	
w	v	
w	v	
m	∅	. _ l
k	t͡s	# _ i ̝
k	t͡s	# _ i ̝
a	∅	o _
u u	ɥ i	
u u	ɥ i	
u u	ɥ i	
u u	ɥ i	
j	dʲ	# _
j	dʲ	# _
d	b	# _
l	j	. g _
t	t ̠	_ ü
n	ɲ	# _ i ̝
n	ɲ	# _ i ̝
n	ɲ	# _ i ̝
n	ɲ	# _ i ̝
b	w	_ ɔ
b	w	_ ɔ
b	w	_ ɔ
b	w	_ ɔ
b	w	_ ɔ
b	w	_ ɔ
b	w	_ ɔ
b	w	_ ɔ
b	w	_ ɔ
b	w	_ ɔ
b	w	_ ɔ
b	w	_ ɔ
b	w	_ ɔ
b	w	_ ɔ
t	r	N _
t	r	N _
t	r	N _
t	r	N _
t	r	N _
t	r	N _
r	t	
ɓ̥ˀ	f	# _
ɓ̥ˀ	f	# _
ɓ̥ˀ	f	# _
k	x	_ o
b	s	_ ɪ
l	ɾ	
l	ɾ	
u ̝ u ̝	u ə	
ɣʷ	w	. _
t	s	_ u
t	s	_ u
t	s	_ u
t	s	_ u
t	s	_ u
t	s	_ u
t	s	_ u
t	s	_ u
t	s	_ u
i w e	∅ ∅ y	. ∅ _ ŋ .
j	d͡z	
j	d͡z	
b	v	_ ɔ
b	v	_ ɔ
b	v	_ ɔ
i ̝ u	i	
i ̝ u	i	
i ̝ u	i	
i ̝ u	i	
i ̝ u	i	
i ̝ u	i	
i ̝ u	i	
i ̝ u	i	
i ̝ a	i a	
i ̝ a	i a	
i ̝ a	i a	
i ̝ a	i a	
i ̝ a	i a	
i ̝ a	i a	
i ̝ a	i a	
i ̝ a	i a	
i ̝ a	i a	
i ̝ a	i a	
i ̝ a	i a	
i ̝ a	i a	
i ̝ a	i a	
i ̝ a	i a	
i ̝ a	i a	
i ̝ a	i a	
i ̝ a	i a	
i ̝ a	i a	
i ̝ a	i a	
i ̝ a	i a	
i ̝ a	i a	
i ̝ a	i a	
i ̝ a	i a	
e a	∅ æ	. t ͡ ͡ _ n .
e a	∅ æ	. t ͡ ͡ _ n .
t	g	# _
t	g	# _
b	f	_ i
b	f	_ i
b	f	_ i
b	f	_ i
b	f	_ i
b	f	_ i
b	f	_ i
b	f	_ i
b	f	_ i
j	d ̠	_ ɪ
u ̝ u ∅	u w e	
u a	o a	
u a	o a	
u a	o a	
u a	o a	
u a	o a	
u a	o a	
u a	o a	
u a	o a	
u a	o a	
u a	o a	
u a	o a	
u a	o a	
u a	o a	
p	ʃ	_ ɪ
p	ʃ	_ ɪ
p	ʃ	_ ɪ
p	ʃ	_ ɪ
p	ʃ	_ ɪ
p	ʃ	_ ɪ
p	ʃ	_ ɪ
p	ʃ	_ ɪ
p	ʃ	_ ɪ
p	ʃ	_ ɪ
p	ʃ	_ ɪ
p	ʃ	_ ɪ
p	ʃ	_ ɪ
p	ʃ	_ ɪ
p	ʃ	_ ɪ
p	ʃ	_ ɪ
p	ʃ	_ ɪ
p	ʃ	_ ɪ
p	ʃ	_ ɪ
p	ʃ	_ ɪ
c	ʃ	_ ɪ
c	ʃ	_ ɪ
c	ʃ	_ ɪ
c	ʃ	_ ɪ
c	ʃ	_ ɪ
c	ʃ	_ ɪ
c	ʃ	_ ɪ
c	ʃ	_ ɪ
c	ʃ	_ ɪ
c	ʃ	_ ɪ
c	ʃ	_ ɪ
d͡z	ɬ	. _
d͡z	ɬ	. _
d͡z	ɬ	. _
c	t͡s	
c	t͡s	
c	t͡s	
c	t͡s	
c	t͡s	
c	t͡s	
c	t͡s	
c	t͡s	
c	t͡s	
c	t͡s	
c	t͡s	
c	t͡s	
c	t͡s	
c	t͡s	
c	t͡s	
c	t͡s	
c	t͡s	
c	t͡s	
c	t͡s	
c	t͡s	
c	t͡s	
c	t͡s	
c	t͡s	
c	t͡s	
c	t͡s	
u ̝ a	y	
k	h	_ o
k	h	_ o
k	h	_ o
t	t ̠	
ɪ̆ ɑ	i e	. ∅ _ .
p	h	_ ʊ
o o	ɔ	
o o	ɔ	
o o	ɔ	
o o	ɔ	
o o	ɔ	
o o	ɔ	
o o	ɔ	
o o	ɔ	
o o	ɔ	
o o	ɔ	
o o	ɔ	
o o	ɔ	
o o	ɔ	
o o	ɔ	
o o	ɔ	
g	ʃ	_ i
g	ʃ	_ i
g	ʃ	_ i
t	f	_ u
t	f	_ u
t	f	_ u
t	f	_ u
t	f	_ u
t	f	_ u
t	f	_ u
t	f	_ u
t	f	_ u
t	f	_ u
t	f	_ u
t	f	_ u
t	f	_ u
t	f	_ u
t	f	_ u
t	f	_ u
t	f	_ u
t	f	_ u
t	f	_ u
t	f	_ u
t	f	_ u
t	f	_ u
t	f	_ u
t	f	_ u
t	f	_ u
t	f	_ u
t	f	_ u
t	f	_ u
t	f	_ u
t	f	_ u
t	f	_ u
t	f	_ u
t	f	_ u
t	f	_ u
t	f	_ u
t	f	_ u
t	f	_ u
t	f	_ u
t	f	_ u
t	f	_ u
t	f	_ u
t	f	_ u
t	f	_ u
t	f	_ u
k r	h ∅	. _
ɪ̆ a u	ɪ̆ ɛ u	. ∅ _ .
c	t̠͡ʃ	# n _
s	sʰ	. _
b	z	_ ü
b	z	_ ü
b	z	_ ü
b	z	_ ü
b	z	_ ü
b	z	_ ü
b	z	_ ü
b	z	_ ü
b	z	_ ü
b	z	_ ü
b	z	_ ü
b	z	_ ü
b	z	_ ü
ŏ ∅	u ɑ̆	_ k .
t ̠ʲ	ʈ͡ʂ	
g	t̠͡ʃ	# _
ɨ	∅	_ i
ɨ	∅	_ i
ɨ	∅	_ i
ɨ	∅	_ i
p	ȹ ͡ f	# _ u ̝ ̝
m	b	
m	b	
m	b	
m	b	
i ̝ a	i	
i ̝ a	i	
i ̝ a	i	
i ̝ a	i	
i ̝ a	i	
i ̝ a	i	
i ̝ a	i	
i ̝ a	i	
u	ɔ	
u	ɔ	
u	ɔ	
u	ɔ	
u	ɔ	
u	ɔ	
u	ɔ	
u ̝	iː	
b	v	# _
b	v	# _
b	v	# _
b	v	# _
b	v	# _
b	v	# _
t	s	_ ʊ
t	s	_ ʊ
t	s	_ ʊ
t	s	_ ʊ
t	s	_ ʊ
t	s	_ ʊ
t	s	_ ʊ
t	s	_ ʊ
t	s	_ ʊ
d	s	_ ɪ
d	s	_ ɪ
d	s	_ ɪ
d	s	_ ɪ
d	s	_ ɪ
d	s	_ ɪ
d	s	_ ɪ
d	s	_ ɪ
d	s	_ ɪ
d	s	_ ɪ
d	s	_ ɪ
e	a	o _
p	f	# _ i ̝
p	f	# _ i ̝
lʰ	l	. _
d	j	_ ʊ
d	j	_ ʊ
d	j	_ ʊ
d	j	_ ʊ
d	j	_ ʊ
d	j	_ ʊ
k ̚	∅	. ∅ u _ .
k	ɟ	# _
p r	pʲ ∅	. _
p r	pʲ ∅	. _
p r	pʲ ∅	. _
g	x	_ #
o o	o u	
o o	o u	
o o	o u	
o o	o u	
o o	o u	
o o	o u	
ɪ	i	
ɪ	i	
k	x	_ ɔ
o ∅ d	ɥ ɛ ɲ	
e e	ə	
e e	ə	
e e	ə	
e e	ə	
e e	ə	
e e	ə	
e e	ə	
e e	ə	
e e	ə	
e e	ə	
e e	ə	
e e	ə	
e e	ə	
e e	ə	
e e	ə	
e e	ə	
e e	ə	
e e	ə	
d	ʒ	_ u
d	ʒ	_ u
p	b	# _
p	b	# _
p	b	# _
p	b	# _
p	b	# _
p	b	# _
p	b	# _
p	b	# _
p	b	# _
p	b	# _
p	b	# _
p	b	# _
p	b	# _
p	b	# _
p	b	# _
p	b	# _
p	b	# _
p	b	# _
p	b	# _
ɪ̆ w ŏ	ɪ̆ w o	. ∅ _ k ̚ .
gʷ r	c ∅	. _
gʷ r	c ∅	. _
gʷ r	c ∅	. _
ɓ l	m ∅	. _
b	ʃ	_ i
b	ʃ	_ i
b	ʃ	_ i
b	ʃ	_ i
b	ʃ	_ i
o o	ɔ ɛ	
o o	ɔ ɛ	
o o	ɔ ɛ	
e a	e	
e a	e	
e a	e	
e a	e	
d	t͡s	_ ü
d	t͡s	_ ü
d	t͡s	_ ü
d	t͡s	_ ü
d	t͡s	_ ü
d	t͡s	_ ü
ɟ	z	# n _ i ̝
tʰ	t ̠ʰʲ	. _ ĕ
j	ỹ	_ Ṽ
j	ỹ	_ Ṽ
j	ỹ	_ Ṽ
j	ỹ	_ Ṽ
j	ỹ	_ Ṽ
j	ỹ	_ Ṽ
j	ỹ	_ Ṽ
i	əː	
i	əː	
i	əː	
i	əː	
m	w	# _
m	w	# _
m	pʰ	. _ r
j	x	
b	v	# _ u ̝
ɓ	w	i ̝ _
ɓ	w	i ̝ _
ɓ	w	i ̝ _
ɓ	w	i ̝ _
ɓ	w	i ̝ _
ɓ	w	i ̝ _
ɓ	w	i ̝ _
ɓ	w	i ̝ _
ɓ	w	i ̝ _
ɓ	w	i ̝ _
ɓ	w	i ̝ _
ɓ	w	i ̝ _
ɓ	w	i ̝ _
ɓ	w	i ̝ _
ɓ	w	i ̝ _
ɓ	w	i ̝ _
ɓ	w	i ̝ _
ɓ	w	i ̝ _
ɓ	w	i ̝ _
ɓ	w	i ̝ _
ɓ	w	i ̝ _
ɓ	w	i ̝ _
ɓ	w	i ̝ _
ɓ	w	i ̝ _
ɓ	w	i ̝ _
ɓ	w	i ̝ _
ɓ	w	i ̝ _
ɓ	w	i ̝ _
ɓ	w	i ̝ _
ɓ	w	i ̝ _
t	n	# _
t	n	# _
t	n	# _
t	n	# _
t	n	# _
t	n	# _
t	n	# _
t	n	# _
t	n	# _
t	n	# _
a i ̝	ɛ	
a i ̝	ɛ	
a i ̝	ɛ	
xʷ	t̠͡ʃ	_ i
g	r	_ i
e i ̝	i	
r	ɣ	. k _
i m	e ∅	_ #
i u ̝	i u	
i u ̝	i u	
e	i	n _
d	ṛ	
d	ṛ	
d	ṛ	
d	ṛ	
g	j	_ ɪ
g	j	_ ɪ
g	j	_ ɪ
g	j	_ ɪ
g	j	_ ɪ
g	j	_ ɪ
g	j	_ ɪ
g	j	_ ɪ
g	j	_ ɪ
u aː ∅ t ̚	u ɑ i ∅	. ∅ _ .
o o	ɔ ɔ	
o o	ɔ ɔ	
o o	ɔ ɔ	
o o	ɔ ɔ	
o o	ɔ ɔ	
o o	ɔ ɔ	
o o	ɔ ɔ	
o o	ɔ ɔ	
o o	ɔ ɔ	
o o	ɔ ɔ	
o o	ɔ ɔ	
o o	ɔ ɔ	
o o	ɔ ɔ	
o o	ɔ ɔ	
o o	ɔ ɔ	
o o	ɔ ɔ	
o o	ɔ ɔ	
o o	ɔ ɔ	
o o	ɔ ɔ	
o o	ɔ ɔ	
o o	ɔ ɔ	
o o	ɔ ɔ	
o o	ɔ ɔ	
o o	ɔ ɔ	
t ͡ r	t̠͡ʃ	
t ͡ r	t̠͡ʃ	
a i ̝	a a	
a	o	
a	o	
g	r	# _
e d	iː ∅	
e e	ɛ	
e e	ɛ	
e e	ɛ	
e e	ɛ	
e e	ɛ	
e a	∅ æ	. t ͡ t _ n .
e a	∅ æ	. t ͡ t _ n .
p	f	_ ʊ
p	f	_ ʊ
p	f	_ ʊ
p	f	_ ʊ
p	f	_ ʊ
p	f	_ ʊ
p	f	_ ʊ
p	f	_ ʊ
p	f	_ ʊ
p	f	_ ʊ
p	f	_ ʊ
p	f	_ ʊ
p	f	_ ʊ
p	f	_ ʊ
p	f	_ ʊ
p	f	_ ʊ
p	f	_ ʊ
p	f	_ ʊ
p	f	_ ʊ
p	f	_ ʊ
p	f	_ ʊ
p	f	_ ʊ
p	f	_ ʊ
p	f	_ ʊ
p	f	_ ʊ
p	f	_ ʊ
p	f	_ ʊ
p	f	_ ʊ
p	f	_ ʊ
p	f	_ ʊ
p	f	_ ʊ
p	f	_ ʊ
p	f	_ ʊ
p	f	_ ʊ
p	f	_ ʊ
p	f	_ ʊ
p	f	_ ʊ
p	f	_ ʊ
p	f	_ ʊ
p	f	_ ʊ
p	f	_ ʊ
p	f	_ ʊ
p	f	_ ʊ
p	f	_ ʊ
p	f	_ ʊ
p	f	_ ʊ
p	f	_ ʊ
p	f	_ ʊ
p	f	_ ʊ
a	u	_ r e
n	ð	. _
o e	ɔ ɔ	
o e	ɔ ɔ	
c	t̠͡ʃʰ	
c	t̠͡ʃʰ	
c	t̠͡ʃʰ	
c	t̠͡ʃʰ	
c	t̠͡ʃʰ	
c	t̠͡ʃʰ	
c	t̠͡ʃʰ	
ɓ	b	
ɓ	b	
ɓ	b	
ɓ	b	
ɓ	b	
ɓ	b	
ɓ	b	
a e	a ɛ	
a e	a ɛ	
o d	ɛ ∅	
o d	ɛ ∅	
t͡s	ʃ	. _
t͡s	ʃ	. _
t͡s	ʃ	. _
t͡s	ʃ	. _
z	ɣ	. k _
a d	ɛː ∅	
ɪ̆ ɛ ŋ	i ∅ ŋ	. ∅ _ .
ᶑ	n	. _
ɟ	d͡z	
ɟ	d͡z	
ɟ	d͡z	
ɟ	d͡z	
ɟ	d͡z	
ɟ	d͡z	
ɟ	d͡z	
ɟ	d͡z	
ɟ	d͡z	
ɟ	d͡z	
ɟ	d͡z	
ɟ	d͡z	
ɟ	d͡z	
ɟ	d͡z	
ɟ	d͡z	
ɟ	d͡z	
ɟ	d͡z	
ɟ	d͡z	
ɟ	d͡z	
ɟ	d͡z	
ɟ	d͡z	
ɟ	d͡z	
ɟ	d͡z	
ɟ	d͡z	
c	tʰ ̠	
k	h	# _
u u	y	
u u	y	
u u	y	
w æ i	u a i	. ∅ _ .
u u	u ə	
c	θ	_ i
x r	ð ∅	. _
x	t̠͡ʃ	
e o	ə a	
e o	ə a	
e o	ə a	
p	v	# _
p	v	# _
p	v	# _
p	v	# _
p	v	# _
p	v	# _
p	v	# _
p	v	# _
p	v	# _
p	v	# _
g	l	# _
b	p	. _
b	ɓ	_ ɔ
a e	ɛ	
j	∅	
j	∅	
j	∅	
j	∅	
j	∅	
j	∅	
j	∅	
j	∅	
j	∅	
j	∅	
j	∅	
j	∅	
ɓ	m	
ɓ	m	
ɪ̆ ə	ə ɹ	n ʑ _ .
e	i	e _
m	∅	u _ #
a o	a i	
a o	a i	
a o	a i	
a o	a i	
a o	a i	
a o	a i	
p	h	_ ɪ
p	h	_ ɪ
p	h	_ ɪ
p	h	_ ɪ
p	h	_ ɪ
p	h	_ ɪ
p	h	_ ɪ
p	h	_ ɪ
p	h	_ ɪ
p	h	_ ɪ
p	h	_ ɪ
e e	i	
g	k	# n _
g	k	# n _
ɟ	dʲ	# _
ɟ	dʲ	# _
ɟ	dʲ	# _
ɟ	dʲ	# _
ɟ	dʲ	# _
ɟ	dʲ	# _
ɟ	dʲ	# _
ɟ	dʲ	# _
t ̠ʰʲ	ʈ͡ʂʰ	
ɑ	u	. ∅ _ .
k	c	_ i
k	c	_ i
k	c	_ i
c	s	. _
k	h	_ ɪ
k	h	_ ɪ
k	h	_ ɪ
k	h	_ ɪ
k	h	_ ɪ
k	h	_ ɪ
k	h	_ ɪ
p d	∅ d	. _
p d	∅ d	. _
p d	∅ d	. _
t͡s ⁿ r	tʲ ∅	. _
e aː t ̚	æ i ∅	. t _ .
e aː t ̚	æ i ∅	. t _ .
e aː t ̚	æ i ∅	. t _ .
e aː t ̚	æ i ∅	. t _ .
k	ȹ	_ ʊ
k	ȹ	_ ʊ
k	ȹ	_ ʊ
k	ȹ	_ ʊ
k	ȹ	_ ʊ
k	ȹ	_ ʊ
k	ȹ	_ ʊ
k	ȹ	_ ʊ
u i ̝	u i	
u i ̝	u i	
u i ̝	u i	
u i ̝	u i	
u i ̝	u i	
u i ̝	u i	
u i ̝	u i	
u i ̝	u i	
u i ̝	u i	
u i ̝	u i	
ɟ	s	. _
ɟ	s	. _
ɟ	s	. _
ɟ	s	. _
k	g	# _
k	g	# _
k	g	# _
k	g	# _
k	g	# _
k	g	# _
k	g	# _
k	g	# _
w	v	. _
w	v	. _
w	v	. _
w	v	. _
w	v	. _
w	v	. _
w	v	. _
w	v	. _
w	v	. _
w	v	. _
n	nʲ	# _ u ̝
i ̝ u	i i	
i ̝ u	i i	
p	ȸ ͡ v	# _ i ̝
g	∅	# _
g	∅	# _
g	∅	# _
g	∅	# _
g	∅	# _
g	∅	# _
g	∅	# _
g	∅	# _
g	∅	# _
g	∅	# _
g	∅	# _
g	∅	# _
g	∅	# _
g	∅	# _
g	∅	# _
g	∅	# _
g	∅	# _
g	∅	# _
g	∅	# _
g	∅	# _
g	∅	# _
g	∅	# _
g	∅	# _
g	∅	# _
g	∅	# _
g	∅	# _
g	∅	# _
g	∅	# _
g	∅	# _
g	∅	# _
i ̝	i	_ d
k	ȹ ͡ f	# _ u ̝
a	∅	_ ɨ
a	∅	_ ɨ
k ∅	k ɸ	# _ u ̝
d	j	_ u
d	j	_ u
d	j	_ u
d	j	_ u
d	j	_ u
d	j	_ u
e o	ɛ ɔ	
e o	ɛ ɔ	
e o	ɛ ɔ	
e o	ɛ ɔ	
e o	ɛ ɔ	
e o	ɛ ɔ	
ɗ̥ˀ	d	# _
t	ɟ	# _
c	t͡s	# _ i ̝
j	t͡s	# _
j	t͡s	# _
u ̝ a	u i	
o o	u a	
ɲ	n	
ɲ	n	
t	tʰ	# _
u i ̝	o e	
g	∅	_ i
g	∅	_ i
e aː t ̚	æ i ∅	. ɕ _ .
ɓ l	n ∅	. _
s	ɬ	
u a	ɥ i	
p	∅	
p	∅	
p	∅	
p	∅	
p	∅	
p	∅	
p	∅	
p	∅	
p	∅	
p	∅	
p	∅	
p	∅	
d	n	_ #
d	n	_ #
k	ʃ	_ ɛ
k	ʃ	_ ɛ
k	ʃ	_ ɛ
kʷ ĩ	k u	
b	v	# _ u i ̝
t	s	# _ i ̝
t	s	# _ i ̝
t	s	# _ i ̝
t	s	# _ i ̝
t	s	# _ i ̝
ɣ	k	. _
ɣ	k	. _
ɪ̆ ɐ p ̚	i e ∅	. ∅ _ .
t͡s r	t͡s ∅	
t͡s r	t͡s ∅	
t͡s r	t͡s ∅	
ɪ̆ ɐ t ̚	i e ∅	. ∅ _ .
a	ɨ	
d	ʃ	_ i
p	ɸ	# _
d	n	_ Ṽ
d	n	_ Ṽ
a u	ɑ u	. ∅ _ .
x	k	_ a
b	v	
b	v	
b	v	
b	v	
b	v	
b	v	
b	p	_ #
b	p	_ #
b	p	_ #
b	p	_ #
b	p	_ #
b	p	_ #
b	p	_ #
b	p	_ #
p d	b r	. _
p d	b r	. _
k	ʃ	_ ü
k	ʃ	_ ü
k	ʃ	_ ü
k	ʃ	_ ü
k	ʃ	_ ü
k	ʃ	_ ü
k	ʃ	_ ü
k	ʃ	_ ü
k	ʃ	_ ü
k	ʃ	_ ü
k	ʃ	_ ü
k	ʃ	_ ü
k	ʃ	_ ü
k	ʃ	_ ü
k	ʃ	_ ü
k	ʃ	_ ü
k	ʃ	_ ü
k	ʃ	_ ü
k	ʃ	_ ü
u a	u i	
u a	u i	
kʰ l	kʰʲ ∅	. _
e d	ɛ ɲ	
e d	ɛ ɲ	
e d	ɛ ɲ	
e d	ɛ ɲ	
q	k	# _
q	k	# _
q	k	# _
g	j	_ ɛ
kʰ n	k j	. _
kʰ n	k j	. _
ɣʷ	v	. _
ɣʷ	v	. _
ɣʷ	v	. _
ɣʷ	v	. _
p	v	_ i
iː	i	
j	w	# _
j	w	# _
j	w	# _
j	w	# _
j	w	# _
j	w	# _
j	w	# _
j	w	# _
j	w	# _
j	w	# _
ɗ	∅	_ e
ɗ	∅	_ e
ɗ	∅	_ e
ɗ	∅	_ e
ɗ	∅	_ e
ɗ	∅	_ e
ɗ	∅	_ e
u u	e u	
i u ̝	e i	
d	ð	_ i ̝
d	ð	_ i ̝
d	ð	_ i ̝
i	ɨ	n _
c	sʰ	
a o	a ə	
a o	a ə	
g	s	_ ɪ
g	s	_ ɪ
g	s	_ ɪ
g	s	_ ɪ
g	s	_ ɪ
g	s	_ ɪ
g	s	_ ɪ
g	s	_ ɪ
g	s	_ ɪ
g	s	_ ɪ
g	s	_ ɪ
g	s	_ ɪ
g	s	_ ɪ
g	s	_ ɪ
g	s	_ ɪ
g	s	_ ɪ
t	n	
t	n	
t	n	
t	n	
t	n	
t	n	
t	n	
t	n	
t	n	
x r	s ∅	. _
x r	s ∅	. _
x r	s ∅	. _
r	t ʼ	
k	∅	_ ɪ
k	∅	_ ɪ
k	∅	_ ɪ
k	∅	_ ɪ
k	∅	_ ɪ
k	∅	_ ɪ
b	w	_ o
b	w	_ o
b	w	_ o
b	w	_ o
b	w	_ o
b	w	_ o
b	w	_ o
b	w	_ o
b	w	_ o
b	w	_ o
b	w	_ o
b	w	_ o
b	w	_ o
b	w	_ o
k	x	
k	x	
k	x	
k	x	
k	x	
k	x	
k	x	
k	x	
k	x	
g	t̠͡ʃ	# _ i ̝
g	t̠͡ʃ	# _ i ̝
g	t̠͡ʃ	# _ i ̝
ɣ	∅	. _ y
m r	∅ ʃ	. _
m r	∅ ʃ	. _
m r	∅ ʃ	. _
ɣ	∅	. _ i
p	f	# _ u ̝ ̝
p	f	# _ u ̝ ̝
p	f	# _ u ̝ ̝
k	t ̠	_ ɪ
ɓˀ	b	# _
ɓˀ	b	# _
ɓˀ	b	# _
ɓˀ	b	# _
i u ̝	i a	
o i ̝	ɔ u	
o i ̝	ɔ u	
g	ʒ	_ u
g	ʒ	_ u
n	nʲ	# i ̝ _
i	∅	w _
i	∅	w _
p	m	
p	m	
p	m	
p	m	
p	m	
p	m	
p	m	
p	m	
p	m	
ɪ̆ a	i e	t ͡ j _ .
p	t͡s	_ ɪ
g	∅	
g	∅	
g	∅	
g	∅	
g	∅	
g	∅	
g	∅	
g	∅	
g	∅	
g	∅	
g	∅	
g	∅	
g	∅	
g	∅	
g	∅	
g	∅	
g	∅	
g	∅	
g	∅	
g	∅	
g	∅	
g	∅	
g	∅	
g	∅	
g	∅	
g	∅	
g	∅	
b	bʲ	# _
ᶑ	d	. _
ᶑ	d	. _
ᶑ	d	. _
i ̝ o	u u	
i ̝ o	u u	
u u	o u	
t	j	# _
ɪ̆ e	ɪ̆ ɛ	. ∅ _ ŋ .
q	x	# _
gʷ	k ʼʷ	
mʰ	m	
j	β	
j	∅	. _ y
a u	a e	
o ∅ d	w ɛ ɲ	
g r	t l	. _
oː	uː	_ .
i	u	w _
d	j	_ ɪ
d	j	_ ɪ
d	j	_ ɪ
d	j	_ ɪ
p	f	_ u
p	f	_ u
p	f	_ u
p	f	_ u
p	f	_ u
p	f	_ u
p	f	_ u
p	f	_ u
p	f	_ u
p	f	_ u
p	f	_ u
p	f	_ u
p	f	_ u
p	f	_ u
p	f	_ u
p	f	_ u
p	f	_ u
p	f	_ u
p	f	_ u
p	f	_ u
p	f	_ u
p	f	_ u
p	f	_ u
p	f	_ u
p	f	_ u
p	f	_ u
p	f	_ u
p	f	_ u
p	f	_ u
p	f	_ u
p	f	_ u
p	f	_ u
p	f	_ u
p	f	_ u
p	f	_ u
p	f	_ u
p	f	_ u
p	f	_ u
p	f	_ u
p	f	_ u
p	f	_ u
p	f	_ u
p	f	_ u
p	f	_ u
p	f	_ u
p	f	_ u
p	f	_ u
p	f	_ u
p	f	_ u
b	f	_ ʊ
b	f	_ ʊ
b	f	_ ʊ
b	f	_ ʊ
b	f	_ ʊ
b	f	_ ʊ
b	f	_ ʊ
b	f	_ ʊ
b	f	_ ʊ
b	f	_ ʊ
b	f	_ ʊ
b	f	_ ʊ
b	f	_ ʊ
b	f	_ ʊ
b	f	_ ʊ
b	f	_ ʊ
b	f	_ ʊ
b	f	_ ʊ
b	f	_ ʊ
b	f	_ ʊ
b	f	_ ʊ
b	f	_ ʊ
b	f	_ ʊ
u m	u ∅	
b ∅	b z	# _ i ̝
m l	m ∅	. _
m l	m ∅	. _
m l	m ∅	. _
m l	m ∅	. _
m l	m ∅	. _
m l	m ∅	. _
ʊ	u	
g	j	# _
t	t͡s	_ ü
t	t͡s	_ ü
t	t͡s	_ ü
ɪ̆ ɐ i	∅ ∅ i	. ∅ _ .
c	cˀ	# _
c	∅	_ #
t	ȹ	_ u
t	ȹ	_ u
t	ȹ	_ u
t	ȹ	_ u
t	ȹ	_ u
t	ȹ	_ u
t	ȹ	_ u
t	ȹ	_ u
t	r	_ ɪ
u d	i ɲ	
l	l ̠	
l	l ̠	
c	t ̠	
c	t ̠	
c	t ̠	
c	t ̠	
u ̝ o	m ̀	
b	d͡z	_ ü
g	ɣ	_ ʊ
o e	w ɛ	
xʷ	h	_ i
xʷ	h	_ i
kʰ r	h ∅	. _
kʰ r	h ∅	. _
kʰ r	h ∅	. _
g	k	# _ n
o u ̝	ɔ ɔ	
t	∅	_ ɪ
t	∅	_ ɪ
t	∅	_ ɪ
g	f	_ ʊ
g	f	_ ʊ
g	f	_ ʊ
g	f	_ ʊ
g	f	_ ʊ
g	f	_ ʊ
g	f	_ ʊ
g	f	_ ʊ
g	f	_ ʊ
g	f	_ ʊ
g	f	_ ʊ
g	f	_ ʊ
g	f	_ ʊ
g	f	_ ʊ
g	f	_ ʊ
g	f	_ ʊ
g	f	_ ʊ
g	f	_ ʊ
g	f	_ ʊ
g	f	_ ʊ
g	f	_ ʊ
t	t͡s	# _ i u ̝
d	ʃ	_ ɪ
z	ʐ	. _
e e	e u	
j	∅	e _ a
j	∅	e _ a
l	ɣ	. k _
z	sʰ	. _
s	tʲ	_ i
ɨ	u	_ o
t	v	_ u
b	m	_ u
b	m	_ u
i i	e e	
i i	e e	
i i	e e	
i i	e e	
i i	e e	
i i	e e	
i i	e e	
i i	e e	
i i	e e	
i i	e e	
i i	e e	
i i	e e	
i i	e e	
i i	e e	
i i	e e	
i i	e e	
i i	e e	
k	h	_ i
k	h	_ i
k	h	_ i
k	h	_ i
k	h	_ i
k	h	_ i
k	h	_ i
g	d͡z	# _
b	β	_ e
b	β	_ e
b	β	_ e
b	β	_ e
b	β	_ e
b	β	_ e
b	β	_ e
b	β	_ e
b	β	_ e
b	β	_ e
b	β	_ e
b	β	_ e
p	s	_ ü
p	s	_ ü
p	s	_ ü
p	s	_ ü
p	s	_ ü
p	s	_ ü
p	s	_ ü
p	s	_ ü
p	s	_ ü
p	s	_ ü
p	s	_ ü
p	s	_ ü
p	s	_ ü
p	s	_ ü
p	s	_ ü
p	s	_ ü
p	s	_ ü
p	s	_ ü
p	s	_ ü
p	s	_ ü
p	s	_ ü
p	s	_ ü
p	s	_ ü
p	s	_ ü
k	ʃ	_ ɪ
k	ʃ	_ ɪ
k	ʃ	_ ɪ
k	ʃ	_ ɪ
k	ʃ	_ ɪ
k	ʃ	_ ɪ
k	ʃ	_ ɪ
k	ʃ	_ ɪ
k	ʃ	_ ɪ
k	ʃ	_ ɪ
k	ʃ	_ ɪ
k	ʃ	_ ɪ
k	ʃ	_ ɪ
k	ʃ	_ ɪ
k	ʃ	_ ɪ
k	ʃ	_ ɪ
k	ʃ	_ ɪ
k	ʃ	_ ɪ
k	ʃ	_ ɪ
b	d͡z	_ i
e m	ɨ ∅	
e m	ɨ ∅	
k l	d ∅	. _
u ̝ o	∅ a	
g	gʲ	_ i
e e	a a	
o o	ɔ ∅	
e	ɛ	
e	ɛ	
e	ɛ	
e	ɛ	
e	ɛ	
e	ɛ	
t̠͡ʃ	t͡s	
g	t͡s	# _
g	t͡s	# _
b	f	_ u
b	f	_ u
b	f	_ u
b	f	_ u
b	f	_ u
b	f	_ u
b	f	_ u
b	f	_ u
b	f	_ u
b	f	_ u
b	f	_ u
b	f	_ u
b	f	_ u
b	f	_ u
b	f	_ u
b	f	_ u
b	f	_ u
b	f	_ u
b	f	_ u
b	f	_ u
b	f	_ u
b	f	_ u
b	f	_ u
k ∅	k f	# _ u ̝
t	nʰ	
t	nʰ	
t	nʰ	
t	nʰ	
t	nʰ	
t	nʰ	
t	nʰ	
t	nʰ	
t	nʰ	
t	nʰ	
t	nʰ	
t	nʰ	
p	b	_ i
p	b	_ i
p	b	_ i
p	b	_ i
c	ʃ	_ u
c	ʃ	_ u
c	ʃ	_ u
c	ʃ	_ u
k l	kʲ ∅	. _
k l	kʲ ∅	. _
k l	kʲ ∅	. _
ɟ	ɲ	# N _
ɟ	ɲ	# N _
ɟ	ɲ	# N _
ɟ	ɲ	# N _
ɟ	ɲ	# N _
ɟ	ɲ	# N _
a e	a ə	
a e	a ə	
a e	a ə	
a e	a ə	
c	θ	
c	θ	
c	θ	
c	θ	
c	θ	
c	θ	
c	θ	
c	θ	
c	θ	
c	θ	
c	θ	
c	θ	
c	θ	
c	θ	
c	θ	
c	θ	
u u	e a	
ɪ̆ u	∅ y	. ∅ _ ŋ .
θ	s	
θ	s	
θ	s	
θ	s	
θ	s	
θ	s	
θ	s	
o	u	
n	r	# _ i ̝
u i ̝	o i	
u i ̝	o i	
u i ̝	o i	
u i ̝	o i	
u i ̝	o i	
u i ̝	o i	
u i ̝	o i	
u i ̝	o i	
u i ̝	o i	
u i ̝	o i	
z	ɕ	
p t	pʰʲ ∅	. _
t	t ͡ r	N _
t	t ͡ r	N _
t	t ͡ r	N _
t	t ͡ r	N _
p	s	_ i
p	s	_ i
p	s	_ i
p	s	_ i
p	s	_ i
p	s	_ i
p	s	_ i
p	s	_ i
p	s	_ i
p	s	_ i
p	s	_ i
p	s	_ i
p	s	_ i
p	s	_ i
p	s	_ i
p	s	_ i
p	s	_ i
p	s	_ i
p	s	_ i
p	s	_ i
p	s	_ i
p	s	_ i
p	s	_ i
p	s	_ i
b	m	_ ʊ
b	m	_ ʊ
ɣ	x	
g	z	_ ʊ
g	z	_ ʊ
kʰ	t̠͡ʃʰʲ	. _ ŷ
kʰ	t̠͡ʃʰʲ	. _ ŷ
kʰ	t̠͡ʃʰʲ	. _ ŷ
kʰ	t̠͡ʃʰʲ	. _ ŷ
kʰ	t̠͡ʃʰʲ	. _ ŷ
kʰ	t̠͡ʃʰʲ	. _ ŷ
u d	e ɲ	
ɪ̆ aː u k ̚	ɪ̆ ɛ u ∅	. t ̠ʲ _ .
ɪ̆ aː u k ̚	ɪ̆ ɛ u ∅	. t ̠ʲ _ .
ɪ̆ aː u k ̚	ɪ̆ ɛ u ∅	. t ̠ʲ _ .
ɪ̆ aː u k ̚	ɪ̆ ɛ u ∅	. t ̠ʲ _ .
o i ̝	o i	
o i ̝	o i	
o i ̝	o i	
o i ̝	o i	
o i ̝	o i	
o i ̝	o i	
o i ̝	o i	
o i ̝	o i	
o i ̝	o i	
o i ̝	o i	
o i ̝	o i	
o i ̝	o i	
o i ̝	o i	
ʔ	ɣ	. _
k	h	_ u
k	h	_ u
k	h	_ u
k	h	_ u
ɟ	∅	# _
ɟ	∅	# _
ɟ	∅	# _
ɟ	∅	# _
ɟ	∅	# _
ɟ	∅	# _
ɟ	∅	# _
ɟ	∅	# _
ɟ	∅	# _
ɟ	∅	# _
p	h	# _
p t	pʰ ɐ	. _
g	t̠͡ʃ	# _ i e
g	t̠͡ʃ	# _ i e
b	v	_ e
b	v	_ e
b	v	_ e
b	v	_ e
b	v	_ e
b	v	_ e
b	v	_ e
b	v	_ e
ɟ	z	# N _
ɟ	z	# N _
ɟ	z	# N _
ɟ	z	# N _
o i ̝	ɔ ə	
ə	∅	b _ #
b	ʃ	_ ü
b	ʃ	_ ü
b	ʃ	_ ü
b	ʃ	_ ü
b	ʃ	_ ü
u m	ɨ ∅	n _
p	ɣ	_ ü
p	ȹ ͡ f	# _ u ̝
n	nʲ	# _ u ̝ ̝
d	r	# _ u i ̝
g	f	_ i
g	f	_ i
a a	ɛ ɛ	
t	d	# N _
c	t ̪ʰ	
c	t ̪ʰ	
c	t ̪ʰ	
c	t ̪ʰ	
c	t ̪ʰ	
c	t ̪ʰ	
c	t ̪ʰ	
c	t ̪ʰ	
k	kʲ	_ i
a	i	_ i
t ͡ r	t	
t ͡ r	t	
f	pʰ	
f	pʰ	
f	pʰ	
ɣ	hʰ	. _
k	s	_ i
k	s	_ i
k	s	_ i
k	s	_ i
k	s	_ i
k	s	_ i
k	s	_ i
k	s	_ i
k	s	_ i
k	s	_ i
k	s	_ i
k	s	_ i
k	s	_ i
k	s	_ i
k	s	_ i
k	s	_ i
k	s	_ i
k	s	_ i
k	s	_ i
k	s	_ i
k	s	_ i
k	s	_ i
k	s	_ i
k	s	_ i
k	s	_ i
k	s	_ i
k	s	_ i
k	s	_ i
k	s	_ i
k	s	_ i
k	s	_ i
k	s	_ i
k	s	_ i
k	s	_ i
k	s	_ i
k	s	_ i
k	s	_ i
k	s	_ i
k	s	_ i
k	s	_ i
k	s	_ i
k	s	_ i
k	s	_ i
k	s	_ i
k	s	_ i
k	s	_ i
k	s	_ i
k	s	_ i
k	s	_ i
k	s	_ i
k	s	_ i
k	s	_ i
k	s	_ i
k	s	_ i
k	s	_ i
k	s	_ i
k	s	_ i
k	s	_ i
k	s	_ i
k	s	_ i
k	s	_ i
k	s	_ i
k	s	_ i
k	s	_ i
k	s	_ i
k	s	_ i
k	s	_ i
k	s	_ i
k	s	_ i
k	s	_ i
k	s	_ i
k	s	_ i
k	s	_ i
k	s	_ i
k	s	_ i
k	s	_ i
k	s	_ i
k	s	_ i
k	s	_ i
k	s	_ i
k	s	_ i
k	s	_ i
i u	e o	
i u	e o	
i u	e o	
i u	e o	
b	ɡ͡b	# _ u o d
b	ɡ͡b	# _ u o d
d	c	_ ɪ
d	r	_ u
d	r	_ u
d	r	_ u
d	r	_ u
d	r	_ u
kʷ	k	
kʷ	k	
kʷ	k	
kʷ	k	
kʷ	k	
kʷ	k	
kʷ	k	
b	w	
b	w	
b	w	
b	w	
c	s	
c	s	
c	s	
c	s	
c	s	
c	s	
c	s	
c	s	
c	s	
c	s	
c	s	
c	s	
c	s	
c	s	
c	s	
c	s	
c	s	
c	s	
c	s	
c	s	
c	s	
c	s	
c	s	
c	s	
c	s	
c	s	
c	s	
c	s	
c	s	
c	s	
c	s	
c	s	
c	s	
c	s	
c	s	
c	s	
c	s	
c	s	
c	s	
c	s	
c	s	
c	s	
c	s	
c	s	
c	s	
c	s	
c	s	
c	s	
c	s	
c	s	
c	s	
c	s	
c	s	
c	s	
c	s	
c	s	
c	s	
c	s	
c	s	
c	s	
c	s	
c	s	
c	s	
c	s	
c	s	
c	s	
c	s	
c	s	
c	s	
c	s	
c	s	
c	s	
c	s	
c	s	
c	s	
c	s	
c	s	
c	s	
c	s	
c	s	
c	s	
c	s	
c	s	
c	s	
c	s	
c	s	
c	s	
c	s	
c	s	
c	s	
c	s	
c	s	
c	s	
c	s	
c	s	
c	s	
c	s	
c	s	
c	s	
c	s	
c	s	
c	s	
c	s	
c	s	
c	s	
c	s	
c	s	
c	s	
c	s	
c	s	
c	s	
c	s	
c	s	
c	s	
d	ʃ	_ ü
i o	ə a	
c	ʃ	# _ u ̝ d
c	ʃ	# _ u ̝ d
k	x	_ #
o o	ɔ a	
o o	ɔ a	
kʰ r	∅ r	. _
i	u	m _
i	u	m _
d	d ̠	_ i
d	d ̠	_ i
d	d ̠	_ i
ɔ	œ	
t	∅	_ i
t	∅	_ i
t	∅	_ i
d	d͡z	
u ̝ a	u ə	
u ̝ a	u ə	
u ̝ a	u ə	
a e	ɛ i	
m r	p ∅	. _
d	z	_ i ̝
d	z	_ i ̝
d	z	_ i ̝
d	z	_ i ̝
d	z	_ i ̝
d	z	_ i ̝
d	z	_ i ̝
d	z	_ i ̝
d	z	_ i ̝
d	z	_ i ̝
d	z	_ i ̝
d	z	_ i ̝
d	z	_ i ̝
d	z	_ i ̝
d	z	_ i ̝
d	z	_ i ̝
d	z	_ i ̝
d	z	_ i ̝
d	z	_ i ̝
d	z	_ i ̝
d	z	_ i ̝
d	z	_ i ̝
d	z	_ i ̝
d	z	_ i ̝
d	z	_ i ̝
d	z	_ i ̝
d	z	_ i ̝
d	z	_ i ̝
u ̝ u ̝	u e	
ɟ	j	
ɟ	j	
ɟ	j	
ɟ	j	
ɟ	j	
u u	o i	
o i ̝	ɔ ɛ	
o i ̝	ɔ ɛ	
u ə	u ∅	. ∅ _ ŋ .
ɪ̆ aː u k ̚	ɪ̆ ɛ u ∅	. ɕ ̠ʲ _ .
z	s ʼ	
g	s	_ ʊ
p	w	# _
p	w	# _
ʃ	y	
ʃ	y	
ʃ	y	
a u	a i	
a u	a i	
a u	a i	
a u	a i	
a u	a i	
k	d͡z	# n _ u ̝
c	s	_ u
c	s	_ u
c	s	_ u
c	s	_ u
c	s	_ u
c	s	_ u
c	s	_ u
c	s	_ u
c	s	# n _
ᶑ	l	. _
k	t͡s	_ ɪ
k	t͡s	_ ɪ
k	t͡s	_ ɪ
k	t͡s	_ ɪ
k	t͡s	_ ɪ
k	t͡s	_ ɪ
k	t͡s	_ ɪ
k	t͡s	_ ɪ
k	s	_ ɪ
k	s	_ ɪ
k	s	_ ɪ
k	s	_ ɪ
k	s	_ ɪ
k	s	_ ɪ
k	s	_ ɪ
k	s	_ ɪ
k	s	_ ɪ
k	s	_ ɪ
k	s	_ ɪ
k	s	_ ɪ
k	s	_ ɪ
k	s	_ ɪ
k	s	_ ɪ
k	s	_ ɪ
k	s	_ ɪ
k	s	_ ɪ
k	s	_ ɪ
k	s	_ ɪ
k	s	_ ɪ
k	s	_ ɪ
k	s	_ ɪ
k	s	_ ɪ
k	s	_ ɪ
k	s	_ ɪ
k	s	_ ɪ
k	s	_ ɪ
k	s	_ ɪ
k	s	_ ɪ
k	s	_ ɪ
k	s	_ ɪ
k	s	_ ɪ
k	s	_ ɪ
k	s	_ ɪ
k	s	_ ɪ
k	s	_ ɪ
k	s	_ ɪ
k	s	_ ɪ
k	s	_ ɪ
k	s	_ ɪ
k	s	_ ɪ
k	s	_ ɪ
k	s	_ ɪ
k	s	_ ɪ
k	s	_ ɪ
k	s	_ ɪ
k	s	_ ɪ
k	s	_ ɪ
k	s	_ ɪ
k	s	_ ɪ
k	s	_ ɪ
k	s	_ ɪ
k	s	_ ɪ
k	s	_ ɪ
k	s	_ ɪ
k	s	_ ɪ
k	s	_ ɪ
k	s	_ ɪ
k	s	_ ɪ
k	s	_ ɪ
k	s	_ ɪ
k	s	_ ɪ
k	s	_ ɪ
k	s	_ ɪ
k	s	_ ɪ
k	s	_ ɪ
k	s	_ ɪ
k	s	_ ɪ
k	s	_ ɪ
k	s	_ ɪ
k	s	_ ɪ
k	s	_ ɪ
k	s	_ ɪ
k	s	_ ɪ
k	s	_ ɪ
k	s	_ ɪ
k	s	_ ɪ
k	s	_ ɪ
k	s	_ ɪ
k	s	_ ɪ
k	s	_ ɪ
o e	ɔ	
o e	ɔ	
o e	ɔ	
c	f	_ ʊ
c	f	_ ʊ
c	f	_ ʊ
c	f	_ ʊ
c	f	_ ʊ
c	f	_ ʊ
c	f	_ ʊ
c	f	_ ʊ
c	f	_ ʊ
c	f	_ ʊ
c	f	_ ʊ
c	f	_ ʊ
c	f	_ ʊ
c	f	_ ʊ
c	f	_ ʊ
c	f	_ ʊ
o	ɛ	
pʰ r	pʲ ∅	. _
w	b	Ṽ b _
w	b	Ṽ b _
ɟ	ʃ	. _
ɟ	ʃ	. _
ɟ	ʃ	. _
p	pʰ	
p	pʰ	
p	pʰ	
p	pʰ	
p	pʰ	
p	pʰ	
p	pʰ	
p	pʰ	
p	pʰ	
p	pʰ	
p	pʰ	
p	pʰ	
p	pʰ	
p	pʰ	
p	pʰ	
p	pʰ	
p	pʰ	
p	pʰ	
p	pʰ	
p	pʰ	
p	pʰ	
p	pʰ	
p	pʰ	
p	pʰ	
p	pʰ	
p	pʰ	
p	pʰ	
p	pʰ	
p	pʰ	
p	pʰ	
p	pʰ	
p	pʰ	
p	pʰ	
p	pʰ	
p	pʰ	
p	pʰ	
p	pʰ	
p	pʰ	
p	pʰ	
p	pʰ	
p	pʰ	
p	pʰ	
p	pʰ	
p	pʰ	
t͡sʰ	t̠͡ʃʰʲ	
k	kʰ	
k	kʰ	
k	kʰ	
k	kʰ	
k	kʰ	
k	kʰ	
k	kʰ	
k	kʰ	
k	kʰ	
k	kʰ	
k	kʰ	
k	kʰ	
k	kʰ	
k	kʰ	
k	kʰ	
k	kʰ	
k	kʰ	
k	kʰ	
k	kʰ	
k	kʰ	
k	kʰ	
k	kʰ	
k	kʰ	
k	kʰ	
k	kʰ	
k	kʰ	
k	kʰ	
k	kʰ	
k	kʰ	
k	kʰ	
k	kʰ	
k	kʰ	
k	kʰ	
k	kʰ	
k	kʰ	
k	kʰ	
k	kʰ	
k	kʰ	
k	kʰ	
k	kʰ	
k	kʰ	
k	kʰ	
r	∅	_ .
ŋ	n	. _ ĭ
e e	ɛ e	
e e	ɛ e	
k	t͡s	_ ü
k	t͡s	_ ü
k	t͡s	_ ü
k	t͡s	_ ü
k	t͡s	_ ü
k	t͡s	_ ü
k	t͡s	_ ü
k	t͡s	_ ü
o a	o u	
b	v	_ u ̝
b	v	_ u ̝
b	v	_ u ̝
b	v	_ u ̝
b	v	_ u ̝
b	v	_ u ̝
b	v	_ u ̝
b	v	_ u ̝
b	v	_ u ̝
b	v	_ u ̝
b	v	_ u ̝
b	v	_ u ̝
b	v	_ u ̝
b	v	_ u ̝
b	v	_ u ̝
b	v	_ u ̝
b	v	_ u ̝
b	v	_ u ̝
b	v	_ u ̝
b	v	_ u ̝
b	v	_ u ̝
b	v	_ u ̝
b	v	_ u ̝
b	v	_ u ̝
b	v	_ u ̝
b	v	_ u ̝
b	v	_ u ̝
b	v	_ u ̝
b	v	_ u ̝
b	v	_ u ̝
b	v	_ u ̝
u ̝ d	i ∅	
b	v	_ ɛ
b	v	_ ɛ
b	v	_ ɛ
b	v	_ ɛ
b	v	_ ɛ
b	v	_ ɛ
b	v	_ ɛ
b	v	_ ɛ
o a	o o	
o a	o o	
u	ɨ	_ e
u	ɨ	_ e
e ə	ə	
o	a	
i e i	∅ ∅ i	. ∅ _ .
nʲ	ɲ	# _
nʲ	ɲ	# _
nʲ	ɲ	# _
nʲ	ɲ	# _
nʲ	ɲ	# _
nʲ	ɲ	# _
nʲ	ɲ	# _
nʲ	ɲ	# _
l	r	. _
o	u	. ∅ _ ŋ .
k	s	# _
k	s	# _
k	s	# _
k	s	# _
s	h	
s	h	
s	h	
s	h	
s	h	
s	h	
s	h	
s	h	
s	h	
s	h	
d	j	# _
d	j	# _
d	j	# _
d	j	# _
d	j	# _
d	j	# _
d	j	# _
d	j	# _
d	j	# _
p	f	_ ü
p	f	_ ü
p	f	_ ü
p	f	_ ü
p	f	_ ü
p	f	_ ü
p	f	_ ü
p	f	_ ü
p	f	_ ü
p	f	_ ü
p	f	_ ü
p	f	_ ü
p	f	_ ü
p	f	_ ü
p	f	_ ü
p	f	_ ü
p	f	_ ü
p	f	_ ü
p	f	_ ü
p	f	_ ü
p	f	_ ü
p	f	_ ü
p	f	_ ü
p	f	_ ü
p	f	_ ü
p	f	_ ü
p	f	_ ü
p	f	_ ü
p	f	_ ü
p	f	_ ü
p	f	_ ü
p	f	_ ü
p	f	_ ü
p	f	_ ü
p	f	_ ü
p	f	_ ü
p	f	_ ü
p	f	_ ü
p	f	_ ü
p	f	_ ü
p	f	_ ü
p	f	_ ü
p	f	_ ü
p	f	_ ü
p	f	_ ü
p	f	_ ü
o i ̝	a i	
g	j	_ ʊ
g	j	_ ʊ
g	j	_ ʊ
g	j	_ ʊ
g	j	_ ʊ
a i	a	
a i	a	
a i	a	
a i	a	
a i	a	
a i	a	
ɲ	j	. _
ɲ	j	. _
ɲ	j	. _
ɲ	j	. _
i i	e	
i i	e	
i i	e	
i i	e	
i i	e	
i i	e	
i i	e	
i i	e	
i i	e	
i i	e	
ɪ̆ aː u k ̚	ɪ̆ ɛ u ∅	. OR ̠ʲ _ .
ɪ̆ aː u k ̚	ɪ̆ ɛ u ∅	. OR ̠ʲ _ .
i i	e i	
i i	e i	
i i	e i	
i i	e i	
i i	e i	
i ̝ i ̝	i i	
i ̝ i ̝	i i	
i ̝ i ̝	i i	
i ̝ i ̝	i i	
i ̝ i ̝	i i	
i ̝ i ̝	i i	
i ̝ i ̝	i i	
i ̝ i ̝	i i	
i ̝ i ̝	i i	
i ̝ i ̝	i i	
i ̝ i ̝	i i	
i ̝ i ̝	i i	
i ̝ i ̝	i i	
i ̝ i ̝	i i	
i ̝ i ̝	i i	
i ̝ i ̝	i i	
i ̝ i ̝	i i	
i ̝ i ̝	i i	
i ̝ i ̝	i i	
w	h	_ o
w	h	_ o
u e	ʊ	
t n	∅ n	. _
t n	∅ n	. _
t n	∅ n	. _
t n	∅ n	. _
n	ñ	
n	ñ	
b	∅	_ a
b	∅	_ a
b	∅	_ a
b	∅	_ a
j	d	_ i
t	t ̠	_ ɪ
i a	e ɔ	
o ∅ d	ɥ e ɲ	
o ∅ d	ɥ e ɲ	
u ∅ d	ɥ i ɲ	
u ∅ d	ɥ i ɲ	
u ∅ d	ɥ i ɲ	
u ∅ d	ɥ i ɲ	
u ∅ d	ɥ i ɲ	
u ∅ d	ɥ i ɲ	
k t	l ∅	. _
g	d̠͡ʒ	_ i
g	d̠͡ʒ	_ i
n	nʲ	# _ i ̝
n	nʲ	# _ i ̝
n	nʲ	# _ i ̝
n	nʲ	# _ i ̝
n	nʲ	# _ i ̝
n	nʲ	# _ i ̝
a i ̝	ɛ i	
b	z	_ i
b	z	_ i
b	z	_ i
b	z	_ i
b	z	_ i
b	z	_ i
b	z	_ i
b	z	_ i
b	z	_ i
b	z	_ i
b	z	_ i
b	z	_ i
b	z	_ i
d	d͡z	_ i ̝
d	d͡z	_ i ̝
d	d͡z	_ i ̝
d	d͡z	_ i ̝
b	ɓ	_ o
a u ̝	ɛ	
a u ̝	ɛ	
ɗ	j	_ e
ɗ	j	_ e
ɗ	j	_ e
ɗ	j	_ e
b r	p ∅	. _
ɪ̆ a	i e	t͡s _ .
tʰ	ɕ	_ i
u ̝	u	
u ̝	u	
u ̝	u	
u ̝	u	
u ̝	u	
u ̝	u	
u ̝	u	
u ̝	u	
o	a	_ a
o	a	_ a
i a	e ɛ	
y	w	
o	∅	u _
t	nˀ	_ .
t	nˀ	_ .
t̠͡ʃ	s	
t̠͡ʃ	s	
t̠͡ʃ	s	
i e m	i a n	. ∅ _ .
d̠͡ʒ	s	
d̠͡ʒ	s	
o a	u a	
g	s	# _
c	s	_ ü
c	s	_ ü
c	s	_ ü
c	s	_ ü
c	s	_ ü
c	s	_ ü
c	s	_ ü
c	s	_ ü
c	s	_ ü
c	s	_ ü
c	s	_ ü
c	s	_ ü
c	s	_ ü
c	s	_ ü
c	s	_ ü
c	s	_ ü
c	s	_ ü
c	s	_ ü
c	s	_ ü
c	s	_ ü
c	s	_ ü
c	s	_ ü
c	s	_ ü
c	s	_ ü
c	s	_ ü
c	s	_ ü
c	s	_ ü
c	s	_ ü
c	s	_ ü
c	s	_ ü
c	s	_ ü
c	s	_ ü
c	s	_ ü
ɗ	j	_ o
ɗ	j	_ o
ɗ	j	_ o
ɗ	j	_ o
ɗ	j	_ o
ɗ	j	_ o
ɗ	j	_ o
ɗ	j	_ o
ɗ	j	_ o
ɗ	j	_ o
e i ̝	e i	
e i ̝	e i	
e i ̝	e i	
e i ̝	e i	
e i ̝	e i	
e i ̝	e i	
o o	o ɔ	
o o	o ɔ	
kʰ l	cʰ ∅	. _
ŋ	h	. _
ŋ	h	. _
ŋ	h	. _
ŋ	h	. _
ŋ	h	. _
ŋ	h	. _
ŋ	h	. _
ŋ	h	. _
ŋ	h	. _
ŋ	h	. _
ŋ	h	. _
ŋ	h	. _
t	ṛ	_ u
p t	∅ r	. _
ĕ	æ	. ∅ _ k ̚ .
g	ȹ	_ ʊ
g	ȹ	_ ʊ
g	ȹ	_ ʊ
e ŏ	∅ ɔ	. ∅ _ k ̚ .
s	ɬ	. _
s	ɬ	. _
s	ɬ	. _
o u ̝	ɔ u	
o u ̝	ɔ u	
o u ̝	ɔ u	
o u ̝	ɔ u	
o u ̝	ɔ u	
o u ̝	ɔ u	
o u ̝	ɔ u	
o u ̝	ɔ u	
o u ̝	ɔ u	
j	t̠͡ʃ	
c	d ̠	
c	d ̠	
e	a	w _
e	a	w _
e	a	w _
e a	∅ æ	. t ͡ʰ _ n .
a	e	j _
p d	∅ p	. _
k	∅	_ u
k	∅	_ u
k	∅	_ u
k	∅	_ i
k	∅	_ i
k	∅	_ i
k	∅	_ i
k	∅	_ i
k	∅	_ i
t	t̠͡ʃ	N _
t	t̠͡ʃ	N _
t	t̠͡ʃ	N _
b	m	# _
b	m	# _
b	m	# _
b	m	# _
b	m	# _
b	m	# _
b	m	# _
b	m	# _
b	m	# _
b	m	# _
b	m	# _
b	m	# _
b	m	# _
b	m	# _
b	m	# _
b	m	# _
b	m	# _
b	m	# _
d	l	_ ʊ
d	l	_ ʊ
d	l	_ ʊ
d	l	_ ʊ
d	l	_ ʊ
d	l	_ ʊ
d	l	_ ʊ
d	l	_ ʊ
u i	o ə	
u i	o ə	
b	z	_ ʊ
b	z	_ ʊ
kʰ m	∅ m	. _
kʰ m	∅ m	. _
ɣ	hʷ	. _
d͡z	sʰ	. _
kʷ l	kʰ ∅	. _
kʷ l	kʰ ∅	. _
k	ʃ	_ i ̝
k	ʃ	_ i ̝
k	ʃ	_ i ̝
k	ʃ	_ i ̝
k	ʃ	_ i ̝
k	ʃ	_ i ̝
k	ʃ	_ i ̝
o d	ɛ ɲ	
j	y	
j	y	
j	y	
j	y	
j	y	
j	y	
j	y	
b	∅	_ ʊ
b	∅	_ ʊ
b	∅	_ ʊ
b	∅	_ ʊ
b	∅	_ ʊ
k	v	_ u
k	v	_ u
t	ȹ	_ ʊ
t	ȹ	_ ʊ
t	ȹ	_ ʊ
t	ȹ	_ ʊ
t	ȹ	_ ʊ
t	ȹ	_ ʊ
t	ȹ	_ ʊ
t	ȹ	_ ʊ
a u	a	
a u	a	
a u	a	
a u	a	
a u	a	
a u	a	
a u	a	
a u	a	
w æ	u ∅	. ∅ _ ŋ .
j	∅	. _ i
m	ḿ	
m	ḿ	
m	ḿ	
r	∅	. pʰ _
r	∅	. pʰ _
r	∅	. pʰ _
j	d ̠	_ i
l	∅	. p _
l	∅	. p _
l	∅	. p _
l	∅	. p _
l	∅	. p _
g r	∅ l	. _
ɣ	∅	. _ u
u ∅	u e	_ #
a ∅	ɨ e	_ #
u m	ɨ ∅	
u m	ɨ ∅	
l	ð	. _
o o	o	
o o	o	
o o	o	
o o	o	
o o	o	
o o	o	
o o	o	
o o	o	
o o	o	
o o	o	
o o	o	
o o	o	
o o	o	
o o	o	
o o	o	
o o	o	
d	l	_ #
g	ɡ͡bʷ	# n _ u ̝
j	h	
t	h		_ ü
t	h	_ ü
t	h	_ ü
t	h	_ ü
kʰ r	kʰ ∅	. _
kʰ r	kʰ ∅	. _
kʰ r	kʰ ∅	. _
kʰ r	kʰ ∅	. _
kʰ r	kʰ ∅	. _
c	s	_ ɪ
c	s	_ ɪ
c	s	_ ɪ
c	s	_ ɪ
c	s	_ ɪ
c	s	_ ɪ
c	s	_ ɪ
c	s	_ ɪ
c	s	_ ɪ
c	s	_ ɪ
c	s	_ ɪ
c	s	_ ɪ
c	s	_ ɪ
c	s	_ ɪ
c	s	_ ɪ
c	s	_ ɪ
c	s	_ ɪ
c	s	_ ɪ
c	s	_ ɪ
c	s	_ ɪ
c	s	_ ɪ
c	s	_ ɪ
c	s	_ ɪ
c	s	_ ɪ
c	s	_ ɪ
c	s	_ ɪ
c	s	_ ɪ
c	s	_ ɪ
c	s	_ ɪ
c	s	_ ɪ
c	s	_ ɪ
c	s	_ ɪ
c	s	_ ɪ
ɟ	z	# _ n
g	z	_ u
g	z	_ u
u i	o i	
u i	o i	
t	t̠͡ʃ	# _ i ̝
t	t̠͡ʃ	# _ i ̝
t	t̠͡ʃ	# _ i ̝
i	ɨ	w _
i	ɨ	w _
x	ʒ	_ a ʔ
p	f	_ i
p	f	_ i
p	f	_ i
p	f	_ i
p	f	_ i
p	f	_ i
p	f	_ i
p	f	_ i
p	f	_ i
p	f	_ i
p	f	_ i
p	f	_ i
p	f	_ i
p	f	_ i
p	f	_ i
p	f	_ i
p	f	_ i
p	f	_ i
p	f	_ i
p	f	_ i
p	f	_ i
p	f	_ i
p	f	_ i
p	f	_ i
p	f	_ i
p	f	_ i
p	f	_ i
p	f	_ i
p	f	_ i
p	f	_ i
p	f	_ i
p	f	_ i
p	f	_ i
p	f	_ i
p	f	_ i
p	f	_ i
p	f	_ i
p	f	_ i
p	f	_ i
p	f	_ i
p	f	_ i
p	f	_ i
p	f	_ i
p	f	_ i
p	f	_ i
p	f	_ i
∅ ĕ	ɪ̆ e	. t ͡ʰ _ t ̚ .
x r	l ∅	. _
k	gʰ	
k	gʰ	
k	gʰ	
k	gʰ	
k	gʰ	
k	gʰ	
k	gʰ	
k	gʰ	
k	gʰ	
k	gʰ	
k	gʰ	
g	∅	_ ɪ
u ̝	y	_ d
ɪ̆ e i	∅ ∅ i	. ∅ _ .
b	ɡ͡b	# _
b	ɡ͡b	# _
b	ɡ͡b	# _
b	ɡ͡b	# _
b	ɡ͡b	# _
b	ɡ͡b	# _
b	ɡ͡b	# _
ɕ	ʂ	
ɪ	a	
d	l	# _
d	l	# _
d	l	# _
d	l	# _
d	l	# _
d	l	# _
d	l	# _
d	l	# _
d	l	# _
d	l	# _
d	l	# _
d	l	# _
d	l	# _
d	l	# _
d	l	# _
d	l	# _
d	l	# _
d	l	# _
d	l	# _
d	l	# _
d	l	# _
d	l	# _
d	l	# _
d	l	# _
d	l	# _
d	l	# _
d	l	# _
d	l	# _
d	l	# _
d	l	# _
d	l	# _
d	l	# _
d	l	# _
d	l	# _
d	l	# _
d	l	# _
d	l	# _
d	l	# _
d	l	# _
d	l	# _
d	l	# _
d	l	# _
d	l	# _
d	l	# _
d	l	# _
d	l	# _
d	l	# _
d	l	# _
d	l	# _
d	l	# _
d	l	# _
d	l	# _
d	l	# _
d	l	# _
d	l	# _
d	l	# _
d	l	# _
d	l	# _
d̠͡ʒ	z	
d̠͡ʒ	z	
d̠͡ʒ	z	
d̠͡ʒ	z	
d̠͡ʒ	z	
d̠͡ʒ	z	
d̠͡ʒ	z	
d̠͡ʒ	z	
i a	ɛ a	
z	j	. _
ɗ	n	. _
pʰ r	p l	. _
pʰ r	p l	. _
w a t ̚	u a ∅	. ∅ _ .
d	c	_ ü
j	∅	. _ u
t	t͡s	# _ i ̝
t	t͡s	# _ i ̝
t	t͡s	# _ i ̝
t	t͡s	# _ i ̝
t	t͡s	# _ i ̝
t	t͡s	# _ i ̝
t	t͡s	# _ i ̝
b	β	_ u
b	β	_ u
b	β	_ u
b	β	_ u
kʰ l	kʰ w	. _
g	x	_ i
t	t̠͡ʃ	# _
a	ɛː	
a	ɛː	
a	ɛː	
a	ɛː	
m r	pʰ ∅	. _
m r	pʰ ∅	. _
t ́	t	
j	z	_ i
j	z	_ i
j	z	_ i
j	z	_ i
j	z	_ i
j	z	_ i
j	z	_ i
j	z	_ i
j	z	_ i
j	z	_ i
t	c	_ ɪ
p	ɸ	_ ʊ
k	n	# _
k	n	# _
k	n	# _
k	n	# _
t	r	# _
t	r	# _
t	r	# _
t	r	# _
t	r	# _
t	r	# _
t	r	# _
t	r	# _
t	r	# _
t	r	# _
t	r	# _
t	r	# _
t	r	# _
t	r	# _
t	r	# _
t	r	# _
t	r	# _
t	r	# _
t	r	# _
t	r	# _
t	r	# _
p	f	. _ ɪ̆ ɪ̆ u
i ̝ u ̝	u u	
d	j	_ ü
d	j	_ ü
d	j	_ ü
d	j	_ ü
u ̝ i ̝	ɥ i	
u ̝ i ̝	ɥ i	
u ̝ i ̝	ɥ i	
u ̝ i ̝	ɥ i	
c	ʃ	_ ʊ
c	ʃ	_ ʊ
c	ʃ	_ ʊ
c	ʃ	_ ʊ
u a	o o	
i ̝ o	i a	
i ̝ o	i a	
i ̝ o	i a	
t	t͡s	_ i
t	t͡s	_ i
t	t͡s	_ i
d	l	_ ü
d	l	_ ü
d	l	_ ü
d	l	_ ü
d	l	_ ü
d	l	_ ü
d	l	_ ü
a	u	_ w e
b	vʷ	_ ɔ
t	r	_ ʊ
k	kʰ	. _
k	kʰ	. _
k	kʰ	. _
nʲ	n	# _
d	ʒ	_ ʊ
d	ʒ	_ ʊ
b ∅	b z	# _ u ̝
a u ̝	a	
a u ̝	a	
a u ̝	a	
a u ̝	a	
e o	e u	
e o	e u	
e o	e u	
e o	e u	
o a	ɔ a	
o a	ɔ a	
o a	ɔ a	
o a	ɔ a	
o a	ɔ a	
k s	kʰ ɣ	. _
k s	kʰ ɣ	. _
g	ɣʷ	# _
a u	ɔ i	
u ̝ u ̝	ɥ i	
u ̝ u ̝	ɥ i	
u ̝ u ̝	ɥ i	
u ̝ u ̝	ɥ i	
u ̝ u ̝	ɥ i	
u ̝ u ̝	ɥ i	
b	v	_ u
b	v	_ u
b	v	_ u
b	v	_ u
b	v	_ u
b	v	_ u
b	v	_ u
b	v	_ u
b	v	_ u
b	v	_ u
b	v	_ u
b	v	_ u
b	v	_ u
b	v	_ u
b	v	_ u
b	v	_ u
b	v	_ u
b	v	_ u
b	v	_ u
b	v	_ u
b	v	_ u
b	v	_ u
b	v	_ u
b	v	_ u
b	v	_ u
b	v	_ u
b	v	_ u
b	v	_ u
b	v	_ u
b	v	_ u
b	v	_ u
b	v	_ u
b	v	_ u
b	v	_ u
b	v	_ u
b	v	_ u
b	v	_ u
b	v	_ u
b	v	_ u
b	v	_ u
b	v	_ u
b	v	_ u
b	v	_ u
b	v	_ u
b	v	_ u
b	v	_ u
b	v	_ u
b	v	_ u
b	v	_ u
g	f	_ ɪ
g	f	_ ɪ
z	θ	. _
o a	ɔ ɔ	
o a	ɔ ɔ	
o a	ɔ ɔ	
o a	ɔ ɔ	
o a	ɔ ɔ	
o a	ɔ ɔ	
o a	ɔ ɔ	
o a	ɔ ɔ	
o a	ɔ ɔ	
o a	ɔ ɔ	
o a	ɔ ɔ	
o a	ɔ ɔ	
o a	ɔ ɔ	
o a	ɔ ɔ	
o a	ɔ ɔ	
j	z	# _
j	z	# _
o i ̝	w a	
o i ̝	w a	
o i ̝	w a	
o i ̝	w a	
o i ̝	w a	
a	e	_ i
a	e	_ i
x	h	_ a
e i ̝	e	
e i ̝	e	
qˀ	k	# _
qˀ	k	# _
qˀ	k	# _
e	ə	
e	ə	
e	ə	
e	ə	
e	ə	
e	ə	
e	ə	
e	ə	
t	∅	_ u
t	∅	_ u
t	∅	_ u
ɟ	s	# _
n	r	
i e n	i a n	. ∅ _ .
c	h	_ ɪ
i u	i o	
g	ŋ	_ #
g	ŋ	_ #
g	ŋ	_ #
g	ŋ	_ #
k s	∅ s	. _
a u ̝	o i	
xʷ	gʷ	
ʃ	h	
b	j	# _
e	∅	_ a
e	∅	_ a
ɣ	ɕ	
p	s	_ u
p	s	_ u
p	s	_ u
p	s	_ u
c	ɣ	# _
∅ ĕ	ɪ̆ e	. t ͡ ͡ _ t ̚ .
∅ ĕ	ɪ̆ e	. t ͡ ͡ _ t ̚ .
u i ̝	ɔ	
u i ̝	ɔ	
p	j	# _
p	j	# _
p	j	# _
u ə̆	u ə	. ∅ _ t ̚ .
u	oː	
u	oː	
u	oː	
u	oː	
u	oː	
u	oː	
u	oː	
b	m	
ɪ̆ ə	i ∅	. ∅ _ n .
i	∅	a _
o i ̝	ɔ i	
o i ̝	ɔ i	
o i ̝	ɔ i	
o i ̝	ɔ i	
o i ̝	ɔ i	
o i ̝	ɔ i	
o i ̝	ɔ i	
o i ̝	ɔ i	
o i ̝	ɔ i	
t	h	N _
t	h	N _
t	h	N _
t	h	N _
t	h	N _
t	h	N _
t	h	N _
t	h	N _
t	h	N _
t	h	N _
t	h	N _
∅	w	u _
∅	w	u _
o u ̝	ɔ	
o u ̝	ɔ	
o u ̝	ɔ	
o u ̝	ɔ	
o u ̝	ɔ	
o u ̝	ɔ	
o u ̝	ɔ	
g	m	# _
u ə i	u ɒ i	. ∅ _ .
a i ̝	aː ∅ ∅	
g	d ͡ r	_ i
u ∅ d	ɥ i ∅	
k	z	_ ɪ
k	z	_ ɪ
k	z	_ ɪ
k	z	_ ɪ
k	z	_ ɪ
qˀ	g	# _
qˀ	g	# _
g	k	
g	k	
g	k	
g	k	
g	k	
g	k	
g	k	
g	k	
g	k	
g	k	
xʷ	k	_ i
d̠͡ʒ	h	
g	ʒ	_ ʊ
g	ʒ	_ ʊ
p	ɸ	_ ɪ
b	dʰ	_ ɪ
b	dʰ	_ ɪ
ɲ	nʲ	. _
ɲ	nʲ	. _
ɲ	nʲ	. _
ɲ	nʲ	. _
ɲ	nʲ	. _
ɲ	nʲ	. _
ɲ	nʲ	. _
ɲ	nʲ	. _
ɲ	nʲ	. _
ɲ	nʲ	. _
ɲ	nʲ	. _
d	lʲ	# _
a	ɛ	
a	ɛ	
a	ɛ	
dʰ	d ̠ʰʲ	. _ ɪ̆
e a	ɛ ɛ	
e a	ɛ ɛ	
e a	ɛ ɛ	
e a	ɛ ɛ	
e a	ɛ ɛ	
e a	ɛ ɛ	
e a	ɛ ɛ	
e a	ɛ ɛ	
e a	ɛ ɛ	
e a	ɛ ɛ	
n	∅	# _ i ̝
n	∅	# _ i ̝
n	∅	# _ i ̝
n	∅	# _ i ̝
n	∅	# _ i ̝
d	r	_ ʊ
d	r	_ ʊ
d	r	_ ʊ
d	r	_ ʊ
d	r	_ ʊ
ɟ	d͡z ˞	. _
i	∅	ɨ _
ɪ̆ aː u k ̚	ɪ̆ ɛ u ∅	. n ̠ʲ _ .
ɪ̆ aː u k ̚	ɪ̆ ɛ u ∅	. n ̠ʲ _ .
c	n	
g	ɣ	_ u
u a	ɔ	
u a	ɔ	
u a	ɔ	
g	z	# _
g	z	# _
g	z	# _
s	θ	. _
p	g	
p	g	
p	g	
x a m	k u ∅	
a m	i ∅	w _
i o	ə	
i o	ə	
i o	ə	
i o	ə	
i o	ə	
i o	ə	
i o	ə	
i o	ə	
u i	u ə	
u i	u ə	
d	z	# _ u ̝
e aː t ̚	æ i ∅	. ̠ _ .
t	d	
t	d	
t	d	
t	d	
t	d	
t	d	
t	d	
t	d	
t	d	
t	d	
t	d	
t	d	
t	d	
t	d	
t	d	
t	d	
t	d	
t	d	
t	d	
t	d	
t	d	
t	d	
t	d	
t	d	
t	d	
t	d	
t	d	
t	d	
t	d	
t	d	
t	d	
t	d	
kʰ	tʰ	. _ r
b	β	_ ɔ
b	β	_ ɔ
b	β	_ ɔ
b	β	_ ɔ
b	β	_ ɔ
b	β	_ ɔ
b	β	_ ɔ
b	β	_ ɔ
b	β	_ ɔ
b	β	_ ɔ
b	β	_ ɔ
r	ɣ	. _
r	ɣ	. _
r	ɣ	. _
r	ɣ	. _
ʒ	y	
ʒ	y	
ʒ	y	
ʒ	y	
ʒ	y	
g r	kʰ ∅	. _
i ̝ u ̝	i	
i ̝ u ̝	i	
i ̝ u ̝	i	
i ̝ u ̝	i	
oː	o	
p	nˀ	_ .
d	d̠͡ʒ	# _ i ̝
d	d̠͡ʒ	# _ i ̝
d	d̠͡ʒ	# _ i ̝
d	d̠͡ʒ	# _ i ̝
k	p	_ u
gʲ	g	. _
i ̝ u ̝	i u	
u u	o ɛ	
u u	o ɛ	
p	m	. _ n
p	m	. _ n
p	m	. _ n
p	m	. _ n
u u	o o	
u u	o o	
u u	o o	
u u	o o	
u u	o o	
u u	o o	
u u	o o	
u u	o o	
u u	o o	
p	β	
p	β	
p	β	
p	β	
p	β	
p	β	
p	β	
k	z	_ ü
k	z	_ ü
k	z	_ ü
k	z	_ ü
k	z	_ ü
u ̝ d	y ∅	
e o	ɛ	
e o	ɛ	
a e	a a	
a e	a a	
g	c	_ i
g	c	_ i
g	c	_ i
g	c	_ i
g	c	_ i
e a	∅ æ	. t ͡ ʃ _ n .
p	gʰ	
p	gʰ	
p	ɣ	_ ɪ
w i	e i	. ∅ _ .
d	l	# n _ i ̝
e u	ɛ u	
ɗ	j	
ɗ	j	
ɗ	j	
æ	ə	. ∅ _ ŋ .
uʔ u	ó ∅ ∅	_ #
k t	r ∅	. _
k t	r ∅	. _
a i ̝	a e	
a i ̝	a e	
p	mʰ	_ ɪ
d	r	# _
d	r	# _
d	r	# _
d	r	# _
d	r	# _
d	r	# _
d	r	# _
d	r	# _
d	r	# _
d	r	# _
d	r	# _
d	r	# _
d	r	# _
d	r	# _
d	r	# _
ɔ ∅ t	œ i ʔ	∅ _ _
e u ̝	ɛ ɔ	
b	w	_ e
b	w	_ e
b	w	_ e
b	w	_ e
b	w	_ e
b	w	_ e
b	w	_ e
b	w	_ e
b	w	_ e
b	w	_ e
b	w	_ e
b	w	_ e
b	w	_ e
b	w	_ e
b	w	_ e
b	w	_ e
b	w	_ e
b	w	_ e
b	w	_ e
b	w	_ e
b	w	_ e
b	w	_ e
b	w	_ e
b	w	_ e
b	w	_ e
b	w	_ e
b	w	_ e
b	w	_ e
b	w	_ e
k	c	_ e
k	c	_ e
p	f	_ i ̝
p	f	_ i ̝
p	f	_ i ̝
p	f	_ i ̝
p	f	_ i ̝
p	f	_ i ̝
p	f	_ i ̝
p	f	_ i ̝
p	f	_ i ̝
p	f	_ i ̝
p	f	_ i ̝
p	f	_ i ̝
p	f	_ i ̝
p	f	_ i ̝
p	f	_ i ̝
p	f	_ i ̝
p	f	_ i ̝
p	f	_ i ̝
p	f	_ i ̝
p	f	_ i ̝
