p	p	
t	t	
c	s	
k	k	
b	w	
b	b	
d	l	
d̠͡ʒ	z	
j	z	
g	g	
j	∅	
p	p	
t	t	
c	s	
k	k	
b	j	
b	b	
d	l	
d̠͡ʒ	z	
j	z	
g	g	
j	∅	
p	p	
t	t	
c	s	
k	k	
b	j	
d	l	
d̠͡ʒ	z	
j	z	
g	g	
j	∅	
p	p	
t	t	
c	s	
k	k	
b	j	
b	b	
d	l	
d	d	
d̠͡ʒ	z	
j	z	
g	g	
j	∅	
p	p	
t	t	
c	s	
k	k	
b	w	
b	b	
d	l	
d	d	
d̠͡ʒ	z	
j	z	
j	∅	
g	g	
p	p	
t	t	
c	s	
k	k	
b	w	
b	b	
d	l	
d	d	
d̠͡ʒ	z	
j	z	
g	g	
j	∅	
p	p	
t	t	
c	s	
k	k	
b	w	
b	b	
d	l	
d	d	
d̠͡ʒ	z	
j	z	
g	g	
j	∅	
p	p	
t	d	
c	s	
c	s	
k	g	
b	β	
b	b	
d	l	
d̠͡ʒ	s	
d	d	
j	j	
g	g	
j	∅	
b	b	
t	t	
c	s	
c	s	
k	g	
b	β	
d	l	
d	d	
d̠͡ʒ	s	
j	s	
g	g	
j	∅	
p	b	
t	d	
c	s	
c	s	
k	g	
b	v	
b	b	
d	l	
d	d	
ɣ	j	. _ i
d̠͡ʒ	z	
j	z	
g	g	
j	∅	
n ̠ʲ ∅	n ̠ʲ z ̠ʲ	. _ i
fʰ	f	
v	f	
ɱ	v	
t ̠ʲ	ʈ͡ʂ	
t ̠ʰʲ	ʈ͡ʂʰ	
ɕ	ʂ	
ʑ	ʂ	
d̠͡ʒʰʲ	ʂ	
x	x	
s	s	
ʃ	s	
t̠͡ʃ	t͡s	
k	t̠͡ʃʲ	
t͡s	t̠͡ʃʲ	
t͡sʰ	t̠͡ʃʰʲ	
x	ɕ	
ɣ	ɕ	
s	ɕ	
z	ɕ	
ʑ	ʐ	
u ɑ k ̚	u o ∅	. _ .
i ə i	∅ ∅ i	. ɱ _ .
ɪ̆ e	ə ɹ	n ʑ _ .
ɪ̆ w ɐ	∅ u a	. ɱ _ n .
ɪ̆ u ə̆	∅ u ə	. ɱ _ n .
u ∅	u ə	. _ ŋ .
t͡sʰ	tʰ	. _
t̠͡ʃ	t	. _
t̠͡ʃʰ	tʰ	. _
tʰ	f	
tʰ	ɕ	_ i
b	pʰ	. _
b	p	
ɓ	b	
ɓ	m	
b ɥ	f ∅	. _
t͡s r	t͡s ∅	
c ͡ ɕ	t̠͡ʃ	
ɟ ͡ ʑ	s	
d͡z r	s ∅	
s r	s ∅	
z	s	
ɕ	s	
ʑ	s	
t ͡ r	t	
c ͡ ɕ	t	
t͡s r	t ∅	
ɔ	œ	
t͡s r	t͡s ∅	
t͡s r	t͡s ∅	
c ͡ ɕ	t	
c ͡ ɕ	t̠͡ʃ	
pʰ	p	. _
mʰ	p	
mʰ	m	
mʰ	m	. _
b	pʰ	
b	pʰ	
b	p	
b	p	
b	p	
b	p	
f	pʰ	
f	pʰ	
f	pʰ	
b	p	
b	p	
b	p	
ɓ	b	
ɓ	b	
ɓ	b	. _
ɓ	b	
ɓ	b	
f	w	
f	v	
ɓ	b	
ɓ	b	
ɓ	m	
i	e	
e	ɛ	
u	o	
o	ɔ	
eː	e	
aː	a	
oː	o	
iː	i	
uː	u	
ç	θ	
ʃ	x	
kʰ	t̠͡ʃʰʲ	. _
v	f	. _
v	f	. _
v	f	. _
v	f	. _
v	f	. _
v	f	. _
v	f	. _
v	f	. _
v	f	. _
v	f	. _
v	f	. _
v	f	. _
w	v	. _
w	v	. _
w	v	. _
w	v	. _
w	v	. _
w	v	. _
w	v	. _
w	v	. _
w	v	. _
w	v	. _
w	w	. _
w	w	. _
w	w	. _
w	w	. _
l	∅	. p _
l	∅	. p _
l	∅	. p _
l	∅	. p _
l	∅	. p _
p l	pʲ ∅	. _
p l	pʲ ∅	. _
p l	pʲ ∅	. _
p l	pʲ ∅	. _
l	ɐ	. p _
l	ɐ	. p _
p	∅	. _ t
p	∅	. _ t
p	∅	. _ t
p t	pʰʲ ∅	. _
p t	pʰ ɐ	. _
p t	∅ tʰ	. _
p t	∅ tʰ	. _
p t	∅ r	. _
pʰ r	p ∅	. _
r	∅	. pʰ _
r	∅	. pʰ _
r	∅	. pʰ _
pʰ r	pʰʲ ∅	. _
pʰ r	pʰʲ ∅	. _
pʰ r	pʲ ∅	. _
pʰ r	p l	. _
b r	pʰ r	. _
b r	pʰ ∅	. _
b r	pʰ ∅	. _
b r	p ∅	. _
b r	pʲ ∅	. _
b r	pʲ ∅	. _
b r	pʲ ∅	. _
b r	pʲ ∅	. _
b r	p ɐ	. _
b r	p l	. _
ɓ l	b ∅	. _
ɓ l	b ∅	. _
ɓ l	b ∅	. _
ɓ l	b ∅	. _
ɓ l	b ∅	. _
ɓ l	b ∅	. _
ɓ l	m ∅	. _
ɓ l	bʲ ∅	. _
ɓ l	d ∅	. _
ɓ l	b ɐ	. _
ɓ l	ɗ ∅	. _
ɓ l	d ∅	. _
ɓ l	n ∅	. _
ɓ	b	. _ l
m l	m ∅	. _
m l	m ∅	. _
m l	m ∅	. _
m l	m ∅	. _
l	j	. m _
m l	m ɐ	. _
m l	m ∅	. _
l	j	. m _
l	j	. m _
m l	m l	. _
l	j	. m _
m l	m ∅	. _
m	pʰ	. _ r
m r	pʰ ∅	. _
m r	pʰ ∅	. _
m r	p ∅	. _
m r	pʲ ∅	. _
m r	pʲ ∅	. _
m r	p ɐ	. _
m r	p ɐ	. _
m r	∅ ʃ	. _
m r	∅ ʃ	. _
m r	∅ ʃ	. _
m r	∅ tʰ	. _
p d	b r	. _
p d	b r	. _
p d	∅ d	. _
p d	∅ p	. _
p d	∅ d	. _
p d	∅ d	. _
ɗ	d	. _
ɗ	d	. _
ɗ	d	. _
ɗ	d	. _
ɗ	n	. _
n	n	. _
n	n	. _
n	n	. _
k t	∅ t	. _
k t	∅ t	. _
k t	l ∅	. _
k t	r ∅	. _
k t	r ∅	. _
k t	ð ∅	. _
p t	h ∅	. _
p t	tʰ ∅	. _
t	r	. p _
cʰ r	tʰ ∅	. _
cʰ r	tʰ ∅	. _
cʰ r	tʰ ∅	. _
cʰ r	tʰ ∅	. _
cʰ r	ʃʰ ∅	. _
cʰ r	ʃʰ ∅	. _
cʰ r	ʃʰ ∅	. _
r	h	. _
r	h	. _
r	h	. _
r	h	. _
r	tʰ	. _
r	l	. _
r	r	. _
r	r	. _
r	ð	. _
l	r	. _
l	ð	. _
r	h	. _
r	h	. _
r	h	. _
r	h	. _
r	h	. _
r	l	. _
ᶑ	d	. _
ᶑ	d	. _
ᶑ	n	. _
ᶑ ∅	t l	. _
n	n	. _
n	l	. _
n	r	. _
n	ð	. _
n	n	. _
l	l	. _
l	l	. _
r	h	. _
r	h	. _
r	h	. _
r	h	. _
r	h	. _
r	h	. _
r	ɬ	. _
r	l	. _
r	r	. _
r	l	. _
r	r	. _
r	ð	. _
r	r	. _
s	s	. _
s	sʰ	. _
s	s	. _
s	s	. _
s	s	. _
s	s	. _
s	ɬ	. _
z	ɬ	. _
s	ɬ	. _
s	s	. _
d͡z	s	. _
z	s	. _
s	s	. _
z	r	. _
s	ɬ	. _
d͡z	ʃ	. _
s	θ	. _
d͡z	ʃ	. _
s	s	. _
d͡z	ʃ	. _
s	s	. _
z	j	. _
c	s	. _
c	ʃ	. _
c	ʃ	. _
c	ʃ	. _
t͡s	cʰ	. _
t͡s	s	. _
t͡s	s	. _
t͡s	s	. _
t͡s	s	. _
t͡s	ʃ	. _
t͡s	ʃ	. _
t͡s	ʃ	. _
t͡s	ʃ	. _
ɟ	cʰ	. _
ɟ	s	. _
ɟ	s	. _
ɟ	c	. _
ɟ	s	. _
ɟ	c	. _
ɟ	c	. _
ɟ	c	. _
ɟ	c	. _
ɟ	c	. _
ɟ	ʑ	. _
ɟ	ʃ	. _
ɟ	ʃ	. _
ɟ	ʃ	. _
ɲ	j	. _
ɲ	ɲ	. _
j	j	. _
ɲ	j	. _
ɲ	ɲ	. _
j	j	. _
ɲ	ɲ	. _
j	j	. _
ɲ	ɲ	. _
j	j	. _
ɲ	j	. _
ɲ	ɲ	. _
j	j	. _
ɲ	ɲ	. _
j	j	. _
ɲ	ɲ	. _
j	j	. _
ɲ	j	. _
ɲ	ɲ	. _
ɲ	ɲ	. _
j	j	. _
ɲ	ɲ	. _
j	j	. _
g	kʰ	. _
g	kʰ	. _
g	kʰ	. _
g	k	. _
g	k	. _
g	kʰ	. _
g	k	. _
g	k	. _
g	k	. _
gʷ	kʷʰ	. _
g	k	. _
ɣ	kʰ	. _
ɣ	kʰ	. _
ɣ	kʰ	. _
ɣ	kʰ	. _
ɣ	kʰ	. _
ɣ	k	. _
ɣ	k	. _
ɣʰ	kʰ	. _
ɣ	x	. _
ɣʷ	x	. _
ɣ	hʷ	. _
ɣ	h	. _
ɣ	hʰ	. _
xʰ	kʰ	. _
x	kʰ	. _
x	kʰ	. _
x	kʰ	. _
x	kʰ	. _
x	kʰ	. _
k	k	. _
k	kʰ	. _
k	kʰ	. _
k	kʰ	. _
x	kʰ	. _
x	kʰ	. _
x	kʰ	. _
x	kʰ	. _
x	kʰ	. _
x	kʰ	. _
x	h	. _
x	hʰ	. _
x	h	. _
x	h	. _
x	x	. _
kʷ l	kʰ ∅	. _
kʷ l	kʰ ∅	. _
k l	k ∅	. _
k l	k ∅	. _
k l	k ∅	. _
k l	kʲ ∅	. _
k l	kʲ ∅	. _
k l	cʷ ∅	. _
k l	cʰ ∅	. _
k l	c ∅	. _
k l	c ∅	. _
k	t	. _ l
kʰ r	kʰ ∅	. _
kʰ r	kʰ ∅	. _
kʰ r	kʰ ∅	. _
kʰ r	s ∅	. _
kʰ r	s ∅	. _
kʰ r	cʰ ∅	. _
k r	kʰʲ ∅	. _
kʰ r	c ∅	. _
kʰ r	k l	. _
kʰ r	kʲ ∅	. _
kʰ	tʰ	. _ r
g r	kʰ r	. _
g r	kʰ ∅	. _
g r	k ∅	. _
gʷ r	cʷ ∅	. _
gʷ r	c ∅	. _
gʷ r	c ∅	. _
g r	c ∅	. _
g r	c ∅	. _
g r	c ∅	. _
gʰ r	kʰʲ ∅	. _
g r	∅ l	. _
gʷ r	kʷʲ ∅	. _
gʷ r	∅ l	. _
gʷ r	k l	. _
ŋ	ŋ	. _
ŋ	h	. _
ŋ	h	. _
ŋ	h	. _
ŋ	h	. _
ŋ	h	. _
ŋ	h	. _
ŋ	h	. _
ŋ	h	. _
ŋ	h	. _
ŋ	h	. _
ŋ	h	. _
ŋ	h	. _
x r	h ∅	. _
x r	h ∅	. _
x r	l ∅	. _
x r	∅ r	. _
x r	ð ∅	. _
x r	∅ r	. _
ᶑ	d	. _
n	n	. _
lʰ	l	. _
kʷ	kʷ	. _
gʷ	kʷʰ	. _
gʷ	kʷʰ	. _
gʷ	kʷ	. _
gʷ	kʷ	. _
gʷ	kʷ	. _
gʷ	kʷ	. _
gʷ	kʷ	. _
gʷ	kʷ	. _
xʷ	kʷʰ	. _
xʷ	kʷʰ	. _
xʷ	kʷʰ	. _
xʷ	kʷʰ	. _
xʷ	kʷʰ	. _
xʷ	kʷʰ	. _
xʷ	v	. _
xʷ	v	. _
xʷ	w	. _
xʷ	w	. _
ɣʷ	kʷʰ	. _
ɣʷ	kʷʰ	. _
ɣʷ	kʷʰ	. _
ɣʷ	kʷʰ	. _
ɣʷ	kʷ	. _
ɣʷ	xʷ	. _
ɣʷ	xʷ	. _
ɣ	v	. _
ɣʷ	v	. _
ɣ	v	. _
ɣʷ	v	. _
ɣʷ	v	. _
ɣʷ	w	. _
ɣ	w	. _
p	h	
p	pʰ	
t	tʰ	
d	l	
c	s	
j	z	
k	kʰ	
p	h	
p	pʰ	
t	tʰ	
d	l	
c	s	
j	z	
j	s	
k	kʰ	
p	h	
p	pʰ	
t	tʰ	
d	l	
c	ʃ	
j	z	
j	s	
k	kʰ	
g	ɣ	
p	h	
p	pʰ	
t	tʰ	
d	l	
c	s	
j	z	
j	s	
k	kʰ	
g	ɣ	
p	h	
p	pʰ	
t	tʰ	
d	l	
c	s	
j	z	
j	z	
k	k	_ e
k	kʰ	
p	h	
p	mʰ	
t	nʰ	
d	l	
c	s	
j	z	
j	z	
k	gʰ	
p	h	
p	mʰ	
t	nʰ	
d	l	
c	s	
j	z	
j	z	
k	gʰ	
p	h	
p	mʰ	
t	nʰ	
d	l	
c	s	
j	z	
j	z	
k	gʰ	
w a i	u a ∅	. _ .
p	h	
p	mʰ	
t	nʰ	
d	l	
c	s	
j	z	
j	z	
k	gʰ	
p	h	
p	mʰ	
t	nʰ	
d	l	
c	s	
c	s	
j	z	
j	z	
k	gʰ	
g	ɣ	
p	h	
p	mʰ	
t	nʰ	
d	l	
c	s	
c	s	
j	j	
k	gʰ	
p	h	
p	mʰ	
t	nʰ	
d	l	
c	s	
c	s	
j	z	
j	z	
k	gʰ	
p	h	
p	pʰ	
t	tʰ	
d	l	
c	s	
c	s	
j	z	
j	z	
k	kʰ	
p	p	
b	β	
t	t	
p	p	
b	β	
t	t	
d	l	
p	p	
b	β	
t	t	
d	l	
p	∅	
p	g	
b	β	
t	t	
d	l	
c	s	
c	s	
j	c	
j	c	
k	k	
p	h	
p	g	
b	β	
t	t	
d	l	
c	s	
c	s	
j	c	
j	c	
k	k	
p	h	
p	gʰ	
b	β	
t	t	
d	l	
c	s	
c	s	
j	c	
j	c	
k	k	
p	h	
b	β	
t	t	
d	l	
c	s	
c	s	
j	c	
j	c	
k	k	
p	h	
p	h	
b	β	
t	t	
d	l	
c	s	
c	s	
j	z	
j	z	
k	k	
p	h	
p	h	
b	β	
t	t	
d	l	
c	s	
c	s	
j	z	
j	z	
k	k	
p	h	
p	h	
b	v	
t	t	
d	l	
c	s	
c	s	
j	z	
j	z	
k	k	
p	h	
p	gʰ	
b	β	
t	t	
d	l	
c	s	
c	s	
j	ʃ	
j	ʃ	
k	k	
p	h	
p	g	
t	t	
d	l	
c	s	
c	s	
j	j	
j	j	
k	k	
k	k	
p	h	
p	h	
b	∅	
t	d	
d	r	
c	θ	
c	θ	
j	∅	
j	j	
k	g	
g	ɣ	
p	β	
p	b	
b	∅	
t	d	
d	r	
c	θ	
c	θ	
j	c	
j	j	
k	g	
p	∅	
p	p	
b	β	
t	t	
d	r	
c	θ	
c	θ	
j	∅	
j	j	
k	k	
g	∅	
p	β	
p	p	
b	β	
t	t	
d	r	
c	θ	
c	θ	
j	c	
j	j	
k	k	
p	∅	
p	p	
t	t	
d	r	
c	θ	
c	θ	
j	j	
k	k	
p	β	
p	b	
b	∅	
t	d	
d	l	
c	θ	
c	θ	
j	s	
j	z	
k	g	
g	∅	
p	v	
p	v	
b	∅	
t	t	
d	r	
c	d ̠	
c	d ̠	
j	s	
k	g	
g	∅	
p	h	
p	p	
t	t	
d	l	
c	s	
c	s	
j	z	
j	z	
k	k	
p	h	
p	mʰ	
t	nʰ	
d	l	
c	s	
c	s	
j	z	
j	z	
k	gʰ	
p	p	
p	mʰ	
t	nʰ	
d	l	
c	s	
c	s	
j	z	
j	z	
k	h	
p	p	
t	t	
d	l	
c	s	
c	s	
j	j	
k	k	
p	p	
t	t	
d	l	
c	s	
j	z	
j	z	
k	k	
p	ɸ	
p	p	
t	ṛ	
t	t	
c	h	
c	n	
j	j	
k	k	
k	k	
g	ɣ	
p	h	
p	pʰ	
t	tʰ	
d	l	
c	s	
c	s	
j	j	
k	kʰ	
g	w	
p	h	
p	p	
b	β	
t	t	
d	l	
k	k	
p	h	
p	p	
b	β	
t	t	
d	l	
k	k	
p	h	
p	p	
b	β	
t	t	
d	l	
k	k	
p	h	
p	p	
b	β	
t	t	
d	l	
k	k	
p	h	
p	p	
b	β	
t	t	
d	l	
k	k	
p	h	
p	p	
b	β	
t	t	
d	l	
k	k	
p	h	
p	p	
b	β	
t	t	
d	l	
k	k	
p	h	
p	p	
b	β	
t	t	
d	l	
k	k	
p	h	
p	p	
b	β	
d	l	
p	h	
p	p	
b	β	
d	l	
c	s	
p	h	
p	p	
b	β	
d	l	
p	h	
p	p	
b	β	
d	l	
c	s	
p	h	
p	p	
b	β	
d	l	
c	s	
p	b	
b	β	
t	r	
t	d	
d	l	
c	s	
c	s	
j	t͡s	
j	t͡s	
k	g	
g	k	
p	b	
b	β	
t	d	
d	l	
c	s	
c	s	
j	c	
j	j	
k	g	
g	k	
p	h	
p	b	
b	β	
t	r	
t	d	
d	l	
c	s	
c	s	
j	t͡s	
j	j	
k	g	
p	h	
p	b	
b	v	
t	d	
d	l	
c	s	
c	s	
j	z	
j	z	
k	g	
p	∅	
p	m	
b	β	
t	n	
d	l	
j	j	
k	g	
p	∅	
p	m	
b	β	
t	n	
d	l	
c	s	
j	j	
k	g	
p	∅	
p	m	
b	β	
t	n	
d	l	
j	c	
j	j	
k	g	
g	k	
c	s	
p	m	
t	n	
d	l	
c	s	
j	s	
j	j	
k	k	
k	k	
g	g	
p	m	
t	n	
d	l	
c	s	
j	s	
j	z	
k	g	
g	g	
p	m	
t	n	
d	l	
c	s	
j	t͡s	
j	d͡z	
k	g	
g	g	
p	mʰ	
t	nʰ	
d	l	
c	s	
j	s	
j	j	
k	gʰ	
g	g	
p	mʰ	
t	nʰ	
d	l	
c	h	
j	s	
j	j	
k	gʰ	
g	g	
p	m	
t	n	
d	l	
c	h	
j	c	
j	j	
k	n	
g	g	
p	m	
t	n	
d	l	
c	h	
j	t͡s	
j	z	
k	g	
g	g	
p	ɸ	
t	h	
d	∅	
c	t͡s	
c	sʰ	
p	h	
p	b	
t	d	
d	r	
c	θ	
c	θ	
j	dʰ	
j	dʰ	
k	g	
g	g	
p	h	
p	pʰ	
t	tʰ	
d	r	
c	s	
c	s	
j	z	
j	z	
k	kʰ	
g	g	
p	∅	
d	l	
c	s	
c	s	
j	j	
g	g	
p	h	
p	pʰ	
t	h	
d	r	
c	t͡s	
c	t͡sʰ	
k	kʰ	
p	h	
p	pʰ	
t	h	
d	r	
c	t͡s	
c	t͡sʰ	
k	kʰ	
p	β	
p	pʰ	
d	r	
c	t͡s	
c	t͡sʰ	
k	kʰ	
p	β	
p	pʰ	
d	r	
c	t͡s	
c	t͡sʰ	
k	kʰ	
p	∅	
p	b	
b	b	
t	r	
t	d	
d	l	
d	d	
c	s	
c	s	
j	ʃ	
j	ʃ	
k	g	
g	g	
g	∅	
p	∅	
p	b	
b	b	
t	h	
t	d͡r	
d	l	
d	d	
c	s	
c	s	
j	ʃ	
j	ʃ	
k	g	
g	g	
g	∅	
p	∅	
p	b	
b	b	
t	x	
t	d	
d	l	
d	d	
c	s	
c	s	
j	ʃ	
j	ʃ	
k	g	
g	g	
g	∅	
p	∅	
p	b	
b	b	
t	d	
t	d	
d	l	
d	d	
c	s	
c	s	
j	c	
j	c	
k	g	
g	g	
g	∅	
p	h	
p	b	
b	b	
t	d	
t	d	
d	l	
d	d	
c	s	
c	s	
j	c	
j	j	
k	g	
g	g	
g	∅	
p	∅	
p	b	
b	b	
t	r	
t	d	
d	l	
d	d	
c	s	
c	s	
j	c	
j	j	
k	g	
g	g	
g	∅	
p	h	
p	b	
b	b	
t	d	
t	d	
d	l	
d	d	
c	s	
c	s	
j	c	
j	j	
k	g	
g	g	
g	h	
p	h	
p	b	
b	b	
t	ɽ	
t	d	
d	l	
d	d	
c	s	
c	s	
j	c	
j	j	
k	g	
g	g	
g	ɣ	
p	h	
p	b	
b	b	
t	d	
d	l	
d	d	
c	s	
c	s	
j	ʃ	
j	j	
k	g	
g	g	
g	∅	
p	h	
p	b	
b	b	
t	r	
t	d	
d	l	
d	d	
c	θ	
c	θ	
j	c	
j	j	
k	g	
g	g	
g	ɣ	
p	h	
p	b	
b	b	
t	d	
t	d	
d	l	
d	d	
c	s	
c	s	
j	c	
j	c	
k	g	
g	g	
g	ɣ	
p	pʰ	
t	t ̠	
d	l	
d	d	
c	t ̠	
c	tʰ ̠	
j	d ̠	
j	d ̠	
k	kʰ	
g	∅	
p	pʰ	
t	c	
d	l	
d	d͡r	
c	t ̠	
c	t ̠ʰ	
j	d ̠	
k	kʰ	
g	∅	
p	pʰ	
t	c	
d	l	
d	d͡r	
c	t ̠	
c	t ̠ʰ	
j	d ̠	
k	kʰ	
g	∅	
p	pʰ	
d	l	
d	d͡r	
c	t ̠	
c	t ̠ʰ	
j	d ̠	
k	kʰ	
g	∅	
p	pʰ	
d	l	
d	d	
c	cʰ	
j	j	
k	kʰ	
p	b	
t	r	
d	l	
c	t͡s	
c	t͡s	
j	d͡z	
k	g	
g	g	
p	β	
k	h	
p	p	
t	t	
c	s	
c	s	
b	β	
b	b	
d	l	
d	d	
j	z	
j	z	
g	g	
p	p	
t	t	
c	s	
c	s	
b	v	
b	b	
d	l	
d	d	
j	z	
j	z	
g	g	
p	p	
t	t	
c	s	
c	s	
k	k	
b	β	
b	b	
d	l	
d	d	
j	z	
j	z	
g	g	
k	k	
k	k	
p	b	
t	d	
c	h	
c	s	
k	g	
b	b	
d	l	
d	d	
j	j	
g	ɣ	
g	g	
p	b	
t	d	
c	h	
c	h	
k	g	
b	b	
d	l	
d	d	
j	z	
g	g	
p	b	
t	d	
c	h	
c	h	
k	g	
b	b	
d	l	
d	d	
j	j	
g	ɣ	
g	g	
p	b	
t	d	
c	h	
c	h	
k	g	
b	b	
d	l	
d	d	
j	j	
g	ɣ	
g	g	
p	b	
t	d	
c	∅	
c	∅	
k	g	
b	b	
d	l	
d	d	
j	z	
g	g	
p	b	
t	d	
c	∅	
c	∅	
k	g	
b	b	
d	l	
d	d	
j	j	
g	g	
p	b	
t	d	
c	∅	
c	∅	
k	g	
b	b	
d	l	
d	d	
j	j	
g	g	
kʰ	t̠͡ʃʰʲ	. _ ŷ
kʰ	t̠͡ʃʰʲ	. _ ŷ
kʰ	t̠͡ʃʰʲ	. _ ŷ
kʰ	t̠͡ʃʰʲ	. _ ŷ
kʰ	t̠͡ʃʰʲ	. _ ŷ
kʰ	t̠͡ʃʰʲ	. _ ŷ
s	h	_ .
r	∅	_ .
l	∅	_ .
c	k	_ .
ɲ	ŋ	_ .
m l	∅ l	
n ɗ	ʔ n	
n	n	
m ɓ	ʔ m	
m	m	
d	l	
b	m	
p	mˀ	_ .
t	nˀ	_ .
p	nˀ	_ .
ʔʲ	ʄ	. _
ʄ	ɟ	. _
ʄ	j	. _
ʔ	ʔ	. _
b	p	. _
d ∅	d ∅	. _
d	t	. _
j	ɟ	. _
r	j	. g _
ɟ	t͡s	. _
ɟ	d͡z ˞	. _
g	k	. _
gʲ	kʲ	. _
gʲ	g	. _
l	∅	. n _
ɲ	ɲ	. _
ɲ	ɲ	. _
v	f	. _
z	ɬ	. _
z	z	. _
ɣ	ɟ	. _
ɣʷ	v	. _
ɣʷ	ɣ	. _
kʰ n	k j	. _
n	s	. t _
p	m	. _ n
p	m	. _ n
k s	kʰ ɣ	. _
ŏ ∅	u ɑ̆	_ k .
e	iː	_ .
oː	uː	_ .
r	j	. _
r	ɣ	. _
r	j	. _
r	ɣ	. _
r	j	. _
r	j	. _
r	ɣ	. _
r	j	. _
r	ɣ	. _
r	j	. _
p r	pʲ ∅	. _
p r	pʲ ∅	. _
p r	pʲ ∅	. _
r	ɣ	. p _
r	l	. p _
pʰ r	pʰ ∅	. _
pʰ r	pʰʲ ∅	. _
pʰ r	pʰʲ ∅	. _
r	ɣ	. pʰ _
pʰ r	p l	. _
k r	k ∅	. _
k r	k ∅	. _
k r	k ∅	. _
r	ɣ	. k _
k r	kʲ ∅	. _
kʰ r	kʰ ∅	. _
kʰ r	kʰ ∅	. _
kʰ r	kʰ ɣ	. _
l	l	. _
l	l	. _
l	d	. _
k l	kʷ ∅	. _
p	f	# _
ɓ̥ˀ	ɓˀ	# _
ɓˀ	ɓˀ	# _
ɓ̥ˀ	p	# _
b	p	# _
ɓ̥ˀ	p	# _
p	p	# _
ɓ̥ˀ	ɓˀ	# _
b	b	# _
b	b	# _
ɓˀ	ɓˀ	# _
ɓ̥ˀ	f	# _
ɓ̥ˀ	p	# _
ɓ̥ˀ	p	# _
ɓ̥ˀ	f	# _
ɓ̥ˀ	f	# _
ɓ̥ˀ	p	# _
f	f	# _
ɓ̥ˀ	p	# _
b	p	# _
ɓˀ	b	# _
f	f	# _
ɓ̥ˀ	p	# _
b	f	# _
ɓˀ	b	# _
ɓ̥ˀ	ɓˀ	# _
f	f	# _
ɓ̥ˀ	p	# _
f	p	# _
f	p	# _
ɓ̥ˀ	p	# _
f	p	# _
ɓ̥ˀ	p	# _
ɓ̥ˀ	p	# _
f	p	# _
k l	d ∅	. _
k l	c ∅	. _
l	ɣ	. k _
k l	kʲ ∅	. _
kʰ l	kʰ w	. _
kʰ l	cʰ ∅	. _
kʰ l	kʰ ɣ	. _
kʰ l	kʰʲ ∅	. _
t͡s ⁿ r	tʲ ∅	. _
t͡s ⁿ r	dʲ ∅	. _
t͡s ⁿ	p	. _ r
l	ŋʷ	. _
ɲ	nʲ	. _
ɲ	nʲ	. _
ɲ	nʲ	. _
ɲ	nʲ	. _
ɲ	ŋʲ	. _
m	m	. _
m	m	. _
n	n	. _
n	n	. _
ɲ	nʲ	. _
ɲ	nʲ	. _
ɲ	nʲ	. _
ɲ	nʲ	. _
ɲ	ŋʲ	. _
kʰ m	ŋʷ ∅	. _
kʰ m	∅ m	. _
kʰ m	∅ m	. _
kʰ n	k j	. _
t n	t͡s ∅	. _
p	m	. _ n
p	m	. _ n
ɓ	m	. _
ɓ	b	. _
ɓ	b	. _
ɓ	m	. _
ɓ	b	. _
ɗ	l	. _
ɗ	d	. _
ɗ	d	. _
ɗ	l	. _
ᶑ	l	. _
n	l	. _
k m	∅ m	. _
k m	∅ m	. _
k m	∅ m	. _
k m	∅ m	. _
k n	∅ n	. _
k n	∅ n	. _
k n	∅ n	. _
k n	∅ n	. _
t n	∅ n	. _
t n	∅ n	. _
t n	∅ n	. _
t n	∅ n	. _
ɲ	nʲ	. _
ɲ	nʲ	. _
ɲ	nʲ	. _
k t	kʲ ∅	. _
t	ɣ	. k _
k s	∅ s	. _
k	∅	. _ s
k s	kʰ ɣ	. _
z	ɣ	. k _
ɗ̥ˀ	t	# _
ɗ̥ˀ	t	# _
d	t	# _
ɗ̥ˀ	t	# _
ɗ̥ˀ	t	# _
ɗ̥ˀ	t	# _
ɗ̥ˀ	t	# _
t	t	# _
ɗ̥ˀ	t	# _
t	d	# _
ɗ̥ˀ	t	# _
ɗ̥ˀ	t	# _
t	d	# _
ɗ̥ˀ	t	# _
c	cˀ	# _
ʒ	z	# _
ɠ̥ˀ	k	# _
ɠ̥ˀ	k	# _
ɠ̥ˀ	k	# _
ɠ̥ˀ	k	# _
ɠ̥ˀ	k	# _
ɠ̥ˀ	k	# _
g	g	# _
g	g	# _
q	k	# _
qˀ	kˀ	# _
gˀ	h	# _
q	k	# _
qˀ	k	# _
gˀ	g	# _
q	k	# _
qˀ	k	# _
gˀ	g	# _
qˀ	q	# _
gˀ	g	# _
q	g	# _
qˀ	g	# _
gˀ	g	# _
q	g	# _
qˀ	g	# _
gˀ	g	# _
q	x	# _
qˀ	k	# _
gˀ	x	# _
p	p	
t	t	
k	k	
b	b	# _
d	t	
g	k	# _
g	k	
ʔ	∅	
s	s	
h	∅	
l	ɾ	
a	aː	
e	eː	
i	iː	
o	oː	
u	uː	
a	o	
ə	a	
e	e	
ɪ	i	
i	i	
o	o	
ʊ ∅	a u	
u	u	
p	∅	_ k
t	t	
d	t	_ Ṽ
k	k	
g	k	
ʔ	∅	
s	ɬ	
ɾ	ɾ	
r	r	
l	l	
t͡s	t̠͡ʃ	
a	a	
e	e	
ɪ	ɪ	
i	i	
o	o	
ʊ	ʊ	
u	u	
p	∅	_ k
p	p	_ k
t	t	
d	d	
k	k	
ʔ	∅	
s	s	
ɾ	l ̠	
r	l ̠	
l	l ̠	
a	a	
e	e	
ɪ	ɪ	
i	i	
o	o	
ʊ	ʊ	
u	u	
p	∅	_ k
p	p	_ k
t	t	
d	d	
k	k	
s	s	
ɾ	l ̠	
r	l ̠	
l	l ̠	
a	o	
ɪ	ɪ	
i	i	
o	o	
ʊ	ʊ	
u	u	
ə	∅	u b _ #
p	ɸ	_ k
b	ɸ	# _
t	tʰ	# _
d	d	# _
d	r	# _
k	kʰ	# _
g	ʒ	
ʔ	∅	
s	ʃ	
h	∅	
l	l	
a	a	
a	a	
e	e	
ɪ	i	
i	i	
o	o	
ʊ	u	
u	u	
ɪ	∅	k _ #
p	∅	_ k
b	m	_ Ṽ
b	b	_ Ṽ
d	n	_ Ṽ
g	d̠͡ʒ	
ʔ	ʔ	
ɾ	ɾ	
r	r	
l	ɾ	
a	a	u _
a ∅	ɨ e	_ #
a	i	
a	a	u _
a	ɨ	
e	e	
ɪ	a	
i ∅	i e	_ #
i	i	_ #
o	a	
ʊ	o	
u ∅	u e	_ #
u	u	
p	p	_ k
b	m	_ Ṽ
b	β	_ Ṽ
t	t	
d	n	_ Ṽ
k	k	
g	g	
ʔ	∅	
s	s	_ ə
t	t̠͡ʃ	_ i
t	t̠͡ʃ	_ i
k	k	
k	k	
kʷ	k	i _ a
kʷ	k	i _ a
kʷ a	k u	u _
kʷ a	k u	u _
kʷ	kʷ	a _ a
θ	ʃ	_ i
θ	ʃ	_ i
θ	ʃ	_ i
x	h	
x	h	
x	t̠͡ʃ	
x	ʃ	
xʷ	h	_ i
xʷ	h	_ i
xʷ	t̠͡ʃ	_ i
xʷ	kʷ	_ a
xʷ	kʷ	_ a
xʷ	v	_ a h
xʷ	v	_ a h
n	n	
w	v	
w i	u ∅	
w	∅	u _ a
g	h	
g	t̠͡ʃ	
l	l	
i	i	
i	∅	w _
i	∅	w _
i	u	m _
i	u	m _
ĩ	ũ	m _
kʷ ĩ	k u	
e	i	
e m	ɨ ∅	
e m	i ∅	
a	a	
u	u	
u m	ɨ ∅	
u m	ɨ ∅	
u m	i ∅	
u m	i ∅	
ə	∅	b _ #
p	ɸ	# _
t	t̠͡ʃ	
k	k	
kʷ	kʷ	
x	k	_ a
x	ʒ	_ a ʔ
xʷ	g	_ e m
xʷ	gʷ	
n	n	
w	w	
j	j	
j	∅	i _
j	∅	_ i
j	j	
g	g	
gʷ	gʷ	
gʷ	gʷ	
m	m	
m ʔ m	m	
l	l	
i	i	
i	ɨ	n _
e	i	n _
e	e	x _
e m	ɨ ∅	
e m	a ∅	w _
a	a	
u	o	
u m	u ∅	
m	∅	u _ #
u m	ɨ ∅	n _
t	t	
kʷ	kʷ	_ a
kʷ	kʷ	_ a h
kʷ i	k u	
θ	ð	
x	h	_ a
x a m	k u ∅	
xʷ	k	_ i
xʷ	v	_ e m
xʷ	v	_ a
n	n	
w	v	
j	j	
j	∅	_ i
m	m	
l	l	
i	i	
i m	e ∅	_ #
e m	e ∅	
a	a	
a m	i ∅	w _
u	u	
u m	e ∅	
m	∅	. _ l
m l	n ∅	. _
m l	n ∅	. _
m l	n ∅	. _
m l	m l	. _
m l	∅ l	. _
m l	n ∅	. _
ᶑ ∅	r ∅	. _
ᶑ ∅	t r	. _
p r	k j	. _
pʰ r	∅ l	. _
f	fʷ	# _
f	fʷ	# _
ɣʷ	ɣ	. _
ɣʷ	ɣʷ	. _
l	l	. _
g r	kʰ l	. _
kʰ r	∅ r	. _
ɓ l	d ∅	. _
ɓ l	bʲ ∅	. _
g r	t l	. _
g	tʰ	. _ r
k r	h ∅	. _
kʰ r	s ∅	. _
r	∅	. kʰ _
kʰ r	h ∅	. _
kʰ r	kʲ ∅	. _
kʰ r	kʲ ∅	. _
kʰ r	s ∅	. _
kʰ r	s ∅	. _
r	∅	. kʰ _
r	∅	. kʰ _
kʰ r	h ∅	. _
kʰ r	h ∅	. _
kʰ r	kʲ ∅	. _
x r	s ∅	. _
x r	s ∅	. _
x r	s ∅	. _
x r	h ∅	. _
x r	h ∅	. _
x r	h ∅	. _
x r	kʰ ∅	. _
x r	kʰ ∅	. _
x r	kʰ ∅	. _
x r	kʰʲ ∅	. _
x r	kʰʲ ∅	. _
x r	kʰʲ ∅	. _
ɓ l	d ∅	. _
b	b	
t̠͡ʃʲ	ʈ͡ʂ	
t̠͡ʃʰʲ	ʈ͡ʂʰ	
ʃ	ʂ	
ɣ	x	
z	s	
i ∅	ə ɹ	n ʑ _ .
ɪ̆ ə	ə ɹ	n ʑ _ .
t ͡ r	t̠͡ʃ	
t ͡ r	t	
t ͡ r	t̠͡ʃ	
z	θ	
j	x	
ɓ l	d ∅	. _
ɓ l	d ∅	. _
ɓ l	d ∅	. _
ɓ l	d ∅	. _
ɓ l	∅ l	. _
ɓ l	d ∅	. _
m l	∅ l	. _
m l	∅ l	. _
m l	∅ l	. _
m l	∅ l	. _
r	tʰ	. _
r	ð	. _
n	l	. _
r	l	. _
d͡z	s	. _
z	s	. _
d͡z	sʰ	. _
z	sʰ	. _
d͡z	s	. _
z	s	. _
d͡z	s	. _
z	s	. _
d͡z	s	. _
z	s	. _
d͡z	s	. _
z	s	. _
d͡z	ɬ	. _
d͡z	ɬ	. _
z	ɬ	. _
s	tʰ	. _
d͡z	tʰ	. _
d͡z	s	. _
z	ɬ	. _
d͡z	ɬ	. _
z	θ	. _
d͡z	θ	. _
z	s	. _
d͡z	s	. _
d͡z	s	. _
t͡s	ɬ	. _
t͡s	θ	. _
t͡s	s	. _
ɟ	s	. _
j	j	. _
j	ɲ	. _
j	j	. _
j	j	. _
j	j	. _
x	x	. _
x	ɣ	. _
gʷ r	c ∅	. _
ŋ	ŋ	. _
ŋ	ŋ	. _
ŋ	ŋ	. _
ŋ	ŋ	. _
ŋ	ŋ	. _
xʷ	h	. _
xʷ	h	. _
xʷ	h	. _
ɣʷ	h	. _
ɣʷ	ɣ	. _
ɣʷ	h	. _
ɣ	h	. _
k	c	_ e
j	t͡s	
j	t͡s	
j	t͡s	
c	h	
d	r	
d	r	
c	ʃ	
d	r	
k	x	
p	β	
k	gʰ	
p	p	
p	h	
c	h	
k	x	
d	r	
k	x	
k	x	
g	g	
d	r	
c	h	
k	x	
k	x	
c	h	
c	h	
c	h	
k	x	
g	ɣ	
g	ɣ	
g	ɣ	
t	d͡r	
d	ṛ	
d	ṛ	
d	r	
t	d͡r	
d	ɽ	
d	ɽ	
d	ɽ	
t	d͡r	
d	ṛ	
d	ɽ	
d	ṛ	
d	r	
d	r	
d	r	
d	r	
d	r	
c	t	_ .
ɲ	ɴ	_ .
t	nˀ	_ .
ʔ	ɣ	. _
v l	d ∅	. _
v r	d ∅	. _
g	ɟ	. _
l	j	. g _
r	∅	. n _
ɲ	n	. _
ɲ	n	. _
z	ʐ	. _
z	ð	. _
l	d	. _
p	h	# _
ɓˀ	b	# _
p	f	# _
b	f	# _
b	v	# _
ɓˀ	b	# _
f	v	# _
b	v	# _
f	p	# _
kʰ l	kʰ ∅	. _
n	n	. _
t	d	# _
ɗ̥ˀ	d	# _
g	k	# _
g	k	# _
q	g	# _
qˀ	ɣ	# _
qˀ	q	# _
b	p	# _
t	nʰ	
p	p	# _
p	β	# _
b	b	# _
t	t	# _
d	d	# _
d	∅	# _
c	t͡s	# _
c	s	# _
ɟ	dʲ	# _
ɟ	d͡z	# N _
k	k	# _
k	ɣ	# _
g	k	# _
g	g	# N _
b	b	# _
m	m	# _
n	n	# _
nʲ	ɲ	# _
j	∅	# _
j	j	# N _
p	p	# _
p	β	# _
b	b	# _
t	t	# _
d	d	# _
d	∅	# _
c	t͡s	# _
c	s	# _
k	k	# _
k	ɣ	# _
g	k	# _
b	b	# _
d	d	# _
ɟ	d͡z	# _
g	g	# _
t	t	# _
c	t͡s	# _
m	m	# _
n	n	# _
nʲ	ɲ	# _
p	p	# _
p	β	# _
b	b	# _
t	t	# _
d	d	# _
d	l	# _
d	∅	# _
c	t͡s	# _
c	s	# _
ɟ	dʲ	# _
ɟ	d͡z	# N _
k	k	# _
k	ɣ	# _
g	k	# _
g	g	# N _
m	m	# _
n	n	# _
nʲ	ɲ	# _
j	∅	# _
j	j	# N _
p	p	# _
p	β	# _
b	b	# _
t	t	# _
d	d	# _
d	l	# _
d	∅	# _
c	t͡s	# _
c	s	# _
k	k	# _
k	ɣ	# _
g	k	# _
b	b	# _
d	d	# _
ɟ	d͡z	# _
g	g	# _
t	t	# _
c	t͡s	# _
m	m	# _
n	n	# _
nʲ	ɲ	# _
j	j	# _
p	p	# _
p	β	# _
b	b	# _
t	t	# _
t	r	# _
d	d	# _
d	l	# _
d	∅	# _
c	t͡s	# _
c	s	# _
ɟ	dʲ	# _
ɟ	d͡z	# N _
k	k	# _
k	ɣ	# _
g	k	# _
g	∅	# _
g	g	# N _
b	b	# _
m	m	# _
n	n	# _
j	∅	# _
j	j	# N _
p	p	# _
p	β	# _
b	b	# _
t	t	# _
t	r	# _
d	d	# _
d	l	# _
d	∅	# _
c	t͡s	# _
c	s	# _
k	k	# _
k	ɣ	# _
g	k	# _
b	b	# _
d	d	# _
ɟ	d͡z	# _
g	g	# _
t	t	# _
c	t͡s	# _
m	m	# _
n	n	# _
nʲ	ɲ	# _
j	j	# _
p	p	# _
p	β	# _
b	b	# _
t	t	# _
d	d	# _
d	l	# _
d	n	# _
c	t͡s	# _
c	s	# _
ɟ	dʲ	# _
ɟ	d͡z	# N _
k	k	# _
k	ɣ	# _
g	k	# _
g	ɣ	# _
g	g	# N _
m	m	# _
n	n	# _
j	∅	# _
j	j	# N _
p	p	# _
p	β	# _
b	b	# _
t	t	# _
d	l	# _
d	n	# _
d	d	# _ i
c	t͡s	# _
c	s	# _
k	ɣ	# _
g	ɣ	# _
g	k	# _
b	b	# _
d	d	# _
g	g	# _
m	m	# _
n	n	# _
nʲ	ɲ	# _
p	p	# _
p	β	# _
b	b	# _
t	t	# _
d	d	# _
d	l	# _
d	n	# _
c	t̠͡ʃ	# _
c	s	# _
ɟ	d͡z	# N _
k	k	# _
k	ɣ	# _
g	k	# _
g	ɣ	# _
g	g	# N _
b	b	# _
m	m	# _
n	n	# _
j	∅	# _
j	j	# N _
p	p	# _
p	β	# _
b	b	# _
t	t	# _
d	l	# _
d	n	# _
d	d	# _ i
c	t̠͡ʃ	# _
c	s	# _
k	ɣ	# _
k	k	# _
g	ɣ	# _
g	k	# _
b	b	# _
d	d	# _
ɟ	d͡z	# _
g	g	# _
m	m	# _
n	n	# _
nʲ	ɲ	# _
p	p	# _
p	β	# _
b	b	# _
t	t	# _
d	d	# _
d	∅	# _
d	n	# _
c	t͡s	# _
c	h	# _
ɟ	dʲ	# _
ɟ	d͡z	# N _
k	ɣ	# _
g	ɣ	# _
g	k	# _
g	g	# N _
m	m	# _
n	n	# _
j	∅	# _
j	j	# N _
p	p	# _
p	β	# _
b	b	# _
t	t	# _
d	n	# _
d	d	# _ i
d	∅	# _
c	t͡s	# _
c	h	# _
k	ɣ	# _
g	k	# _
b	b	# _
d	d	# _
g	g	# _
t	t	# _
c	t͡s	# _
m	m	# _
n	n	# _
nʲ	ɲ	# _
n	∅	# _ i ̝
n	ɲ	# _ i ̝
n	ɲ	# _ i ̝
n	∅	# _ i ̝
n	ɲ	# _ i ̝
n	∅	# _ i ̝
i ̝ i ̝	i i	
i i	i	
i i	i i	
i ̝ a	i	
i ̝ a	i a	
i ̝ a	i i	
i ̝ a	i ɛ	
i ̝ o	i	
i ̝ u	i	
i ̝ u ̝	i	
i i	e	
i i	e	
i i	i	
i i	i ɛ	
e e	ə	
i a	ə	
i a	e	
i a	e a	
i a	i a	
i o	ə	
i o	ə a	
i u	ə	
i u ̝	e	
i u ̝	ə	
e i ̝	ɛ	
e e	ə	
e e	ə ə	
e e	e e	
e e	ɛ	
e e	ə	
e e	ə ə	
e e	e	
e e	e e	
e e	ɛ	
e a	ə	
e a	ɛ	
e a	e e	
e o	ə	
e o	ə a	
e o	ɛ	
e u ̝	ə	
a i ̝	a	
a i ̝	ɛ	
a i	a	
a i	e e	
a i	ɛ	
a e	a	
a e	a a	
a e	ɛ	
a a	a	
a a	a a	
a a	ɛ	
a a	ɛ ɛ	
a o	a	
a u	a	
a u ̝	a	
a u ̝	ɛ	
o i ̝	w a	
o e	ɔ	
o e	w a	
o e	ɥ ɛ	
o a	ɔ	
o a	w a	
o a	ɥ ɛ	
o a	o	
o o	ɔ	
o o	w a	
o o	ɔ ɔ	
o o	o	
o o	ɔ	
o o	o	
o u ̝	ɔ	
u i ̝	o	
u i	o	
u i	o o	
u i	w a	
u i	ɥ i	
u e	o	
u a	o	
u a	o a	
u a	u	
o o	o	
o o	o ɔ	
o o	u	
o o	ɥ i	
u u	o	
u u	u	
u u	u u	
u u	ɥ i	
u u	o a	
u ̝ i	u	
u ̝ a	u	
u ̝ a	u a	
u ̝ a	o a	
u ̝ o	u	
u ̝ o	u a	
u u	u	
u ̝ u ̝	u	
u ̝ u ̝	u a	
u ̝ u ̝	ɥ i	
i ̝ i ̝	i i	
i ̝ a	i	
i ̝ a	i a	
i ̝ o	i	
i ̝ u	i	
i ̝ u ̝	i	
i i	e	
i i	e	
i i	ə	
i i	i	
e e	ə	
i a	e	
i a	e a	
i a	ə	
i o	ə	
i u	ə	
e e	ə	
e e	e	
e e	ə ə	
e e	ə	
e e	e	
e e	ɥ e	
e e	a a	
e a	e	
e a	e e	
e a	ə	
e a	ə ə	
e o	ə	
e o	e	
a i ̝	a	
a i ̝	ɛ	
a i	a	
a i	ɛ	
a a	a	
a a	a a	
a a	a ə	
a a	e	
a a	ɛ	
a o	a	
a u	a	
a u	a a	
a a	a	
o e	ɔ	
o e	w a	
o a	o	
o a	w a	
o a	o a	
o o	o	
o o	w a	
o o	ɔ	
o o	ɔ ɔ	
o u ̝	ɔ	
u i ̝	o	
u i ̝	ɔ	
u i	o	
u i	w a	
u i	o ə	
u i	ɔ	
u e	ɔ	
u e	o	
u a	o	
u a	ɔ	
u a	ɥ i	
o o	o	
o o	ɥ i	
u u	o	
u u	ɔ	
u u	ɥ i	
u u	u u	
u ̝ i ̝	ɥ i	
u ̝ a	u	
u ̝ a	u a	
u ̝ a	o a	
u ̝ o	u	
u ̝ o	u a	
u u	u	
u ̝ u ̝	u	
u ̝ u ̝	ɥ i	
i ̝ i ̝	i i	
i ̝ a	i	
i ̝ a	i a	
i ̝ o	i	
i ̝ u	i	
i i	ə	
i i	e	
e e	ə	
i a	e	
i a	ə	
i o	ə	
i u ̝	e	
e i ̝	ɛ	
e e	ə ə	
e e	e	
e e	ə	
e e	ɛ	
e e	ə ə	
e a	ə	
e a	e	
e a	ə ə	
e o	ə	
e o	e	
a i ̝	a a	
a i	a	
a e	a ə	
a a	a	
a a	a a	
a a	ɛ	
a a	e	
a o	a	
a u	a	
a u	a a	
a a	a	
o i ̝	w a	
o e	w a	
o a	ɔ	
o a	w a	
o a	o	
o o	ɔ	
o o	ɔ ɔ	
o o	ɔ	
o u ̝	ɔ	
u i ̝	o	
u i	o	
u i	w a	
u e	o	
u a	ɔ	
u a	o	
o o	o	
o o	ɥ i	
u u	o	
u u	u u	
u u	o	
u ̝ i ̝	ɥ i	
u ̝ a	u	
u ̝ a	u a	
u ̝ a	o a	
u ̝ o	u	
u ̝ o	m ̀	
u u	u	
u ̝ u ̝	u	
u ̝ u ̝	ɥ i	
u ̝ u ̝	u ə	
i ̝ i ̝	i i	
i i	i i	
i ̝ a	i	
i ̝ a	i a	
i ̝ a	i ə	
i ̝ a	i ɛ	
i ̝ o	i	
i ̝ o	i ə	
i ̝ u	i	
i ̝ u ̝	i	
i i	e	
i i	ɛ	
i i	e	
i i	ə	
e e	ə	
i a	e	
i a	ə	
i a	a a	
i a	i	
i a	i ə	
i o	ə	
i o	e	
i u	ə	
i u ̝	e	
e e	ə ə	
e e	ə	
e e	e	
e e	ə	
e e	ə ə	
e e	e	
e e	e e	
e a	ə	
e a	ə ə	
e a	ɛ	
e a	a a	
e o	ə	
e o	e	
e u ̝	ə	
e u ̝	ə ə	
a i ̝	a	
a i ̝	ɛ	
a i	a	
a i	a ə	
a i	ɛ	
a e	e	
a e	a ə	
a a	a	
a a	a a	
a a	a ə	
a a	ɛ	
a a	ɔ	
a o	a	
a u	a	
a u	a a	
a u ̝	a	
a u ̝	ɛ	
o o	ɔ	
o e	ɔ	
o e	ɔ ə	
o e	w ɛ	
o a	ɔ	
o a	o	
o a	ɥ ɛ	
o o	ɔ	
o o	ɔ ɔ	
o o	o	
o o	o	
o u ̝	ɔ	
u i ̝	o	
u i ̝	ɔ	
u i	o	
u i	ɔ	
u e	o	
u a	o	
u a	o a	
u a	ɥ ɛ	
u a	y	
u a	ɔ	
o o	o	
o o	o ɔ	
o o	ɥ i	
o o	u	
u u	o	
u u	y	
u u	u	
u u	u u	
u ̝ i ̝	u	
u ̝ i ̝	u ə	
u ̝ i	u	
u ̝ a	u	
u ̝ a	u a	
u ̝ o	u	
u ̝ o	u a	
u u	u	
u ̝ u ̝	u	
u ̝ u ̝	u u	
u ̝ u ̝	y	
i ̝ i ̝	i i	
i i	i	
i ̝ a	i	
i ̝ a	i a	
i ̝ o	i	
i ̝ u	i	
i ̝ u ̝	i	
i i	ə	
e e	ə	
i a	ə	
i a	ə a	
i a	i	
i o	ə	
i u	ə	
e i ̝	i	
e e	ə a	
e e	ə	
e e	ə ə	
e a	ə	
e a	ə ə	
e o	ə	
e o	ə a	
e ə	ə	
a i ̝	a	
a i	a	
a e	a ə	
a a	a	
a a	a a	
a a	a ə	
a a	ɛ	
a o	a	
a u	a	
o i ̝	ɔ	
o a	ɔ	
o o	ɔ	
o o	o a	
o o	ɔ	
o u ̝	ɔ	
u i ̝	o a	
u i	o	
u i	o e	
u i	ɔ	
u i	y	
u e	o	
u e	u	
u a	o	
u a	u	
o o	o	
o o	ɥ i	
u u	o	
u u	u	
u u	y	
u ̝ i ̝	u	
u ̝ a	u	
u ̝ a	u a	
u ̝ a	y	
u ̝ a	∅ a	
u ̝ a	o a	
u ̝ o	∅	
u ̝ o	∅ a	
u u	u	
u u	y	
u ̝ u ̝	u	
i ̝ i ̝	i i	
i i	i i	
i ̝ a	i	
i ̝ a	i a	
i ̝ o	i	
i ̝ u	i	
i i	ə	
i i	e	
e e	e	
i a	ə	
i a	e	
i o	ə	
i u	ə	
e i ̝	ɛ	
e i ̝	e	
e e	e	
e e	ɛ	
e e	e	
e e	ə	
e e	ə ə	
e a	ə	
e a	e	
e a	ə ə	
e o	e	
e o	ə	
a i ̝	aː ∅ ∅	
a i ̝	a	
a i	a	
a e	a ə	
a a	a	
a a	e	
a a	a a	
a o	a	
a u	a	
a u	a a	
a u ̝	a	
o i ̝	w a	
o e	w a	
o a	ɔ	
o a	w a	
o o	ɔ	
o o	w a	
o o	o	
o o	ɔ ɔ	
o o	o	
o o	u	
o o	ɔ	
o u ̝	ɔ	
u i ̝	o	
u i	o	
u i	w a	
u i	ɥ i	
u i	o ə	
u e	o	
u a	o	
o o	o	
u u	u u	
u ̝ i ̝	ɥ i	
u ̝ a	u	
u ̝ a	u a	
u ̝ a	o a	
u ̝ o	u	
u u	u	
u ̝ u ̝	u	
u ̝ u ̝	ɥ i	
i ̝ i ̝	i i	
i ̝ a	i	
i ̝ o	i	
i ̝ u	i	
i i	e	
i i	ə	
i i	ɛ	
i i	i ə	
e e	ə	
i a	e	
i a	ə	
i o	e	
i o	ə	
e i ̝	e	
e e	ə ə	
e e	ə	
e e	ə ə	
e e	ə a	
e e	e	
e e	i	
e a	ə	
e a	ə ə	
e a	e	
e o	ə	
a a	a	
a a	a a	
a a	ɛ	
a a	e	
a o	a	
a o	a a	
a u	a	
o i ̝	w a	
o e	w a	
o a	ɔ	
o a	w a	
o a	o	
o o	ɔ	
o o	ɔ	
o u ̝	w a	
u i ̝	ʊ	
u i	o	
u i	o	
u i	w a	
u i	ɥ i	
u e	ʊ		
u a	o	
u a	ʊ	
o o	o	
u u	ɔ	
u u	u u	
u u	ɥ i	
u ̝ i ̝	ɥ i	
u ̝ a	u	
u ̝ a	u a	
u ̝ a	∅ a	
u ̝ o	o	
u u	u	
u ̝ u ̝	u	
u ̝ u ̝	ɥ i	
i ̝ i ̝	i i	
i i	i i	
i ̝ a	i	
i ̝ o	i	
i ̝ u	i	
i i	e	
e e	ə	
i a	ə	
i a	e	
i o	ə	
i o	i ɛ	
i u	ə	
e i ̝	ɛ ɛ	
e e	ɛ	
e e	ə	
e e	ə ə	
e a	ə	
e a	ɛ	
e o	ə	
e o	ə a	
e o	ɛ	
a i ̝	a	
a i ̝	ɛ ɛ	
a i	a a	
a i	ɛ	
a a	a	
a a	a a	
a a	ɥ ɛ	
a a	ɛ	
a o	a	
a u	a	
a u ̝	a	
o i ̝	w a	
o e	w a	
o a	ɔ	
o a	w a	
o o	ɔ	
o o	ɔ ɔ	
o o	w a	
o o	o	
o o	ɔ	
o u ̝	ɔ	
u i ̝	o	
u i	o	
u i	ɥ i	
u e	o	
u a	o	
o o	o	
u u	o	
u u	u u	
u u	ɥ i	
u ̝ a	u	
u ̝ a	u a	
u ̝ o	u	
u ̝ u ̝	u	
u ̝ u ̝	ɥ i	
i d	e ɲ	
e d	ɛ ɲ	
a d	ɛ ɲ	
o ∅ d	ɥ ɛ ɲ	
o d	ɛ ɲ	
u ∅ d	ɥ i ɲ	
u d	i ɲ	
u ∅ d	ɥ e ɲ	
u d	e ɲ	
u ̝ ∅ d	ɥ i ɲ	
u ̝ d	i ɲ	
i ̝	i	
i ̝	iː	
i	ə	
i	e	
i	i	
i	iː	
i	eː	
e	ə	
e	e	
e	ɛ	
e	əː	
e	eː	
a	a	
a	aː	
a	ɛ	_ d
o	ɔ	
o	o	
o	ɛ	
o	ɔː	
u	o	
u	u	
u	oː	
u	uː	
u	ɔː	
u ̝	u	
u ̝	uː	
p	f	# _
p	v	# _
p	b	# _
p	v	# N _
p	p	_ #
p	b	# _
t	t	# _
t	l	# _
t	t͡s	# _ i ̝
t	s	# _
t	d	# _
t	d	# _
t	n	# _
t	t	_ #
t	l	# _
t	r	# _
t	∅	# _
c	s	# _
c	t͡s	# _
c	z	# _
c	s	_ #
c	∅	# _
k	k	# _
k	∅	# _
k	j	# _
k	g	# _
k	k ͡ p	# _
k	n	# _
k	ʔ	# _
k	∅	# _
k	k	# _
b	b	# _
b	ɡ͡b	# _
b	v	# N _
b	v	# _
b	f	# _
b	m	# _
b	∅	# _
b	p	_ #
b	b	# _
b	∅	# _
d	j	# _
d	d	# _ u ̝
d	d	# N _
d	d͡z	# _ i ̝
d	d͡z	# N _ i ̝
d	z	# _
d	ɲ	# N _
d	l	# _
d	n	# _
d	ɲ	_ #
d	b	# _
d	∅	# _
ɟ	z	# _
ɟ	∅	# _
ɟ	d͡z	# _
ɟ	ɲ	# N _
ɟ	s	# _
j	j	# _
j	∅	# _
j	d͡z	# _
j	d	# _
j	d͡z	# _
j	l	# _
j	ɲ	# _
j	w	# _
j	ɲ	# _
g	k	# _
g	g	# N _
g	w	# _ o
g	∅	# _
g	ʔ	# _
g	∅	# _
m	m	
n	n	# _
n	l	# _
n	n	# _
n	∅	# _
p	p	# _
t	n	# _
b	v	# _
b	m	# _
b	ɡ͡b	# _
d	ɲ	# _
d	n	# _
d	∅	# _
d	d	# _
d	d͡z	# _
g	ŋ	_ #
g	∅	# _
i d	e ɲ	
e d	e ɲ	
a d	e ɲ	
a d	ɛ ɲ	
o ∅ d	ɥ e ɲ	
o d	e ɲ	
u ∅ d	ɥ i ɲ	
u ̝ ∅ d	ɥ i ɲ	
i ̝	i	
i ̝	iː	
i ̝	eː	
i	ə	
i	e	
i	i	
i	iː	
i	eː	
e	ə	
e	e	
e	əː	
e	eː	
a	a	
a	aː	
a	e	_ d
a	ɛ	
a	ɛː	
o	ɔ	
o ∅	w a	_ k
o	ɔː	
o	o	
u	o	
u	ɔ	
u	u	
u	oː	
u	uː	
u ̝	u	
u ̝	uː	
p	f	# _
p	v	# _
p	v	# N _
p	b	# _
p	p	_ #
t	t	# _
t	l	# _
t	t͡s	# _ i ̝
t	n	# _
t	t	_ #
t	∅	# _
t	r	# _
t	l	# _
c	s	# _
c	ʃ	# _ u d
c	t͡s	# _
c	z	# _
c	s	_ #
k	k	# _
k	g	# _
k	∅	# _
k	k	_ #
k	x	_ #
k	ɣ	# _
k	∅	# _
b	b	# _
b	v	# N _
b	m	# _
b	∅	# _
b	p	_ #
b	b	# _
b	∅	# _
d	j	# _
d	t	# _
d	d	# _ u ̝
d	d	# N _
d	d	# N _
d	d͡z	# _ i ̝
d	d͡z	# _ i
d	z	# _ u ̝
d	n	# _
d	ɲ	_ #
d	∅	# _
d	r	# _
d	l	# _
d	l	_ #
d	n	# _
ɟ	z	# N _
ɟ	d͡z	# _
ɟ	ɲ	# N _
ɟ	∅	# _
j	j	# _
j	d͡z	# _
j	w	# _
j	∅	# _
j	d	# _
j	l	# _
j	ɲ	# _
j	ɲ	# _
g	k	# _
g	g	# N _
g	k	_ #
g	x	_ #
g	ɣ	# _
g	∅	# _
m	m	
n	n	# _
n	l	# _
n	n	# _
n	∅	# _
p	∅	# _
t	n	# _
b	v	# _
b	m	# _
b	ŋ	# _
b	ɡ͡b	# _
d	ɲ	# _
d	n	# _
g	ŋ	# _
g	∅	# _
i d	e ɲ	
e d	ɛ ɲ	
e d	e ɲ	
a d	e ɲ	
o ∅ d	w e ɲ	
o d	eː ∅	
u ∅ d	ɥ i ɲ	
u ̝ ∅ d	ɥ i ɲ	
i ̝	i	
i ̝	iː	
i	ə	
i	əː	
i	e	
i	i	
e	ə	
e	e	
e	əː	
e	ɛ	
a	a	
a	aː	
a	ɛ	_ d
a	ɛː	
o	ɔ	
o	ɔː	
o	o	
u	o	
u	oː	
u	u	
u	uː	
u	ɔ	
u ̝	u	
u ̝	uː	
p	f	# _
p	v	# _
p	v	# N _
p	b	# _
p	p	_ #
t	t	# _
t	l	# _
t	n	# _
t	t͡s	# _ i ̝
t	∅	# _
t	t	_ #
t	∅	# _
t	r	# _
c	s	# _
c	∅	# _
k	k	# _
k	t̠͡ʃ	# _ i ̝
k	g	# _
k	w	# _
k	k ͡ p	# _
k	∅	# _
k	k	_ #
k	∅	# _
k	ɣ	# _
b	b	# _
b	v	# N _
b	∅	# _
b	p	_ #
b	b	# _
b	∅	# _
d	j	# _
d	d	# _ u ̝
d	d	# N _
d	d͡z	# _ i ̝
d	d͡z	# N _ i ̝
d	ɲ	# N _
d	n	# _
d	s	# _
d	ɲ	_ #
d	∅	# _
d	l	# _
d	r	# _
d	s	# _
ɟ	z	# N _
ɟ	ɲ	# N _
ɟ	∅	# _
ɟ	d͡z	# _
j	j	# _
j	∅	# _
j	d͡z	# _
j	w	# _
j	d͡z	# _
j	ɲ	# _
g	k	# _
g	t̠͡ʃ	# _ i ̝
g	g	# N _
g	d̠͡ʒ	# _ u ̝ d
g	k	# _
g	∅	# _
m	m	
m	ḿ	
n	n	# _
n	l	# _
n	n	# _
n	∅	# _
p	p	# _
b	m	# _
d	n	# _
g	ŋ	# _
g	∅	# _
i d	e ∅	
e d	e ∅	
a d	ɛ ∅	
o ∅ d	w ɛ ∅	
o d	ɛ ∅	
u ∅ d	ɥ i ∅	
u d	y ∅	
u d	i ∅	
u ̝ ∅ d	ɥ i ∅	
u ̝ d	y ∅	
u ̝ d	i ∅	
i ̝	i	
i ̝	iː	
i	ə	
i	e	
i	i	
i	eː	
i	iː	
e	ə	
e	e	
e	ɛ	
e	əː	
a	a	
a	aː	
a	ɛ	_ d
a	e	_ d
o	ɔ	
o	ɔː	
o	o	
u	o	
u	u	
u	ɔ	
u	y	_ d
u ̝	u	
u ̝	y	_ d
p	f	# _
p	v	# _
p	b	# _
p	v	# N _
p	p	_ #
p	∅	# _
p	b	# _
t	t	# _
t	l	# _
t	t͡s	# _ i ̝
t	s	# _
t	d	# N _
t	t	_ #
t	l	# _
t	r	# _
t	∅	# _
c	s	# _
c	ʃ	# _ u ̝ d
c	ʃ	# _
c	t͡s	# _ i ̝
c	z	# _
c	s	_ #
c	∅	# _
k	k	# _
k	g	# N _
k	t͡s	# _
k	∅	# _
k	j	# _
k	n	# _
k	k	_ #
k	∅	# _
k	ɣ	# _
b	b	# _
b	v	# N _
b	f	# _
b	ɡ͡b	# _
b	∅	# _
b	p	_ #
b	b	# _
b	∅	# _
d	j	# _
d	d͡z	# _ i ̝
d	d͡z	# _
d	d͡z	# N _ i ̝
d	l	# _
d	ɲ	# N _
d	z	# _
d	n	# _
d	s	# _
d	l	# _
d	∅	# _
d	r	# _
d	t	_ #
ɟ	z	# _
ɟ	∅	# _
ɟ	d͡z	# _
ɟ	ɲ	# N _
j	j	# _
j	d͡z	# _
j	d͡z	# _
j	w	# _
j	l	# _
j	∅	# _
j	ɲ	# _
j	∅	# _
g	k	# _
g	g	# N _
g	w	# _
g	k	_ #
g	ɣ	# _
g	g	# _
g	∅	# _
m	m	
n	n	# _
n	l	# _
n	d	# _
n	n	# _
n	∅	# _
p	p	# _
t	n	# _
b	v	# _
b	m	# _
b	ɡ͡b	# _
d	ɲ	# _
d	n	# _
d	d	# _
g	ŋ	_ #
g	∅	# _
i d	iː ∅	
e d	iː ∅	
a d	ɛː ∅	
o d	ɛ ∅	
u ∅ d	ɥ iː ∅	
u ̝ d	jː ∅	
i ̝	i	
i ̝	iː	
i ̝	i	_ d
i	ə	
i	i	
i	iː	
i	əː	
e	ə	
e	iː	_ d
a	a	
a	aː	
a	ɛ	
a	ɛː	
o	ɔ	
o	ɔː	
o	u	
o	o	
u	o	
u	oː	
u	u	
u	ɔ	
u	yː	
u ̝	u	
u ̝	∅	
u ̝	iː	
u ̝	yː	
p	f	# _
p	v	# _
p	b	# _
p	ȸ ͡ v	# _ i ̝
p	p	_ #
p	∅	# _
t	t	# _
t	l	# _
t	s	# _
t	t̠͡ʃ	# _ i
t	n	# _
t	∅	# _
t	t	_ #
t	∅	# _
c	s	# _
c	s	_ #
k	k	# _
k	t̠͡ʃ	# _ i ̝
k	k ͡ p	# _ u a d
k	w	# _
k	g	# _
k	n	# _
k	k	_ #
k	∅	# _
k	ɣ	# _
b	b	# _
b	ȸ ͡ v	# _ u ̝
b	v	# N _
b	m	# _
b	∅	# _
b	p	_ #
b	∅	# _
d	j	# _
d	d	# _
d	d	# N _
d	d͡z	# _ i ̝
d	z	# _
d	n	# _
d	ʒ	# _
d	ɲ	# _
d	d͡z	# _
d	l	# _
d	∅	# _
d	r	# _
d	n	_ #
ɟ	z	# N _
ɟ	z	# _
ɟ	ɲ	# N _
ɟ	∅	# _
j	j	# _
j	d	# _
j	d͡z	# _
j	z	# _
j	w	# _
j	ɲ	# _
j	∅	# _
g	k	# _
g ∅	k f	# _ ʉ
g	g	# N _
g	t̠͡ʃ	# _ i ̝
g	d̠͡ʒ	# _ u ̝ d
g	k	_ #
g	ɣ	# _
g	∅	# _
g	r	# _
m	m	
m	ḿ	
n	n	# _
n	n	# _
n	∅	# _
p	p	# _
t	t	# _
b	m	# _
b	ŋ	# _
d	n	# _
d	d͡z	# _
g	ŋ	_ #
g	∅	# _
i d	e ɲ	
e d	e ɲ	
e d	ɛ ɲ	
a d	ɛ ɲ	
o ∅ d	w ɛ ɲ	
u ∅ d	ɥ i ɲ	
u ̝ ∅ d	ɥ i ɲ	
u ̝ d	i ɲ	
i ̝	i	
i ̝	iː	
i	ə	
i	əː	
i	e	
i	iː	
e	e	
e	ə	
e	əː	
e	ɛ	
a	a	
a	aː	
a	ɛ	_ d
a	e	_ d
o	ɔ	
o	ɔː	
o	o	
u	o	
u	oː	
u	uː	
u	ɔ	
u ̝	u	
u ̝	uː	
p	f	# _
p	v	# _
p	b	# _
p	p	_ #
t	t	# _
t	l	# _
t	t͡s	# _ i ̝
t	n	# _
t	s	# _
t	t	_ #
t	∅	# _
t	r	# _
c	s	# _
c	ʃ	# _ u ̝ d
c	t͡s	# _
c	s	_ #
c	∅	_ #
k	k	# _
k	g	# N _
k	t̠͡ʃ	# _ i ̝
k	k ͡ p	# _ o d
k	∅	# _
k	k	_ #
k	∅	# _
k	ɣ	# _
b	b	# _
b	ɡ͡b	# _ u ̝ d
b	v	# N _
b	∅	# _
b	p	_ #
b	b	# _
b	∅	# _
d	j	# _
d	d	# N _
d	d	# _ u ̝
d	n	# _
d	ɲ	# N _
d	d͡z	# _ i ̝
d	d͡z	# N _ i ̝
d	d͡z	# _ i
d	ɲ	_ #
d	∅	# _
d	l	# _
d	r	# _
d	n	_ #
ɟ	z	# _
ɟ	ɲ	# _
ɟ	∅	# _
ɟ	d͡z	# _
ɟ	∅	_ #
j	j	# _
j	∅	# _
j	d͡z	# _
j	d͡z	# _
j	w	# _
j	ɲ	# _
g	k	# _
g	g	# N _
g	∅	# _
g	k	_ #
g	ɣ	# _
g	∅	# _
m	m	
n	n	# _
n	l	# _
n	n	# _
n	∅	# _
p	p	# _
t	t	# _
b	m	# _
d	n	# _
g	ŋ	# _
g	∅	# _
i d	e ɲ	
e d	e ɲ	
e d	i ɲ	
a d	e ɲ	
o ∅ d	w e ɲ	
o d	e ɲ	
u ∅ d	ɥ i ɲ	
u ̝ ∅ d	ɥ i ∅	
i ̝	i	
i ̝	iː	
i	ə	
i	e	
i	iː	
i	ɛ	
i	iː	
i	əː	
e	ə	
e	e	
e	i	_ d
e	əː	
a	a	
a	ɛː	
a	ɛ	
a	e	_ d
a	aː	
o	ɔ	
o ∅	w a	_ k
o	ɔː	
o	o	
u	o	
u	ʊ	
u	ɔ	
u	u	
u	ʊː	
u	oː	
u ̝	u	
u ̝	uː	
u ̝	∅	
u ̝	ʊ	
p	f	# _
p	v	# _
p	b	# _
p	p	_ #
p	b	# _
t	t	# _
t	l	# _
t	t	_ #
t	∅	# _
t	r	# _
c	s	# _
c	∅	# _
c	s	_ #
k	k	# _
k	k ͡ p	# _
k	∅	# _
k	k	_ #
k	∅	# _
k	ɲ	# _
b	b	# _
b	ɡ͡b	# _
b	v	# N _
b	∅	# _
b	m	# _
b	p	_ #
b	b	# _
b	∅	# _
d	j	# _
d	d	# N _
d	d	# _
d	d͡z	# N _ i ̝
d	z	# _
d	ɲ	# N _
d	ɲ	_ #
d	∅	# _
d	l	# _
d	r	# _
ɟ	z	# N _
ɟ	z	# _
ɟ	ɲ	# N _
ɟ	∅	# _
j	j	# _
j	∅	# _
j	w	# _
j	ɲ	# _
g	k	# _
g	g	# N _
g	∅	# _
g	k	_ #
g	ɣ	# _
g	∅	# _
m	m	
m	ḿ	
n	n	# _
n	l	# _
n	n	# _
p	p	# _
t	t	# _
b	m	# _
d	ɲ	# _
d	d	# _
g	ŋ	# _
g	∅	# _
i d	e ɲ	
e d	ɛ ɲ	
a d	ɛ ɲ	
o ∅ d	ɥ e ɲ	
o d	e ɲ	
u ∅ d	ɥ i ɲ	
u ̝ ∅ d	ɥ i ɲ	
i ̝	i	
i ̝	iː	
i	ə	
i	e	
i	iː	
e	ə	
e	e	
e	ɛ	
a	a	
a	aː	
a	ɛ	_ d
o	ɔ	
o	o	
o	ɔː	
u	o	
u	oː	
u	u	
u	uː	
u	ɔ	
u ̝	u	
u ̝	uː	
p	f	# _
p	v	# _
p	b	# _
p	p	_ #
t	t	# _
t	l	# _
t	t͡s	# _ i ̝
t	n	# _
t	t	_ #
t	∅	# _
t	r	# _
c	s	# _
c	t̠͡ʃ	# _
c	s	_ #
k	k	# _
k	g	# N _
k	w	# _
k	∅	# _
k	j	# _
k	ʔ	# _
k	∅	# _
b	b	# _
b	ɡ͡b	# _
b	v	# N _
b	∅	# _
b	p	_ #
b	b	# _
b	∅	# _
d	j	# _
d	d	# N _
d	d̠͡ʒ	# _ i ̝
d	l	# _
d	t	# _
d	ɲ	# N _
d	n	# _
d	ɲ	_ #
d	∅	# _
d	l	# _
ɟ	z	# _
ɟ	ɲ	# _
ɟ	∅	# _
ɟ	∅	# _
j	j	# _
j	∅	# _
j	ɲ	# _
g	k	# _
g	g	# N _
g	ʔ	# _
m	m	
n	n	# _
n	n	# _
p	p	# _
b	m	# _
d	ɲ	# _
d	n	# _
g	ŋ	_ #
g	∅	# _
d	ɲ	# _
t	t	N _
t	t	N _
t	t	N _
t	t	N _
t	t	N _
t	t	N _
t	t	N _
t	t	N _
t	t	N _
t	t	N _
t	t̠͡ʃ	N _
t	t̠͡ʃ	N _
t	t̠͡ʃ	N _
t	h	N _
t	h	N _
t	h	N _
t	h	N _
t	h	N _
t	h	N _
t	h	N _
t	h	N _
t	h	N _
t	h	N _
t	h	N _
t	r	N _
t	r	N _
t	r	N _
t	r	N _
t	t ͡ r	N _
t	t ͡ r	N _
t	t ͡ r	N _
t	t ͡ r	N _
t	t ̪	N _
t	r̥	N _
t	r	N _
t	r	N _
k	k	
k	k	
k	k	
k	k	
k	k	
k	k	
k	k	
k	k	
k	k	
k	k	
k	k	
k	k	
k	k	
k	k	
k	k	
k	k	
k	k	
k	k	
k	k	
k	k	
k	k	
k	k	
k	k	
k	k	
k	k	
k	k	
k	k	
k	h	
k	h	
k	h	
k	h	
k	t̠͡ʃ	_ e
k	t̠͡ʃ	_ e
k	t̠͡ʃ	_ e
k	t̠͡ʃ	_ e
k	t̠͡ʃ	_ e
k	kʲ	_ e
k	ʃ	_ e
k	ʃ	_ e
c	t̠͡ʃ	
c	t̠͡ʃ	
c	t̠͡ʃ	
c	t̠͡ʃ	
c	t̠͡ʃ	
c	t̠͡ʃ	
c	t̠͡ʃ	
c	t̠͡ʃ	
c	t͡s	
c	t͡s	
c	t͡s	
c	t͡s	
c	t͡s	
c	t͡s	
c	t͡s	
c	t͡s	
c	t͡s	
c	t͡s	
c	t͡s	
c	t͡s	
c	t͡s	
c	t͡s	
c	t ̪	
c	t ̪	
c	t ̪	
c	t ̪	
c	t ̪	
c	t ̪	
c	t ̪	
c	t ̪	
c	s	
ɓ	∅	_ u
ɓ	∅	_ u
ɗ	l	
ɗ	l	
ɗ	l	
ɗ	l	
ɗ	l	
ɗ	l	
ɗ	l	
ɗ	l	
ɗ	l	
ɗ	l	
ɗ	l	
ɗ	l	
ɗ	r	
ɗ	r	
ɗ	ɮ	
ɗ	l	
ɗ	l	
ɗ	l	
ɗ	l	
ɗ	l	
ɗ	l	
ɗ	l	
ɗ	l	
ɗ	l	
ɗ	l	
ɗ	l	
ɗ	l	
ɗ	l	
ɗ	l	
ɗ	l	
ɗ	l	
ɗ	l	
ɗ	∅	_ e
ɗ	∅	_ e
ɗ	∅	_ e
ɗ	∅	_ e
ɗ	∅	_ e
ɗ	∅	_ e
ɗ	∅	
ɗ	j	
ɗ	j	
ɗ	j	
g	g	
g	g	
g	g	
g	g	
g	g	
g	g	
g	g	
g	g	
g	g	
g	g	
g	g	
g	g	
g	g	
g	g	
g	g	
g	g	
g	g	
g	g	
g	∅	
g	∅	
g	∅	
g	j	
g	g	
g	g	
g	g	
g	g	
g	g	
g	g	
g	g	
g	g	
g	g	
g	g	
g	∅	
g	∅	
g	∅	
g	∅	
g	∅	
g	∅	
g	∅	
g	∅	
g	∅	
g	∅	
g	ɟ	_ e
g	ɟ	_ e
g	ɟ	_ e
g	ɟ	_ e
g	ɟ	_ e
g	ɟ	_ e
g	ɟ	_ e
g	ɟ	_ e
g	ɟ	_ e
g	ɟ	_ e
ɟ	d͡z	
ɟ	d͡z	
ɟ	d͡z	
ɟ	d͡z	
ɟ	d͡z	
ɟ	d͡z	
ɟ	d͡z	
ɟ	d͡z	
ɟ	d͡z	
ɟ	d͡z	
ɟ	ʄ	
ɟ	ʄ	
ɟ	ʄ	
ɟ	ʄ	
ɟ	ʄ	
ɟ	ʄ	
ɟ	ʄ	
ɟ	ʄ	
ɟ	ʄ	
ɟ	d̠͡ʒ	
ɟ	d̠͡ʒ	
ɟ	d̠͡ʒ	
ɟ	ʒ	
ɟ	ʒ	
ɟ	ʒ	
ɟ	j	
ɟ	j	
ɟ	∅	
ɟ	j	
ɟ	j	
ɟ	∅	
ɟ	∅	
ɟ	j	
ɟ	∅	
ɟ	z	
ɟ	ʄ	
p	f	_ u ̝
p	f	_ u ̝
p	f	_ u ̝
p	f	_ u ̝
p	f	_ u ̝
p	f	_ u ̝
p	f	_ u ̝
p	f	_ u ̝
p	f	_ u ̝
p	f	_ u ̝
p	f	_ u ̝
p	f	_ u ̝
p	f	_ u ̝
p	f	_ u ̝
p	f	_ u ̝
p	f	_ u ̝
p	f	_ u ̝
p	f	_ u ̝
p	f	_ u ̝
p	f	_ u ̝
p	f	_ u ̝
p	f	_ u ̝
p	f	_ u ̝
p	f	_ u ̝
p	f	_ u ̝
p	f	_ u ̝
p	f	_ u ̝
p	f	_ u ̝
p	f	_ u ̝
p	f	_ u ̝
p	f	_ u ̝
t	f	_ u ̝
t	f	_ u ̝
t	f	_ u ̝
t	f	_ u ̝
t	f	_ u ̝
t	f	_ u ̝
t	f	_ u ̝
t	f	_ u ̝
t	f	_ u ̝
t	f	_ u ̝
t	f	_ u ̝
t	f	_ u ̝
t	f	_ u ̝
t	f	_ u ̝
t	f	_ u ̝
t	f	_ u ̝
t	f	_ u ̝
t	f	_ u ̝
t	f	_ u ̝
t	f	_ u ̝
t	f	_ u ̝
t	f	_ u ̝
t	f	_ u ̝
t	f	_ u ̝
t	f	_ u ̝
t	f	_ u ̝
t	f	_ u ̝
t	f	_ u ̝
t	f	_ u ̝
t	f	_ u ̝
t	f	_ u ̝
k	f	_ u ̝
k	f	_ u ̝
k	f	_ u ̝
k	f	_ u ̝
k	f	_ u ̝
k	f	_ u ̝
k	f	_ u ̝
k	f	_ u ̝
k	f	_ u ̝
k	f	_ u ̝
k	f	_ u ̝
k	f	_ u ̝
k	f	_ u ̝
k	f	_ u ̝
k	f	_ u ̝
k	f	_ u ̝
k	f	_ u ̝
k	f	_ u ̝
k	f	_ u ̝
k	f	_ u ̝
k	f	_ u ̝
k	f	_ u ̝
k	f	_ u ̝
k	f	_ u ̝
k	f	_ u ̝
k	f	_ u ̝
k	f	_ u ̝
k	f	_ u ̝
k	f	_ u ̝
k	f	_ u ̝
k	f	_ u ̝
b	v	_ u ̝
b	v	_ u ̝
b	v	_ u ̝
b	v	_ u ̝
b	v	_ u ̝
b	v	_ u ̝
b	v	_ u ̝
b	v	_ u ̝
b	v	_ u ̝
b	v	_ u ̝
b	v	_ u ̝
b	v	_ u ̝
b	v	_ u ̝
b	v	_ u ̝
b	v	_ u ̝
b	v	_ u ̝
b	v	_ u ̝
b	v	_ u ̝
b	v	_ u ̝
b	v	_ u ̝
b	v	_ u ̝
b	v	_ u ̝
b	v	_ u ̝
b	v	_ u ̝
b	v	_ u ̝
b	v	_ u ̝
b	v	_ u ̝
b	v	_ u ̝
b	v	_ u ̝
b	v	_ u ̝
b	v	_ u ̝
d	v	_ u ̝
d	v	_ u ̝
d	v	_ u ̝
d	v	_ u ̝
d	v	_ u ̝
d	v	_ u ̝
d	v	_ u ̝
d	v	_ u ̝
d	v	_ u ̝
d	v	_ u ̝
d	v	_ u ̝
d	v	_ u ̝
d	v	_ u ̝
d	v	_ u ̝
d	v	_ u ̝
d	v	_ u ̝
d	v	_ u ̝
d	v	_ u ̝
d	v	_ u ̝
d	v	_ u ̝
d	v	_ u ̝
d	v	_ u ̝
d	v	_ u ̝
d	v	_ u ̝
d	v	_ u ̝
d	v	_ u ̝
d	v	_ u ̝
d	v	_ u ̝
d	v	_ u ̝
d	v	_ u ̝
d	v	_ u ̝
g	v	_ u ̝
g	v	_ u ̝
g	v	_ u ̝
g	v	_ u ̝
g	v	_ u ̝
g	v	_ u ̝
g	v	_ u ̝
g	v	_ u ̝
g	v	_ u ̝
g	v	_ u ̝
g	v	_ u ̝
g	v	_ u ̝
g	v	_ u ̝
g	v	_ u ̝
g	v	_ u ̝
g	v	_ u ̝
g	v	_ u ̝
g	v	_ u ̝
g	v	_ u ̝
g	v	_ u ̝
g	v	_ u ̝
g	v	_ u ̝
g	v	_ u ̝
g	v	_ u ̝
g	v	_ u ̝
g	v	_ u ̝
g	v	_ u ̝
g	v	_ u ̝
g	v	_ u ̝
g	v	_ u ̝
g	v	_ u ̝
t	s	_ i ̝
t	s	_ i ̝
t	s	_ i ̝
t	s	_ i ̝
t	s	_ i ̝
t	s	_ i ̝
t	s	_ i ̝
t	s	_ i ̝
t	s	_ i ̝
t	s	_ i ̝
t	s	_ i ̝
t	s	_ i ̝
t	s	_ i ̝
t	s	_ i ̝
t	s	_ i ̝
t	s	_ i ̝
t	s	_ i ̝
t	s	_ i ̝
t	s	_ i ̝
t	s	_ i ̝
t	s	_ i ̝
t	s	_ i ̝
t	s	_ i ̝
t	s	_ i ̝
t	s	_ i ̝
t	s	_ i ̝
t	s	_ i ̝
t	s	_ i ̝
t	s	_ i ̝
t	s	_ i ̝
t	s	_ i ̝
d	z	_ i ̝
d	z	_ i ̝
d	z	_ i ̝
d	z	_ i ̝
d	z	_ i ̝
d	z	_ i ̝
d	z	_ i ̝
d	z	_ i ̝
d	z	_ i ̝
d	z	_ i ̝
d	z	_ i ̝
d	z	_ i ̝
d	z	_ i ̝
d	z	_ i ̝
d	z	_ i ̝
d	z	_ i ̝
d	z	_ i ̝
d	z	_ i ̝
d	z	_ i ̝
d	z	_ i ̝
d	z	_ i ̝
d	z	_ i ̝
d	z	_ i ̝
d	z	_ i ̝
g	z	_ i ̝
g	z	_ i ̝
g	z	_ i ̝
g	z	_ i ̝
g	z	_ i ̝
g	z	_ i ̝
g	z	_ i ̝
g	z	_ i ̝
g	z	_ i ̝
g	z	_ i ̝
g	z	_ i ̝
g	z	_ i ̝
g	z	_ i ̝
g	z	_ i ̝
g	z	_ i ̝
g	z	_ i ̝
g	z	_ i ̝
g	z	_ i ̝
g	z	_ i ̝
g	z	_ i ̝
g	z	_ i ̝
g	z	_ i ̝
g	z	_ i ̝
g	z	_ i ̝
d	z	_ i ̝
d	z	_ i ̝
d	z	_ i ̝
d	z	_ i ̝
d	d͡z	_ i ̝
d	d͡z	_ i ̝
d	d͡z	_ i ̝
d	d͡z	_ i ̝
g	d͡z	_ i ̝
g	d͡z	_ i ̝
g	d͡z	_ i ̝
g	d͡z	_ i ̝
g	z	_ i ̝
g	z	_ i ̝
g	z	_ i ̝
g	z	_ i ̝
d	ð	_ i ̝
d	ð	_ i ̝
d	ð	_ i ̝
g	ð	_ i ̝
g	ð	_ i ̝
g	ð	_ i ̝
p	f	_ i ̝
p	f	_ i ̝
p	f	_ i ̝
p	f	_ i ̝
p	f	_ i ̝
p	f	_ i ̝
p	f	_ i ̝
p	f	_ i ̝
p	f	_ i ̝
p	f	_ i ̝
p	f	_ i ̝
p	f	_ i ̝
p	f	_ i ̝
p	f	_ i ̝
p	f	_ i ̝
p	f	_ i ̝
p	f	_ i ̝
p	f	_ i ̝
p	f	_ i ̝
p	f	_ i ̝
b	v	_ i ̝
b	v	_ i ̝
b	v	_ i ̝
b	v	_ i ̝
b	v	_ i ̝
b	v	_ i ̝
b	v	_ i ̝
b	v	_ i ̝
b	v	_ i ̝
b	v	_ i ̝
b	v	_ i ̝
b	v	_ i ̝
b	v	_ i ̝
b	v	_ i ̝
b	v	_ i ̝
b	v	_ i ̝
b	v	_ i ̝
b	v	_ i ̝
b	v	_ i ̝
b	v	_ i ̝
p	s	_ i ̝
p	s	_ i ̝
p	s	_ i ̝
p	s	_ i ̝
p	s	_ i ̝
b	z	_ i ̝
b	ð	_ i ̝
b	z	_ i ̝
b	ð	_ i ̝
b	ð	_ i ̝
p	s	_ i ̝
p	s	_ i ̝
p	s	_ i ̝
p	s	_ i ̝
p	t͡s	_ i ̝
p	t͡s	_ i ̝
p	t͡s	_ i ̝
p	t͡s	_ i ̝
b	z	_ i ̝
b	z	_ i ̝
b	z	_ i ̝
b	z	_ i ̝
b	d͡z	_ i ̝
b	d͡z	_ i ̝
b	d͡z	_ i ̝
b	d͡z	_ i ̝
k	ʃ	_ i ̝
k	ʃ	_ i ̝
k	ʃ	_ i ̝
k	ʃ	_ i ̝
k	ʃ	_ i ̝
k	ʃ	_ i ̝
k	ʃ	_ i ̝
ɓ	w	i ̝ _
ɓ	w	i ̝ _
ɓ	w	i ̝ _
ɓ	w	i ̝ _
ɓ	w	i ̝ _
ɓ	w	i ̝ _
ɓ	w	i ̝ _
ɓ	w	i ̝ _
ɓ	w	i ̝ _
ɓ	w	i ̝ _
ɓ	w	i ̝ _
ɓ	w	i ̝ _
ɓ	w	i ̝ _
ɓ	w	i ̝ _
ɓ	w	i ̝ _
ɓ	w	i ̝ _
ɓ	w	i ̝ _
ɓ	w	i ̝ _
ɓ	∅	i ̝ _
ɓ	∅	i ̝ _
ɓ	∅	i ̝ _
ɓ	∅	i ̝ _
ɓ	∅	i ̝ _
ɓ	∅	i ̝ _
ɓ	∅	i ̝ _
ɓ	∅	i ̝ _
ɓ	∅	i ̝ _
ɓ	∅	i ̝ _
ɓ	∅	i ̝ _
ɓ	∅	i ̝ _
ɓ	∅	i ̝ _
ɓ	∅	i ̝ _
ɓ	∅	i ̝ _
ɓ	∅	i ̝ _
ɓ	∅	i ̝ _
ɓ	∅	i ̝ _
ɓ	∅	i ̝ _
ɓ	w	i ̝ _
ɓ	w	i ̝ _
ɓ	w	i ̝ _
ɓ	w	i ̝ _
ɓ	w	i ̝ _
ɓ	w	i ̝ _
ɓ	w	i ̝ _
ɓ	w	i ̝ _
ɓ	w	i ̝ _
ɓ	w	i ̝ _
ɓ	w	i ̝ _
ɓ	w	i ̝ _
ɓ	∅	i ̝ _
ɓ	∅	i ̝ _
ɓ	∅	i ̝ _
ɓ	∅	i ̝ _
ɓ	∅	i ̝ _
ɓ	∅	i ̝ _
ɓ	∅	i ̝ _
ɓ	∅	i ̝ _
ɓ	∅	i ̝ _
ɓ	∅	i ̝ _
ɓ	∅	i ̝ _
ɓ	∅	i ̝ _
ɓ	ɓ	i ̝ _
ɓ	ɓ	i ̝ _
ɓ	ɓ	i ̝ _
ɓ	ɓ	i ̝ _
ɓ	ɓ	i ̝ _
ɓ	ɓ	i ̝ _
ɓ	ɓ	i ̝ _
ɓ	ɓ	i ̝ _
ɓ	ɓ	i ̝ _
ɓ	ɓ	i ̝ _
ɓ	ɓ	i ̝ _
ɓ	ɓ	i ̝ _
m	m	
m	m	
m	m	
m	m	
m	m	
m	m	
m	m	
m	m	
m	m	
m	m	
m	m	
m	m	
m	m	
m	m	
m	m	
m	m	
m	m	
m	m	
m	m	
m	m	
m	m	
m	m	
m	m	
m	m	
m	m	
m	m	
m	m	
m	m	
m	m	
m	m	
m	m	
n	n	
n	n	
n	n	
n	n	
n	n	
n	n	
n	n	
n	n	
n	n	
n	n	
n	n	
n	n	
n	n	
n	n	
n	n	
n	n	
n	n	
n	n	
n	n	
n	n	
n	n	
n	n	
n	n	
n	n	
n	n	
n	n	
n	n	
n	n	
n	n	
n	n	
n	n	
ɲ	ɲ	_ w
ɲ	ɲ	_ w
ɲ	ɲ	_ w
ɲ	ɲ	_ w
ɲ	ɲ	_ w
ɲ	ɲ	_ w
ɲ	ɲ	_ w
ɲ	ɲ	_ w
ɲ	ɲ	_ w
ɲ	ɲ	_ w
ɲ	ɲ	_ w
ɲ	ɲ	_ w
ɲ	ɲ	_ w
ɲ	ɲ	_ w
ɲ	ɲ	_ w
ɲ	ɲ	_ w
ɲ	ɲ	_ w
ɲ	ɲ	_ w
ɲ	ɲ	_ w
ɲ	ɲ	_ w
ɲ	ɲ	
ɲ	ɲ	
ɲ	ɲ	
ɲ	ɲ	
ɲ	ɲ	
ɲ	ɲ	
ɲ	ɲ	
ɲ	ɲ	_ w
ɲ	ɲ	_ w
ɲ	ɲ	_ w
ɲ	ɲ	_ w
ɲ	n	_ w
ɲ	n	_ w
ɲ	n	_ w
ɲ	n	_ w
ɲ	n	_ w
ɲ	n	_ w
ɲ	n	_ w
ɲ	n	_ w
ɲ	n	_ w
ɲ	n	_ w
ɲ	n	_ w
ɲ	n	_ w
ɲ	n	_ w
ɲ	n	_ w
ɲ	n	_ w
ɲ	n	_ w
ɲ	n	_ w
ɲ	n	_ w
ɲ	n	_ w
ɲ	n	_ w
ɲ	n	_ w
ɲ	n	_ w
ɲ	n	_ w
ɲ	n	_ w
ŋ	ŋ	
ŋ	ŋ	
ŋ	ŋ	
ŋ	ŋ	
ŋ	ŋ	
ŋ	ŋ	
ŋ	ŋ	
ŋ	ŋ	
ŋ	ŋ	
ŋ	ŋ	
ŋ	ŋ	
ŋ	ŋ	
ŋ	ŋ	
ŋ	ŋ	
ŋ	ŋ	
ŋ	ŋ	
ŋ	ŋ	
ŋ	ŋ	
ŋ	ŋ	
ŋ	ŋ	
ŋ	ŋ	
ŋ	ŋ	
ŋ	ŋ	
ɲ	ɲ	
ɲ	ɲ	
ɲ	n	
ɲ	n	
ɲ	n ̪	
ɲ	n ̪	
ŋ	ɲ	
ŋ	ɲ	
ŋ	ɲ	
ŋ	ɲ	
b	b	
b	b	
b	b	
b	b	
b	b	
b	b	
b	b	
b	b	
b	b	
b	b	
b	b	
b	b	
b	b	
b	b	
b	b	
b	b	
b	b	
b	b	
b	b	
b	b	
b	b	
b	b	
b	b	
b	b	
b	b	
b	b	
b	b	
b	b	
d	d	
d	d	
d	d	
d	d	
d	d	
d	d	
d	d	
d	d	
d	d	
d	d	
d	d	
d	d	
d	d	
d	d	
d	d	
d	d	
d	d	
d	d	
d	d	
d	d	
d	d	
d	d	
d	d	
d	d	
d	d	
d	d	
d	d	
d	d	
g	g	
g	g	
g	g	
g	g	
g	g	
g	g	
g	g	
g	g	
g	g	
g	g	
g	g	
g	g	
g	g	
g	g	
g	g	
g	g	
g	g	
g	g	
g	g	
g	g	
g	g	
g	g	
g	g	
g	g	
g	g	
g	g	
g	g	
g	g	
b	b	
d	d	
g	g	
b	ɓ	
b	ɓ	
d	ɗ	
d	ɗ	
g	g	
g	g	
d	d͡r	
d	d͡r	
d	d͡r	
d	d͡r	
d	d͡r	
d	d͡r	
d	d͡r	
d	d͡r	
d	d͡r	
ɟ	d̠͡ʒ	
ɟ	d̠͡ʒ	
ɟ	d̠͡ʒ	
ɟ	d̠͡ʒ	
ɟ	d̠͡ʒ	
ɟ	d̠͡ʒ	
ɟ	d̠͡ʒ	
ɟ	d̠͡ʒ	
ɟ	d̠͡ʒ	
ɟ	d͡z	
ɟ	d͡z	
ɟ	d͡z	
ɟ	d͡z	
ɟ	d͡z	
ɟ	d͡z	
ɟ	d͡z	
ɟ	d͡z	
ɟ	d͡z	
ɟ	d͡z	
ɟ	d͡z	
ɟ	d͡z	
ɟ	d͡z	
ɟ	d͡z	
ɟ	d ̪	
ɟ	d ̪	
ɟ	d ̪	
ɟ	d ̪	
ɟ	d ̪	
ɟ	d ̪	
ɟ	d ̪	
ɟ	d ̪	
p	pʰ	
p	pʰ	
p	pʰ	
t	tʰ	
t	tʰ	
t	tʰ	
p	pʰ	
p	pʰ	
p	pʰ	
p	pʰ	
p	pʰ	
p	pʰ	
p	pʰ	
p	pʰ	
p	pʰ	
p	pʰ	
p	pʰ	
p	pʰ	
p	pʰ	
p	pʰ	
p	pʰ	
p	pʰ	
p	pʰ	
p	pʰ	
p	pʰ	
p	pʰ	
p	pʰ	
p	pʰ	
t	tʰ	
t	tʰ	
t	tʰ	
t	tʰ	
t	tʰ	
t	tʰ	
t	tʰ	
t	tʰ	
t	tʰ	
t	tʰ	
t	tʰ	
t	tʰ	
t	tʰ	
t	tʰ	
t	tʰ	
t	tʰ	
t	tʰ	
t	tʰ	
t	tʰ	
t	tʰ	
t	tʰ	
t	tʰ	
k	kʰ	
k	kʰ	
k	kʰ	
k	kʰ	
k	kʰ	
k	kʰ	
k	kʰ	
k	kʰ	
k	kʰ	
k	kʰ	
k	kʰ	
k	kʰ	
k	kʰ	
k	kʰ	
k	kʰ	
k	kʰ	
k	kʰ	
k	kʰ	
k	kʰ	
k	kʰ	
k	kʰ	
k	kʰ	
p	b	
t	d͡r	
k	k	
p	b	
k	k	
p	p	
t	t ͡ r	
k	k	
p	p	
t	t ͡ r	
k	k	
p	b	
t	d	
k	g	
p	m	
t	n	
k	k	
k	∅	
c	ɟ	
c	t̠͡ʃʰ	
c	t ̪ ͡ s ̪ʰ	
c	t ̪ ͡ s ̪ʰ	
c	t ̪ ͡ s ̪ʰ	
c	t ̪ ͡ s ̪ʰ	
c	t ̪ ͡ s ̪ʰ	
c	t ̪ ͡ s ̪ʰ	
c	t ̪ ͡ s ̪ʰ	
c	t ̪ ͡ s ̪ʰ	
c	t ̪ ͡ s ̪ʰ	
c	t ̪ ͡ s ̪ʰ	
c	t ̪ʰ	
c	t ̪ʰ	
c	t ̪ʰ	
c	t ̪ʰ	
c	t ̪ʰ	
c	t ̪ʰ	
c	t ̪ʰ	
c	t ̪ʰ	
c	t̠͡ʃʰ	
c	t̠͡ʃʰ	
c	t̠͡ʃʰ	
c	t̠͡ʃʰ	
c	t̠͡ʃʰ	
c	t̠͡ʃʰ	
c	t͡s	
c	t͡s	
c	t͡s	
c	t͡s	
c	s	
k	kʰ	
k	kʰ	
k	kʰ	
i i	i i	
i ̝ a	i a	
i ̝ o	i ɔ	
i i	e e	
i i	e e	
e e	ɛ ɛ	
i a	e a	
i o	e o	
i u	e o	
i u ̝	e o	
e i ̝	ɛ i	
e e	ɛ ɛ	
e a	ɛ a	
e a	e a	
e a	ɛ ɛ	
e o	ɛ ɔ	
e u	a o	
e u ̝	ɛ u	
a i ̝	a i	
a i	a e	
a e	a ɛ	
a … a	a … a	
a o	a o	
a u	a o	
a u ̝	a u	
o i ̝	ɔ i	
o i ̝	ɔ a	
o a	ɔ a	
o o	ɔ ɔ	
o u ̝	ɔ u	
u i ̝	o i	
u i	o e	
u e	o e	
u a	o a	
o o	o o	
u u	o o	
u u	u u	
u ̝ i ̝	u i	
u ̝ a	u a	
u ̝ u ̝	u u	
p	p	# N _
p	p	# _
p	β	# _
t	t	# N _
t	r	# _
t	t	# _
t	n	# _
t	∅	# _
c	t̠͡ʃ	# n _
c	s	# n _
c	z	# _
k	k	# _
k	g	# _
k	ɣ	# _
b	b	# m _
b	b	# _
b	w	# _
b	j	# _
d	d	# n _
d	l	# _
d	n	# _
ɟ	d̠͡ʒ	# n _
ɟ	dʲ	# d i ̝ n _
ɟ	j	# _
j	j	# _
j	dʲ	# _
j	∅	# _
j	r	# _
j	ɣ	# _
p	β	# _
t	r	# _
c	z	# _
k	k	# _
k	ɣ	# _
k	∅	# _
b	w	# _
b	f	# _
b	β	# _
d	l	# _
d	n	# _
d	∅	# _
j	j	# _
g	g	# n _
g	ɣ	# _
g	k	# d i ̝ n _
g	k	# n _
g	k	# _
g	t̠͡ʃ	# _
m	m	# _
m	w	# _
n	n	# _
nʲ	nʲ	# _
g	ɣ	# _
g	k	# _
m	w ̰	# _
n	n	# _
nʲ	nʲ	# _
t	t	# _
k	g	# _
b	b	# _
d	d	# _
g	g	# _
p	p	# _
p	∅	# _
p	p	# _
p	∅	# _
p	w	# _
t	t	# _
t	l	# _
t	t	# _
t	l	# _
t	∅	# _
c	s	# _
c	s	# _
c	c	# _
k	k	# _
k	∅	
k	k	# _
b	b	# m _
b	b	# _
b	v	# m _ u ̝
b	b	# _
d	d	# n _
d	l	# _
d	d͡z	# _ u ̝
d	d	# _
d	l	# _
ɟ	z	# n _
ɟ	d͡z	# _
ɟ	j	# _
ɟ	ɟ	# _
j	∅	# _
j	j	# n _
j	j	# _
j	j	# _
g	k	# _
g	k	# _
m	m	# _
m	m	# _
m	w	# _
n	n	# _
n	n	# _
n	∅	# _
nʲ	nʲ	# _
nʲ	nʲ	# _
b	b	# _
d	z	# _
d	d	# _
g	g	# _
g	d͡z	# _
p	p	# _
p	j	# _
t	t	# _
t	l	# _
t	t͡s	# _ i ̝
t	j	# _
t	t	# _
t	t͡s	# _
c	s	# _
c	s	# _
k	k	# _
k	t͡s	# _ i ̝
k	d͡z	# n _ u ̝
k	∅	# _
k	k	# _
b	b	# _
b	b	# m _
b	v	# m _ u ̝
b	b	# _
d	d	# _ n
d	j	# _
d	l	# n _ i ̝
d	∅	# _
d	l	# _
ɟ	z	# _ n
ɟ	d͡z	# _
j	∅	# _
j	j	# n _
j	d͡z	# _
j	t͡s	# _
j	j	# _
g	k	# _
g	g	# _
g	k	# _ n
g	t͡s	# _ i ̝
g	k	# _
g	∅	# _
m	m	# _
n	n	# _
n	n	# _
n	l	# _ i ̝
nʲ	nʲ	# _
d	d	# _
g	ŋ	# _
g	g	# _
p	p	# _
p	p	# _
t	t	# _
t	l	# _
t	l	# _
t	t	# _
c	s	# _
c	s	# _
k	k	# _
k	t̠͡ʃ	# _ i ̝
k	∅	# _
k	k	# _
b	b	# _
b	b	# _
d	l	# _
d	l	# _
d	lʲ	# _
d	d	# _ i ̝
d	d	# _
d	∅	# _
ɟ	z	# _
j	j	# _
g	k	# _
g	g	# _
g	k	# _
g	ɟ	# _
m	m	# _
n	n	# _
n	n	# _
nʲ	nʲ	# _
nʲ	nʲ	# _
d	d	# _
ɟ	z	# _
g	ŋ	# _
g	g	# _
p	p	# _
p	p	# _
p	∅	# _
t	t	# _
t	l	# n _
t	t̠͡ʃ	# _ i ̝
t	l	# _
t	l	# _
t	t̠͡ʃ	# _ i ̝
c	s	# _
c	s	# _
k	k	# _
k	g	# n _
k	∅	# _
k	k	# _
k	∅	# _
b	b	# n _
b	dʲ	# _
b	b	# _
b	b	# _
d	d	# n _
d	ð	# _
d	∅	# _
d	d	# _
d	ð	# _
d	l	# _
d	∅	# _
ɟ	z	# _
j	∅	# _
j	dʲ	# _
g	k	# n _
g	g	# n _
g	k	# _
g	∅	# _
g	k	# _
m	m	# _
n	n	# _
n	n	# _
b	b	# _
d	d	# _
d	d	# _
g	g	# _
g	w	# _
p	p	# _
p	∅	# _
p	p	# _
t	t	# _
t	l	# _
t	t	# _
t	l	# _
c	s	# _
c	t͡s	# n _
c	s	# _
k	k	# _
k	k	# n _
b	b	# _
b	v	# m _ u ̝
d	l	# _
d	d͡z	# _ u ̝
d	d	# n _
ɟ	z	# n _
j	j	# _
j	∅	# _
g	k	# _
m	m	# _
n	n	# _
n	nʲ	# _ u ̝
nʲ	nʲ	# _
k	∅	# _
k	k	# _
b	b	# _
d	l	# _
j	j	# _
g	k	# _
g	z	# _
m	m	# _
n	n	# _
nʲ	nʲ	# _
b	m	# _
d	z	# _
g	g	# _
g	z	# _
p	p	# _
p	∅	# _
t	t	# _
t	l	# _
c	s	# _
c	h	# _
k	∅	# _
k	k	# _
b	b	# _
b	∅	# _
d	l	# _
d	d̠͡ʒ	# _ i ̝
d	d	# n _
d	∅	# _
ɟ	z	# _
j	∅	# _
g	k	# _
g	g	# n _
g	k	# N ̩ _
n	n	# _
nʲ	nʲ	# _
p	p	# _
t	t	# _
t	l	# _
c	h	# _
k	h	# _
k	k	# _
b	b	# _
d	l	# _
d	d̠͡ʒ	# _ i ̝
d	∅	# _
g	k	# _
m	m	# _
n	n	# _
n	h	# _ i ̝
nʲ	nʲ	# _
b	b	# _
d	d	# _
g	g	# _
p	p	# _
p	w	# _
p	j	# _
p	ȹ ͡ f	# _ u ̝
t	t	# _
t	g	# _
t	t̠͡ʃ	# _ i ̝
c	s	# _
c	t̠͡ʃ	# _
k	∅	# _
k	k	# _
b	b	# _
b	ȸ ͡ v	# _ u ̝
d	d	# _
d	d̠͡ʒ	# _ i ̝
d	∅	# _
ɟ	z	# _
g	k	# _
p	p	# _
p	b	# _
t	t	# _
t	g	# _
t	t̠͡ʃ	# _
c	s	# _
k	∅	# _
k	k	# _
k	g	# _
b	b	# _
b	w	# _
d	l	# _
d	∅	# _
g	k	# _
m	m	# _
n	n	# _
b	p	# _
d	t	# _
d	ʒ	# _
g	g	# _
g	k	# _
g	∅	# _
i ̝ i ̝	i i	
i ̝ a	i a	
i ̝ o	i a	
i ̝ o	u u	
i i	i i	
i a	i a	
e i ̝	ɛ i	
e e	ɛ ɛ	
e a	ɛ ɛ	
e o	ɛ ɛ	
e u ̝	ɛ u	
a i ̝	a i	
a i	a i	
a … a	a … a	
a o	a u	
a u	a u	
a u	a i	
a u ̝	o i	
o i ̝	ɔ i	
o i ̝	ɔ ɛ	
o e	ɔ ɔ	
o a	ɔ ɔ	
o o	ɔ u	
o u ̝	u i	
u i ̝	u u	
u i	u e	
u a	u a	
o o	u u	
u u	u u	
u u	u i	
u ̝ a	u a	
u ̝ u ̝	u u	
i ̝ a	i a	
i ̝ o	i i	
i ̝ u	i i	
i i	i i	
i a	i a	
e e	ɛ e	
a i ̝	a i	
a i	a i	
a … a	a … a	
a o	a i	
o i ̝	ɔ i	
o a	ɔ ɔ	
o o	ɔ u	
o u ̝	ɔ i	
u u	u i	
u i	u i	
o o	u u	
u u	i a	
u u	u u	
u ̝ a	u a	
i ̝ a	e a	
i ̝ o ∅	i w ɛ	
i ̝ u	u u	
i ̝ u ̝	u u	
i i	e a	
i i	e e	
i a	e a	
e e	ɛ ∅	
e e	ɛ ɛ	
e a	i a	
e u	ɛ u	
a i ̝	a i	
a i	a i	
a … a	a … a	
o i ̝	ɔ u	
o i ̝	ɔ i	
o e	ɔ i	
o a	ɔ ɔ	
o o	ɔ ɔ	
o o	ɔ ∅	
o u ̝	ɔ i	
o u ̝	ɔ u	
u i ̝	u i	
u i	o i	
u e	o e	
u a	ɔ a	
u a	o a	
o o	ɔ o	
u u	o e	
u u	o i	
u u	o o	
u u	e a	
u ̝ a	u a	
u ̝ u ∅	u w e	
i ̝ i ̝	i ɛ	
i ̝ e	i e	
i ̝ a	i a	
i ̝ o	o o	
i ̝ o	i i	
i ̝ o	i ɛ	
i ̝ u	i i	
i i	e e	
i i	e a	
e e	e ɛ	
i a	e a	
i a	e ɛ	
i a	i a	
i o	i a	
i u	e e	
e i ̝	ɛ i	
e e	ɛ ɛ	
e a	ɛ ɛ	
a i ̝	a i	
a i ̝	a ɛ	
a i ̝	a e	
a i	a ɛ	
a e	a ɛ	
a … a	a … a	
a … a	a … ə	
a o	a ə	
a o	a e	
a u	a e	
o i ̝	ɔ ə	
o i ̝	ɔ e	
o e	ɔ e	
o a	ɔ ɛ	
o a	ɔ ɔ	
o o	ɔ ɔ	
o o	ɔ ɛ	
o o	ɔ e	
o u ̝	ɔ i	
o u ̝	ɔ ə	
u a	o a	
o o	o o	
u u	o ɛ	
u u	u o	
u u	u e	
u u	u u	
u ̝ i ̝	u ɛ	
u ̝ a	u a	
u ̝ u ̝	u e	
i ̝ o	i i	
i ̝ o	u u	
i i	i i	
i i	i i	
i a	i a	
e i ̝	ɛ i	
e e	ɛ ɛ	
e o	ɛ u	
a i ̝	a i	
a i	a i	
a … a	a … a	
a o	a u	
a u	a u	
a u ̝	a i	
o i ̝	o i	
o i ̝	ɔ i	
o i	ɔ i	
o e	ɔ ɛ	
o a	ɔ ɔ	
o o	ɔ ɔ	
o u ̝	ɔ u	
u i ̝	u i	
u i	u i	
u a	u a	
o o	o o	
u u	u u	
u u	u i	
u ̝ a	u a	
u ̝ a	u u	
i ̝ a	i a	
i ̝ a	i ɔ	
i ̝ o	i o	
i ̝ o	u ɔ	
i ̝ u	i o	
i i	e i	
i i	e e	
i a	e a	
i o	i o	
i u	e u	
e i ̝	ɛ i	
e a	ɛ ɛ	
e o	ɔ ɔ	
e u ̝	ɛ u	
a i ̝	a i	
a i	a e	
a i	a i	
a e	a e	
a … a	a … a	
a o	a o	
a u	a u	
a u	a o	
o i ̝	ɔ i	
o e	ɔ ɛ	
o a	ɔ ɔ	
o o	ɔ ɔ	
o u ̝	ɔ u	
u i ̝	o i	
u i	o e	
u a	o a	
u u	o o	
u ̝ i ̝	u i	
u ̝ i	u e	
u ̝ a	u a	
u ̝ a	u a	
i ̝ i ̝	i i	
i ̝ a	i ɛ	
i ̝ a	i ɔ	
i ̝ o	i i	
i ̝ u	i o	
i i	e e	
i i	e e	
i a	e a	
i a	e ɔ	
i o	e e	
i o	e ɔ	
i u	e ɔ	
e i ̝	ɛ i	
e e	ɛ ɛ	
e a	ɛ ɛ	
e o	ɛ i	
a i ̝	a i	
a i	a i	
a a	a ɔ	
a o	a i	
a u	a i	
o i ̝	ɔ u	
o e	ɔ ɛ	
o a	ɔ ɛ	
o o	ɔ ɔ	
o o	ɔ ɛ	
o u ̝	ɔ u	
u i ̝	u u	
u a	o o	
u u	o o	
u u	o ɛ	
u ̝ i ̝	u u	
u ̝ a	u ɔ	
u ̝ a	u ɛ	
u ̝ u ̝	u u	
k ∅	k f	# _ u ̝
k ∅	k ɸ	# _ u ̝
p	p	# _
p	β	# _
t	t	# _
c	t͡s	# _
c	s	# _
k	k	# _
k	ɣ	# _
b	b	# _
d	d	# _
d	∅	# _
ɟ	d͡z	# N _
j	∅	# _
j	j	# N _
g	k	# _
g	g	# N _
g	ɣ	# _
m	m	# _
n	n	# _
nʲ	nʲ	# _
p	p	# _
p	β	# _
t	t	# _
c	t͡s	# _
c	s	# _
k	k	# _
k	ɣ	# _
b	b	# _
d	d	# _
d	∅	# _
g	k	# _
m	m	# _
n	n	# _
n	∅	# _ i ̝
nʲ	nʲ	# _
t	t	# _
c	t͡s	# _
b	b	# _
d	d	# _
ɟ	d͡z	# _
g	g	# _
p	p	# _
p	β	# _
t	t	# _
t	r	# _
c	t͡s	# _
c	s	# _
k	s	# _
k	ɣ	# _
b	b	# _
d	d	# _
d	l	# _
d	∅	# _
ɟ	dʲ	# _
ɟ	d͡z	# N _
j	∅	# _
j	j	# N _
g	k	# N _
g	g	# _
g	ɣ	# _
g	∅	# _
p	p	# _
p	β	# _
t	t	# _
c	t͡s	# _
c	s	# _
k	k	# _
k	ɣ	# _
b	b	# _
d	d	# _
d	l	# _
d	∅	# _
j	j	# _
g	k	# _
g	ɣ	# _
m	m	# _
n	n	# _
n	nʲ	# _ i ̝
b	b	# _
m	m	# _
n	n	# _
n	nʲ	# _ i ̝
nʲ	nʲ	# _
t	t	# _
c	t͡s	# _
b	b	# _
d	d	# _
ɟ	d͡z	# _
g	g	# _
p	p	# _
p	β	# _
t	t	# _
c	t͡s	# _
c	s	# _
k	k	# _
k	ɣ	# _
b	b	# _
d	d	# _
d	l	# _
d	∅	# _
ɟ	dʲ	# _
ɟ	d͡z	# N _
j	j	# N _
j	∅	# _
g	k	# _
g	g	# N _
g	ɣ	# _
g	∅	# _
m	m	# _
n	n	# _
nʲ	nʲ	# _
p	p	# _
p	β	# _
t	t	# _
c	t͡s	# _
c	s	# _
k	k	# _
k	ɣ	# _
b	b	# _
d	d	# _
d	l	# _
d	∅	# _
j	j	# _
g	k	# _
m	m	# _
n	n	# _
nʲ	nʲ	# _
t	t	# _
c	t͡s	# _
b	b	# _
d	d	# _
ɟ	d͡z	# _
g	g	# _
p	p	# _
p	β	# _
t	t	# _
c	t̠͡ʃ	# _
c	s	# _
k	k	# _
k	ɣ	# _
b	b	# _
d	d	# _
d	l	# _
d	n	# _
ɟ	d͡z	# N _
j	j	# N _
j	∅	# _
g	k	# _
g	g	# N _
g	ɣ	# _
m	m	# _
n	n	# _
b	b	# _
p	p	# _
p	β	# _
t	t	# _
c	t̠͡ʃ	# _
c	s	# _
k	k	# _
k	ɣ	# _
b	b	# _
d	l	# _
d	n	# _
d	d	# _ i ̝
g	k	# _
g	ɣ	# _
m	m	# _
n	n	# _
n	nʲ	# i ̝ _
nʲ	nʲ	# _
t	t	# _
b	b	# _
d	d	# _
ɟ	d͡z	# _
g	g	# _
p	p	# _
p	β	# _
t	t	# _
c	t͡s	# _
c	s	# _
k	k	# _
k	ɣ	# _
b	b	# _
d	d	# _
d	l	# _
d	n	# _
ɟ	dʲ	# _
ɟ	d͡z	# N _
j	j	# N _
j	∅	# _
g	k	# _
g	g	# N _
g	ɣ	# _
m	m	# _
n	n	# _
p	p	# _
p	β	# _
t	t	# _
c	t͡s	# _
c	s	# _
k	ɣ	# _
b	b	# _
d	l	# _
d	d	# _ i ̝
d	n	# _
g	k	# _
g	ɣ	# _
m	m	# _
n	n	# _
n	∅	# _ i ̝
nʲ	nʲ	# _
t	t	# _
b	b	# _
d	d	# _
g	g	# _
i ̝ i ̝	i i	
i ̝ a	i a	
i ̝ a	ɛ a	
i ̝ o	i o	
i ̝ o	i ɔ	
i ̝ u	i o	
i i	e e	
i i	i i	
i i	e e	
i i	e a	
i a	e a	
i a	ɛ a	
i o	e o	
i o	i o	
i u	i o	
e i ̝	ɛ i	
e e	ɛ ɛ	
e e	i ɛ	
e a	ɛ a	
e a	ɛ ɛ	
e o	ɛ ɔ	
e u	ɛ ɔ	
e u ̝	ɛ u	
a i ̝	a i	
a i	a e	
a i	a i	
a e	a e	
a e	a i	
a … a	a … a	
a a	e a	
a o	a o	
a u	a o	
o i ̝	o i	
o i ̝	ɔ ɔ	
o a	ɔ ɔ	
o a	ɔ a	
o o	ɔ ɔ	
o o	ɔ a	
o o	ɛ ɛ	
o o	ɔ ɛ	
o u ̝	ɔ u	
u i ̝	o i	
u i ̝	o e	
u i	o e	
u a	o a	
o o	o o	
u u	o o	
u ̝ i ̝	u i	
u ̝ i	o i	
u ̝ a	u a	
u ̝ o	u a	
u ̝ u ̝	u u	
i ̝ i ̝	i i	
i ̝ a	i a	
i ̝ o	i o	
i ̝ u	i o	
i i	e i	
i i	e e	
i i	e e	
i a	e a	
i o	e o	
i u	e o	
e i ̝	ɛ i	
e e	ɛ ɛ	
e a	ɛ a	
e o	ɛ ɔ	
e u	ɛ ɔ	
e u ̝	ɛ u	
a i ̝	a i	
a i	a e	
a e	a e	
a … a	a … a	
a o	a o	
a o	a u	
a u	a o	
o i ̝	ɔ i	
o i ̝	ɔ ɔ	
o e	ɔ ɛ	
o a	ɔ a	
o a	ɔ ɔ	
o o	ɔ ɔ	
o o	ɛ ɛ	
o u ̝	ɔ u	
u i ̝	o i	
u i	o e	
u e	o e	
u a	o a	
o o	o o	
u u	o o	
u ̝ i ̝	u e	
u ̝ i	u e	
u ̝ a	u a	
u u	u u	
u ̝ u ̝	u u	
i ̝ i ̝	i i	
i i	i e	
i ̝ a	i a	
i ̝ o	i o	
i ̝ u	i o	
i i	e e	
i i	e e	
i a	e a	
i a	i a	
i o	e o	
i o	i o	
i u	e u	
e i ̝	ɛ i	
e e	ɛ ɛ	
e e	i ɛ	
e a	ɛ a	
e a	ɛ ɛ	
e o	ɛ ɔ	
e u	ɛ ɔ	
e u ̝	ɛ ɔ	
a i ̝	a i	
a i	a e	
a e	a e	
a e	a i	
a … a	a … a	
a a	ɛ a	
a o	a o	
a o	a u	
a u	a o	
o i ̝	ɔ i	
o i ̝	o i	
o i	ɔ i	
o e	ɔ ɛ	
o a	ɔ ɔ	
o o	ɔ ɔ	
o o	ɛ ɛ	
o u ̝	ɔ ɔ	
u i ̝	o i	
u i	o e	
u e	o e	
u a	o a	
u a	u a	
o o	o o	
u u	o o	
u u	u u	
u ̝ a	u a	
u ̝ a	o a	
u ̝ u ̝	u u	
i ̝ i ̝	i i	
i ̝ a	i a	
i ̝ o	i o	
i ̝ o	i ɔ	
i ̝ u	i o	
i i	e e	
i i	e e	
i a	e a	
i o	e o	
i u	e o	
e e	ɛ ɛ	
e a	ɛ a	
e a	ɛ ɛ	
e o	ɛ ɔ	
e u ̝	ɛ u	
a i ̝	a i	
a i	a e	
a e	a e	
a … a	a … a	
a o	a o	
a u	a o	
o i ̝	ɔ i	
o e	ɔ ɛ	
o a	ɔ ɔ	
o a	ɔ a	
o o	ɔ ɔ	
o u ̝	ɔ u	
u i ̝	o i	
u i	o e	
u a	o a	
o o	o o	
u u	o o	
u ̝ i ̝	u i	
u ̝ a	u a	
u ̝ u ̝	u u	
i ̝ i ̝	i i	
i ̝ a	i a	
i ̝ o	i o	
i ̝ o	i ɔ	
i ̝ u	i o	
i i	e e	
i i	e e	
i a	e a	
i o	e o	
i u	e o	
e e	ɛ ɛ	
e a	ɛ a	
e a	ɛ ɛ	
e o	ɛ ɔ	
e u ̝	ɛ u	
a i ̝	a e	
a i	a e	
a e	a a	
a a	a o	
a o	a o	
a u	ɔ i	
o i ̝	ɔ ɛ	
o e	ɔ ɔ	
o a	ɔ a	
o a	ɔ ɔ	
o o	ɔ u	
o u ̝	ɔ u	
u i ̝	o i	
u i	o e	
u a	o a	
o o	o o	
u u	o o	
u ̝ i ̝	u i	
u ̝ a	u a	
u ̝ u ̝	u u	
p	p	# _
p	b	# _
p	β	# _
p	v	# _
t	t	# _
t	d	# _
t	t͡s	# _
t	s	# _ i ̝
t	f	# _ u ̝
t	r	# _
t	l	# _
t	nʲ	# _
c	t͡s	# _
c	t͡sʲ	# _
c	z	# n _
c	s	# _
c	sʲ	# _
c	r	# _
c	sʷ	# _
k	k	# _
k	g	# n _
k	t͡s	# _
k	ɣ	# _
k	ɣʲ	# _
k	f	# _ u ̝
k	∅	# _
b	b	# _
b	m	# _
d	d	# _
d	d͡z	# _ i ̝
d	dʲ	# _
d	t͡s	# _
d	f	# _
d	s	# _
d	l	# _
d	n	# _
d	∅	# _
ɟ	k	# _
ɟ	d͡z	# n _
ɟ	ɣ	# _
ɟ	j	# n _
ɟ	j	# _
ɟ	∅	# _
j	j	# _
j	d͡z	# _
p	p	# _
p	b	# _
p	v	# _
p	f	# _ i ̝
p	∅	# _
t	t	# _
t	t͡sʲ	# _
t	d	# _
t	ɟ	# _
t	s	# _
t	r	# _
c	t͡s	# _
c	ɣ	# _
c	s	# _
k	k	# _
k	g	# _
k	ɟ	# _
k	s	# _
k	ɣ	# _
k	n	# _
k	∅	# _
b	p	# _
b	b	# _
b	f	# _ i ̝
b	∅	# _
d	t͡s	# _
d	d	# _
d	ɣ	# _
d	s	# _
d	l	# _
d	r	# _
d	n	# _
d	∅	# _
ɟ	ɟ	# _
j	ɟ	# _
j	∅	# _
g	ɟ	# _
g	j	# _
g	j	# n _
g	ɣ	# _
g	ɣʷ	# _
g	m	# _
g	n	# _
g	nʲ	# _
g	z	# _
g	∅	# _
m	m	# _
m	b	# _
n	n	# _
n	d	# _
nʲ	nʲ	# _
b	b	# _
g	k	# _
g	g	# _
g	t͡s	# _
g	f	# _
g	s	# _
g	ɣ	# _
g	ɣʲ	# _
g	l	# _
m	m	# _
m	b	# _
n	d	# _
n	n	# _
n	d	# _
nʲ	n	# _
t	t	# _
t	t	# _
t	d	# _
c	t͡s	# _
c	s	# _
c	z	# _
m	m	# _
b	b	# _
d	d	# _
ɟ	d	# _
ɟ	g	# _
ɟ	z	# _
g	k	# _
g	ɟ	# _
g	n	# _
g	g	# _
p	p	# _
p	β	# _
p	f	# _
p	p	# N _
t	t	# _
t	r	# _
t	t͡s	# _
t	t	# _
t	s	# _ i ̝
c	t͡s	# _
c	s	# _
k	k	# _
k	k	# N _
k	ɣ	# _
k	f	# _ u ̝
b	b	# _
b	β	# _
b	f	# _
b	m	# _
b	b	# N _
d	d	# _
d	d	# N _
d	l	# _
ɟ	ɣ	# _
ɟ	j	# _
ɟ	nʲ	# _
ɟ	d͡z	# _
j	j	# _
j	d͡z	# _
g	k	# _
g	ɣ	# _
g	g	# N _
m	m	# _
n	n	# _
n	z	# _ i ̝
nʲ	nʲ	# _
b	b	# _
p	p	# _
p	β	# _
t	t	# _
t	r	# _
t	s	# _ i ̝
c	t͡s	# _
c	s	# _
k	k	# _
k	ɣ	# _
b	p	# _
b	b	# _
b	β	# _
d	d	# _
d	l	# _
d	n	# _
d	d	# _
j	j	# _
j	w	# _
g	k	# _
g	ɣ	# _
m	m	# _
n	n	# _
nʲ	nʲ	# _
t	d͡z	# _
b	b	# _
d	d	# _
ɟ	d͡z	# _
g	g	# _
i ̝ i ̝	i i	
i ̝ e	i i	
i ̝ a	i ə	
i ̝ a	i i	
i ̝ a	i u	
i ̝ a	e ə	
i ̝ o	i u	
i ̝ u	i u	
i ̝ u	e u	
i i	e i	
i i	i i	
i i	i i	
i a	i ə	
i a	i i	
i o	i u	
i o	i ə	
i u	i u	
i u ̝	i u	
e i ̝	e i	
e i ̝	e ə	
e e	e i	
e e	e i	
e e	e ə	
e e	u i	
e a	e i	
e a	e ə	
e a	ə ə	
e o	e u	
e o	e i	
e u	e u	
e u ̝	e u	
a i ̝	a i	
a i ̝	a ə	
a i	a i	
a i	a ə	
a e	a i	
a e	a u	
a … a	a … ə	
a a	a u	
a a	a i	
a o	a u	
a o	a ə	
a u	a u	
a u ̝	a i	
o i ̝	o i	
o i	o i	
o e	o i	
o e	u ə	
o a	o ə	
o a	o u	
o a	o i	
o o	o u	
o o	u u	
o o	o ə	
o o	o u	
o u ̝	u u	
u i ̝	o i	
u i ̝	u i	
u i ̝	u ə	
u i	u i	
u i	u ə	
u e	u i	
u a	u ə	
u a	u i	
o o	u u	
u u	u u	
u u	u ə	
u u	u i	
u u	e u	
u u	u u	
u ̝ i	u i	
u ̝ a	u ə	
u ̝ a	u u	
u ̝ a	u i	
u ̝ o	u u	
u u	u u	
u ̝ u ̝	u u	
i ̝ i ̝	i i	
i ̝ i ̝	i ə	
i ̝ a	i ə	
i ̝ a	i i	
i ̝ o	i u	
i ̝ u	i u	
i ̝ u	e u	
i i	e i	
i i	i i	
i a	i ə	
i u ̝	e i	
i u ̝	e u	
e e	e u	
e e	ɛ ə	
e a	ɛ ə	
e o	e u	
e u	e u	
e u ̝	e u	
a i ̝	a i	
a i ̝	ɛ ə	
a i	a i	
a e	a i	
a … a	a … ə	
a a	a u	
a a	a i	
a a	i ə	
a u	a u	
a u ̝	a u	
o i ̝	o i	
o i	o i	
o a	ɔ ə	
o a	u ə	
o o	o u	
o o	u u	
o o	o u	
o o	u u	
u i ̝	o i	
u i ̝	u i	
u i	u i	
u i	o i	
u a	u ə	
u a	u i	
o o	u u	
u u	u u	
u u	o u	
u ̝ i ̝	u i	
u ̝ i	u i	
u ̝ a	u ə	
u u	u u	
u ̝ u ̝	u u	
p	p	# _
p	b	# _
p	β	# _
p	f	# _
t	t	# _
t	r	# _
t	s	# _
c	t͡s	# _
c	s	# _
k	k	# _
k	t͡s	# _
k	s	# _
k	f	# _
k	ɣ	# _
b	b	# _
b	f	# _
b	β	# _
b	m	# _
d	d	# _
d	t͡s	# _
d	r	# _
d	l	# _
j	j	# _
j	w	# _
j	∅	# _
g	k	# _
g	ɣ	# _
g	∅	# _
m	m	# _
m	b	# _
n	n	# _
d	d	# _
g	g	# _
p	p	# _
p	f	# _
p	β	# _
t	t	# _
t	r	# _
t	s	# _
c	t͡s	# _
c	s	# _
k	k	# _
k	ɣ	# _
k	s	# _
b	b	# _
b	f	# _
b	β	# _
d	d	# _
d	t͡s	# _
d	l	# _
d	r	# _
d	n	# _
j	j	# _
j	w	# _
g	k	# _
g	ɣ	# _
g	g	# _
m	m	# _
n	n	# _
b	b	# _
d	d	# _
g	g	# _
p	p	# _
p	β	# _
p	f	# _ u ̝
t	t	# _
t	r	# _
t	s	# _ i ̝
c	t͡s	# _
k	k	# _
k	f	# _ u ̝
b	b	# _
b	b	# m _
b	β	# _
b	v	# m _ u ̝
b	f	# _
d	d	# _
d	l	# _
ɟ	j	# _
ɟ	z	# n _ i ̝
g	k	# _
g	g	# ŋ _
g	v	# m _ u ̝
m	m	# _
p	p	# _
p	β	# _
t	t	# _
t	r	# _
t	s	# _ i ̝
c	s	# _
k	k	# _
k	ɣ	# _
b	β	# _
d	l	# _
d	r	# _ i ̝
d	r	# _
g	k	# _
g	ɣ	# _
m	m	# _
n	n	# _
nʲ	nʲ	# _
n	n	# _
n	r	# _ i ̝
n	nʲ	# _ i ̝
nʲ	nʲ	# _
t	t	# _
b	b	# _
d	d	# _
ɟ	z	# _
g	g	# _
p	p	# m _
p	β	# _
t	t	# _
c	t͡s	# n _
c	s	# _
k	k	# _
b	b	# _
b	v	# _ u ̝
d	d	# n _
d	l	# _
ɟ	z	# n _
ɟ	j	# _
j	∅	# _
j	j	# _
g	g	# n _
g	v	# m _ u ̝
g	ɣ	# _
g	t͡s	# _
p	b	# _
t	t	# _
t	d	# _
c	s	# _
k	k	# _
k	ɣ	# _
k	∅	# _
b	b	# _
b	p	# _
d	d	# _
d	l	# _
d	t͡s	# _ i ̝
j	j	# _
g	k	# _
g	ɣ	# _
m	m	# _
n	n	# _
n	nʲ	# _ i ̝
nʲ	nʲ	# _
m	m	# _
n	n	# _
n	nʲ	# _
nʲ	nʲ	# _
b	b	# _
d	d	# _
ɟ	ɟ	# _
g	g	# _
p	p	# _
p	β	# _
t	t͡s	# _
t	t	# _
t	s	# _
c	t͡s	# _
c	z	# n _
k	k	# _
b	b	# _
d	l	# _
ɟ	z	# n _
ɟ	j	# _
j	∅	# _
j	j	# _
g	k	# _
m	m	# _
n	n	# _
n	nʲ	# _ i ̝
nʲ	nʲ	# _
p	p	# _
t	t	# _
c	s	# _
k	k	# _
k	ɣ	# _
b	b	# _
d	d	# _
d	r	# _
d	l	# _
d	s	# _
j	j	# _
g	k	# _
m	m	# _
n	n	# _
n	nʲ	# _
nʲ	nʲ	# _
b	b	# _
d	d͡z	# _
ɟ	ɟ	# _
g	g	# _
i ̝ i ̝	i i	
i i	i i	
i ̝ a	i ə	
i ̝ o	i u	
i ̝ u	i u	
i ̝ u ̝	i u	
i i	i i	
i i	i i	
i a	i ə	
i o	i u	
i u	i u	
i u ̝	e u	
e i ̝	e i	
e i ̝	ɛ ə	
e e	ɛ i	
e e	e i	
e a	ɛ ə	
e o	e u	
e u	e u	
a i ̝	a i	
a i	a i	
a e	a i	
a … a	a … ə	
a a	a i	
a o	a u	
a u	a u	
a u ̝	a u	
o i ̝	o i	
o i	o i	
o i	u i	
o e	o i	
o a	ɔ ə	
o a	u ə	
o o	o u	
o o	u u	
o o	o u	
o o	u u	
u i ̝	o i	
u i ̝	u i	
u i	u ə	
u i	u i	
u a	u ə	
o o	u u	
u u	u u	
u u	u u	
u ̝ i ̝	u i	
u ̝ i	u i	
u ̝ a	u ə	
u u	u u	
u ̝ u ̝	u u	
i ̝ i ̝	i i	
i ̝ e	i i	
i ̝ a	i a	
i ̝ o	i u	
i ̝ o	i a	
i ̝ u	i u	
i ̝ u	i a	
i i	i i	
i i	i i	
i a	e a	
i o	i u	
i o	i a	
i u	i u	
i u	i a	
i u ̝	i u	
i u ̝	i a	
e i ̝	e i	
e e	ɛ ɛ	
e a	ɛ ɛ	
e o	e u	
e o	e a	
e u	e u	
e u	e a	
a i ̝	a i	
a i	a i	
a e	a i	
a … a	a … a	
a o	a u	
a o	a a	
a u	a u	
a u	a a	
o i ̝	o i	
o e	ɔ ɛ	
o a	ɔ ɔ	
o o	ɔ ɔ	
o u ̝	o u	
o u ̝	o a	
u i ̝	u i	
u i	u i	
u a	o a	
o o	u u	
u u	u u	
u ̝ i ̝	u i	
u ̝ i	u i	
u ̝ a	u a	
u ̝ a	u u	
u ̝ o	u u	
u ̝ u ̝	u u	
i ̝ a	i a	
i i	i i	
i i	i i	
i a	e a	
e i ̝	e i	
e e	ɛ ɛ	
e o	e a	
e u	e u	
e u	e a	
a i ̝	ɛ i	
a e	ɛ i	
a … a	a … a	
a o	a a	
a u	a a	
o i ̝	o i	
o i	o i	
o a	ɔ ɔ	
o o	ɔ ɔ	
o o	u a	
u i ̝	u i	
u i	u i	
u e	u i	
u a	o a	
u a	u a	
o o	u u	
u u	u u	
u ̝ i	u i	
u ̝ a	u u	
u ̝ u ̝	u u	
i ̝ a	i a	
i ̝ o	i u	
i i	i i	
i a	e a	
i u	u i	
e e	ɛ o	
e e	ɛ e	
a i ̝	a u	
a i	a i	
a e	a i	
a … a	a … a	
a a	a i	
a o	a a	
a o	a u	
a u	a u	
o i ̝	o i	
o i	o i	
o a	ɔ o	
o o	ɔ ɔ	
o o	ɔ o	
o u ̝	o u	
u i ̝	u i	
u i	u i	
o o	u u	
u u	u u	
u u	u i	
u ̝ a	u a	
p	p	# _
p	ɸ	# _ i ̝
t	t	# _
c	t͡s	# _
c	t͡sʲ	# _
k	k	# _
b	p	# _
b	b	# _
b	bʲ	# _
b	v	# m _ i ̝
d	l	# _
ɟ	z	# n _
ɟ	j	# _
j	∅	# _
j	j	# _
g	k	# _
m	m	# _
nʲ	nʲ	# _
p	b	# _
t	t	# _
c	s	# _
k	ɣ	# _
b	b	# _
d	d	# _
d	s	# _
d	r	# _
j	j	# _
g	ŋ	# _
m	m	# _
n	n	# _
nʲ	nʲ	# _
nʲ	nʲ	# _
p	p	# _
p	f	# _ u ̝
p	j	# _
p	∅	# _
t	t	# _
c	t͡s	# _
c	s	# _
k	k	# _
k	t͡s	# _ i ̝
b	b	# _
b	b	# _
b	v	# m _ u ̝
d	l	# _
p	β	# _
p	b	# _
t	t	# _
t	l	# _
c	s	# _
k	k	# _
k	ɣ	# _
k	∅	# _
b	b	# _
d	r	# _
d	l	# _
d	s	# _
ɟ	z	# n _
ɟ	j	# _
j	d͡z	# _
j	t͡s	# _
j	z	# _
j	∅	# _
j	j	# _
j	j	# n _
g	k	# _
g	g	# _
g	g	# n _
nʲ	nʲ	# _
g	g	# _
m	m	# _
n	n	# _
b	m	# _
d	n	# _
d	d	# _
g	g	# _
g	∅	# _
p	p	# _
p	∅	# _
t	t	# _
c	t͡s	# n _
c	s	# _
k	k	# _
k	k	# n _
b	p	# m _
b	b	# _
b	v	# m _ u ̝
d	l	# _
ɟ	d͡z	# n _
ɟ	j	# _
j	∅	# _
j	j	# n _
g	k	# _
g	g	# n _
n	nʲ	# _
nʲ	nʲ	# _
p	β	# _
p	b	# _
p	∅	# _
t	r	# _
c	s	# _
k	ɣ	# _
b	b	# _
d	l	# _
g	ɣ	# _
m	m	# _
n	n	# _
p	p	# _
t	t	# _
t	t͡s	# _
c	s	# _
c	t͡s	# n _
k	k	# _
k	ȹ ͡ f	# _ u ̝
b	b	# _
b	v	# m _ u ̝
d	l	# _
d	r	# _
d	t	# _
ɟ	z	# n _
j	j	# n _
j	∅	# _
j	j	# _
g	k	# _
g	ɡ͡bʷ	# n _ u ̝
p	p	# _
t	l	# _
k	ɣ	# _
b	b	# _
d	r	# _ i ̝
d	l	# _
g	ɣ	# _
m	m	# _
n	n	# _
b	m	# _
g	n	# _
g	∅	# _
i ̝ a	i a	
i ̝ a	e a	
i ̝ o	i i	
i ̝ o	i a	
i a	i a	
e i ̝	e i	
e e	e e	
e o	e i	
a i ̝	a i	
a i	a i	
a e	a i	
a … a	a … a	
a a	a i	
a o	a i	
a u	a i	
o i ̝	o i	
o e	o o	
o a	o o	
o a	u o	
o o	o o	
o o	o o	
u i ̝	u u	
u i	u u	
u a	u u	
o o	u u	
u u	u u	
u u	u u	
u ̝ a	u a	
i ̝ a	i a	
i ̝ o	i i	
i ̝ o	i ɔ	
i i	e i	
i a	i a	
e i ̝	e i	
e e	ɛ ɛ	
e o	e i	
a i ̝	a i	
a i	a i	
a e	a i	
a … a	a … a	
a a	a i	
a o	a i	
a u	a i	
o i ̝	o i	
o i ̝	a i	
o e	o o	
o a	o o	
o a	ɔ ɔ	
o a	u o	
o o	ɔ ɔ	
o o	u ɔ	
o o	ɔ ɔ	
o o	ɔ a	
u i ̝	u u	
u a	u a	
u a	u u	
o o	u u	
u u	u u	
u ̝ a	u a	
i ̝ a	i a	
i ̝ o	i i	
i i	ɛ i	
i a	i a	
e i ̝	ɛ i	
e e	e i	
e e	ɛ ɛ	
e o	ɛ ɛ	
e u ̝	ɛ u	
a i ̝	a i	
a i	a i	
a … a	a … a	
a a	a i	
a o	a i	
a u	a i	
o i ̝	o i	
o e	ɔ ɛ	
o a	u a	
o o	ɔ ɔ	
o o	ɔ ɔ	
u i ̝	u i	
u i ̝	i i	
u i	u i	
u a	u u	
o o	u u	
o o	u ɔ	
u u	u u	
u u	u i	
u ̝ a	u a	
u ̝ u ̝	u u	
i ̝ a	i a	
i ̝ o	i i	
i ̝ o	i o	
i a	i a	
e e	e i	
e e	e e	
e o	e i	
a i ̝	a i	
a i	a i	
a e	a i	
a … a	a … a	
a a	a i	
a o	a i	
o i ̝	o i	
o i	ɔ e	
o a	ɔ ɔ	
o o	ɔ ɔ	
o u ̝	o o	
u i ̝	u i	
u i	i i	
u a	u u	
u a	u a	
o o	u u	
u u	u u	
u u	u i	
u ̝ a	u a	
u ̝ u ̝	u u	
p	p	
p	p	
p	p	
p	p	
p	p	
p	p	
p	p	
p	p	
p	p	
p	p	
p	p	
p	p	
p	p	
p	p	
t	t	
t	t	
t	t	
t	t	
t	t	
t	t	
t	t̠͡ʃ	
t	θ	
t	t	
t	t	
t	t	
t	t	
t	t	
t	k	
t	t	
t	t	
c	c	
c	c	
c	t̠͡ʃ	
c	t̠͡ʃ	
c	t̠͡ʃ	
c	c	
c	c	
c	c	
c	t̠͡ʃ	_ i
c	s	
c	ʃ	
c	s	
c	s	
c	s	
c	s	
c	s	
k	h	
k	∅	
k	h	
k	h	
k	h	
k	h	
k	∅	
k	h	
k	h	
k	k	
k	x	
k	h	
k	x	
k	h	
k	h	
k	h	
k	h	
kʷ	kʷ	
kʷ	k	
kʷ	kʷ	
kʷ	kʷ	
kʷ	kʷ	
kʷ	kʷ	
kʷ	kʷ	
kʷ	kʷ	
kʷ	kʷ	
kʷ	kʷ	
kʷ	kʲ	i _
kʷ	kʷ	
kʷ	kʷ	
kʷ	kʷ	
kʷ	kʷ	
kʷ	kʷ	
ʔ	ʔ	
ʔ	ʔ	
ʔ	∅	
ʔ	ʔ	
ʔ	∅	
b	b	
b	m b	
b	b	
b	m b	
b	v	
b	v	
b	b	
b	b	
b	b	
b	ɓ	
b	b	
b	b	
b	b	
b	b	
b	b	
u	o	
e	e	# _ u
e	y	# _ u
i i	i ∅	# _
e	e	# _
u	o	# _ e
a	e	_ i
a	e	_ i
a	i	_ i
e r i	é ∅ ∅	_ #
e r i	e ∅ i	_ #
iʔ i	í ∅ ∅	_ #
a u	á ∅	_ #
uʔ u	ó ∅ ∅	_ #
d	d	
d	d͡z	
d	d͡r	
d	r	
d	d	
d	d	
d	d	
d	d	
d	ʔ	
d	d	
d	d	
d	d	
d	d	
d	d	
d	l	
d	ʔ	# _ #
d	ʔ	# _ #
d	ʔ	# _ #
d	ʔ	# _ #
d	ʔ	# _ #
d	ʔ	# _ #
j	ṛ	
j	ʃ	
j	l	
j	c	
j	t̠͡ʃ	
j	ʃ	
j	s	
j	s	
j	θ	
j	θ	
j	h	
j	ʃ	
j	ʃ	
j	ʃ	
j	ʃ	
j	ʃ	
j	ʃ	
s	s	
s	ð	
s	θ	
s	s	
s	x	
s	h	
s	h	
s	h	
s	h	
s	x	
s	x	
s	h	
s	h	
s	h	
s	h	
θ	ð	
θ	s	
θ	ʃ	
θ	s	
θ	s	
θ	ʃ	
θ	ʃ	
θ	s	
θ	s	
θ	t	
θ	s	
θ	t	
θ	t̠͡ʃ	
θ	t	
θ	t	
θ	s	
θ	t	
θ	t̠͡ʃ	
r	∅	
r	∅	
r	∅	
r	∅	
r	∅	
r	∅	
r	∅	
r	r	
r	∅	
r	∅	
r	∅	
r	∅	
r	∅	
r	∅	
ṛ	r	
ṛ	r	
ṛ	r	
ṛ	r	
ṛ	r	
ṛ	r	
ṛ	r	
ṛ	r	
ṛ	y	
ṛ	∅	
ṛ	∅	
ṛ	∅	
ṛ	∅	
ṛ	∅	
ṛ	∅	
w	w	
w	v	
w	w	_ a
w	w	_ a
w	v	
w	w	
w	w	_ a
w	v	
w	w	_ a
w	v	
w	w	_ a
w	w	_ a
w	w	_ a
w	w	_ a
w	w	_ a
w	w	_ a
w	w	_ a
w	w	_ a
y	t̠͡ʃ	
y	t̠͡ʃ	
y	t̠͡ʃ	
y	t̠͡ʃ	
y	t̠͡ʃ	
y	t̠͡ʃ	
y	y	
y	y	
y	y	
y	w	
y	y	
y	y	
y	y	
y	y	
y	y	
m	m	
m	m	
m	m	
m	m	
m	m	
m	m	
m	m	
m	m	
m	m	
m	m	
m	m	
m	m	
m	m	
m	m	
n	n	
n	n	
n	n	
n	n	
n	n	
n	n	
n	n	
n	ñ	
n	n	
n	n	
n	ñ	
n	n	
n	n	
n	n	
n	n	
n	n	
p	p	
p	p	
p	p	
ṕ	ṕ	
ṕ	p	
ṕ	m	_ Ṽ
m	m	
m	m	
m	m	_ Ṽ
t	t	
t	t	
t	t	
t ́	t ́	
t ́	t	
t ́	n	_ Ṽ
n	n	
n	n	
n	n	_ Ṽ
p	h	
p	p	
p	pʰ	
p	p	
p	p	
p	p	
p	pʰ	
p	p	
p	h	
p	∅	# _
t	t	
t	t	
r	t	
t	t	
t	t	
t	t	
t	t	
k	k	
k	k	
k	k	
k	k	
k	g	b Ṽ _
k	k	_ Ṽ g
k	k	
k	k	
k	k	
kʷ	k	
kʷ	k	
kʷ	k	
kʷ	k	
kʷ	k	
kʷ	k	
kʷ	kʷ	
b	b	
b	b	
b	b	
b	b	
b	b	
b	b	
b	b	
b	p ʼ	
d	d	
d	d	
d	d	
d	d	
d	g	_ Ṽ g
d	d	
d	d	
d	d	
d	t ʼ	
g	g	
g	∅	# _
g	k	
g	k	
g	g	
g	k	
g	k	
g	∅	# _
g	k ʼ	
g	k	
gʷ	g	
gʷ	k	
gʷ	k	
gʷ	g	
gʷ	k	
gʷ	k	
gʷ	k ʼʷ	
r	r	
r	r	
r	r	
r	n	_ Ṽ
r	r	
r	r	
r	r	
r	t ʼ	
s ∅	t s	
s	h	
s	h	
s	s	
s	s	
s	s	
s	s	
t̠͡ʃ	h	
t̠͡ʃ	s	
t̠͡ʃ	s	
t̠͡ʃ	s	
z	r	
z	d	
z	h	
z	d	
z	d	
z	d	
z	s ʼ	
d̠͡ʒ	r	
d̠͡ʒ	d	
d̠͡ʒ	h	
d̠͡ʒ	d	
d̠͡ʒ	d	
d̠͡ʒ	d	
d̠͡ʒ	y	
ʒ	y	
ʒ	y	
ʒ	h	
ʒ	y	
ʒ	y	
ʒ	y	
ʒ	s ʼ	
ʃ	h	
ʃ	y	
ʃ	y	
ʃ	s	
ʃ	s	
ʃ	y	
m	b	
m	m	
m	m	
m	b	
m	b	
m	b	
m	m	
n	r	
n	n	
n	n	
n	d	
n	d	
n	d	
n	n	
w	w	
w	w	
w	w	
w	w	
w	w	
w	w	
w	w	
j	y	
j	y	
j	d	_ i
j	∅	# _
j	y	
j	β	
j	y	
j	∅	e _ a
j	∅	i _
j	∅	e _ a
j	y	
j	g	Ṽ _ Ṽ
j	y	
j	∅	i _
j	y	
j	ỹ	_ Ṽ
j	ỹ	_ Ṽ
j	ỹ	_ Ṽ
j	ỹ	_ Ṽ
j	ỹ	_ Ṽ
j	ỹ	_ Ṽ
j	ỹ	_ Ṽ
h	h	
h	∅	
h	h	
h	h	
h	h	
h	h	
h	∅	
ʔ	∅	
ʔ	∅	
ʔ	∅	
ʔ	ʔ	
ʔ	ʔ	
ʔ	ʔ	
ʔ	ʔ	
ʔ	∅	
∅	w	_ i
∅	w	_ i
∅	ð	o _ a
∅	ð	a _ o
∅	h	# _
i	i	
i	i	
i	i	
i	i	
i	i	
i	i	
i	i	
i	e	a _
i	e	a _
i	e	e _
i	e	o _
i	ɨ	w _
i	ɨ	w _
i	ɨ	ɨ _
i	u	w _
i	∅	ɨ _
i	∅	a _
e	e	
e	e	
e	e	
e	e	
e	e	
e	e	
e	e	
e	i	i _
e	i	e _
e	i	_ t̠͡ʃ
e	a	o _
e	a	w _
e	a	w _
e	a	w _
e	a	_ a
e	∅	_ a
e	∅	_ a
e	∅	o _
ɨ	ɨ	
ɨ	ɨ	
ɨ	ɨ	
ɨ	ɨ	
ɨ	ɨ	
ɨ	ɨ	
ɨ	ɨ	
ɨ	u	_ o
ɨ	∅	_ i
ɨ	∅	_ i
ɨ	∅	_ i
ɨ	∅	_ i
ɨ	∅	_ a
ɨ	∅	_ o w
a	a	
a	a	
a	a	
a	a	
a	a	
a	a	
a	a	
a	i	j _
a	e	j _
a	u	i _
a	u	i _
a	∅	_ i
a	∅	e _
a	∅	e _
a	∅	e _
a	∅	e _
a	∅	ɨ _
a	∅	ɨ _
a	∅	_ u
a	∅	_ u
a	∅	_ ɨ
a	∅	_ ɨ
a	∅	o _
u	u	
u	u	
u	u	
u	u	
u	u	
u	u	
u	u	
u	ɨ	_ i
u	ɨ	_ e
u	ɨ	_ e
u	ɨ	a _
u	ɨ	a _
u	ɨ	_ j
u	ɨ	_ j
u	o	a _
o	o	
o	o	
o	o	
o	o	
o	o	
o	o	
o	o	
o	ɨ	j _
o	a	ɨ _
o	a	_ a
o	a	_ a
o	u	_ w
o	u	_ a
o	∅	e _
o	∅	e _
o	∅	_ a
o	∅	_ a
o	∅	u _
Ṽ	Ṽ	
Ṽ	Ṽ	
Ṽ	Ṽ	
Ṽ	Ṽ	
Ṽ	Ṽ	
Ṽ	Ṽ	
Ṽ	Ṽ	
∅	u	u h _
t̠͡ʃ	t̠͡ʃ	
g	∅	_ a
g	∅	_ ɔ
g	∅	_ o
g	∅	_ a
g	∅	_ ɔ
g	∅	_ o
g	∅	_ a
g	∅	_ ɔ
g	∅	_ o
g	∅	_ a
g	∅	_ ɔ
g	∅	_ o
g	∅	_ a
g	∅	_ ɔ
g	∅	_ o
g	∅	_ a
g	∅	_ ɔ
g	∅	_ o
g	∅	_ a
g	∅	_ ɔ
g	∅	_ o
g	∅	_ a
g	∅	_ ɔ
g	∅	_ o
b	w	_ ɔ
b	w	_ o
t	t ̠ʲ	. _ ĕ .
t	t ̠ʲ	. _ ɪ̆ .
tʰ	t ̠ʰʲ	. _ ĕ
tʰ	t ̠ʰʲ	. _ ɪ̆
g	∅	_ a
g	∅	_ ɔ
g	∅	_ o
dʰ	d ̠ʰʲ	. _ ĕ
dʰ	d ̠ʰʲ	. _ ɪ̆
ɑ	u	. ∅ _ .
ə u	ɑ u	. ∅ _ .
a u	ɑ u	. ∅ _ .
ɪ̆ a u	ɪ̆ ɛ u	. ∅ _ .
ɪ̆ a	ɪ̆ e	. ∅ _ .
ɪ̆ e i	∅ ∅ i	. ∅ _ .
u ə i	u ɒ i	. ∅ _ .
ɑ̆	ɑ	. ∅ _ k ̚ .
ɑː k ̚	u ∅	. ∅ _ .
ŏ	u	. ∅ _ k ̚ .
e ŏ	∅ ɔ	. ∅ _ k ̚ .
ɪ̆ w ŏ	ɪ̆ w o	. ∅ _ k ̚ .
ə̆	ə	. ∅ _ k ̚ .
ĕ	æ	. ∅ _ k ̚ .
ɪ ə̆ u	ɪ̆ ∅ u	. ∅ _ k ̚ .
ă u	ɑ ∅	. ∅ _ k ̚ .
ɪ ă ∅ t ̚	ɪ̆ ɛ i ∅	. ∅ _ .
u aː	u ɑ	. ∅ _ t ̚ .
u aː ∅ t ̚	u ɑ i ∅	. ∅ _ .
u ə̆	u ə	. ∅ _ t ̚ .
u əː ∅ t ̚	u ɒ i ∅	. ∅ _ .
o	u	. ∅ _ ŋ .
ɪ̆ e	ɪ̆ ɛ	. ∅ _ ŋ .
i a	i e	. ∅ _ n .
u a	u ɑ	. ∅ _ n .
ɪ̆ e	ɪ̆ ĕ	. ∅ _ n .
ɪ̆ ə	ɪ̆ ĕ	. ∅ _ n .
ɪ̆ ə	ɪ̆ ĕ	. ∅ _ m .
ɪ̆ w ə m	ɪ̆ u ∅ ŋ	. ∅ _ .
ɪ̆ a	ɪ̆ ɛ	. ∅ _ m .
p	p	. _ ɪ̆ w̆ u
p	p	. _ ɪ̆ ɪ̆ u
pʰ	pʰ	. _ ɪ̆ w̆ u
pʰ	pʰ	. _ ɪ̆ ɪ̆ u
bʰ	bʰ	. _ ɪ̆ ŭ w
bʰ	bʰ	. _ ɪ̆ ɪ̆ w
m	m	. _ ɪ̆ w̆ u
m	m	. _ ɪ̆ ɪ̆ u
ŋ	n	. _ ĭ
ŋ	n	. _ ɪ̆
ɣ	∅	. _ i
ɣ	∅	. _ y
ɣ	∅	. _ u
w a	u a	. ∅ _ .
w a t ̚	u a ∅	. ∅ _ .
ɪ̆ a	i e	t͡s _ .
ɪ̆ a	i e	t ͡ j _ .
ɪ̆ ɑ	i e	. ∅ _ .
ɪ̆ u ɑ	y e ∅	. ∅ _ .
ɪ̆ ɐ t ̚	i e ∅	. ∅ _ .
t ̚	∅	. ∅ i e _ .
ɪ̆ ɐ p ̚	i e ∅	. ∅ _ .
p ̚	∅	. ∅ i e _ .
i w e t ̚	y e ∅ ∅	. ∅ _ _ .
ɪ̆ w e	∅ e i	. ∅ _ .
i e i	∅ ∅ i	. ∅ _ .
k ̚	∅	. ∅ u _ .
u o k ̚	u ∅ ∅	. ∅ _ _ .
ɪ̆ w ə k ̚	∅ y ∅ ∅	. ∅ _ _ .
a i	ɒ i	. ∅ _ .
w ɐ i	u a i	. ∅ _ .
ɑ u	a u	. ∅ _ .
i e u	i a u	. ∅ _ .
ɑ	a	. ∅ _ n .
ɪ̆ ɐ m	i a n	. ∅ _ .
i e n	i a n	. ∅ _ .
w a	u a	. ∅ _ n .
i w e	∅ y a	. ∅ _ n .
ɒ	a	. ∅ _ n .
ɪ̆ ə	i ∅	. ∅ _ n .
ɑ	a	. ∅ _ ŋ .
ɐ	ə	. ∅ _ ŋ .
ɪ̆ ɐ ŋ	i ∅ ŋ	. ∅ _ .
u	u	. ∅ _ ŋ .
u ə	u ∅	. ∅ _ ŋ .
ɪ̆ u	∅ y	. ∅ _ ŋ .
w ɐ	∅ u	. ∅ _ ŋ .
ɔ ∅ t	œ i ʔ	∅ _ _
k	kʲ	_ i
k	kʲ	_ e
g	gʲ	_ i
g	gʲ	_ e
b	∅	_ ɔ
b	∅	_ o
b	w	_ a
b	w	_ ɛ
b	w	_ e
k	k	_ ɛ
k	k	_ e
g	g	_ ɛ
g	g	_ e
b	∅	_ ɔ
b	∅	_ o
b	w	_ a
b	w	_ ɛ
b	w	_ e
g	g	_ ɛ
g	g	_ e
b	∅	_ ɔ
b	∅	_ o
b	w	_ a
b	w	_ ɛ
b	w	_ e
b	∅	_ ɔ
b	∅	_ o
b	w	_ a
b	w	_ ɛ
b	w	_ e
b	∅	_ ɔ
b	∅	_ o
b	w	_ a
b	w	_ ɛ
b	w	_ e
b	∅	_ ɔ
b	∅	_ o
b	w	_ a
b	w	_ ɛ
b	w	_ e
b	∅	_ ɔ
b	∅	_ o
b	w	_ a
b	w	_ ɛ
b	w	_ e
b	∅	_ ɔ
b	∅	_ o
b	w	_ a
b	w	_ ɛ
b	w	_ e
e a	∅ æ	. t͡s _ n .
e a	∅ æ	. t ͡ t _ n .
e a	∅ æ	. t͡s _ n .
e a	∅ æ	. t _ n .
e a	∅ æ	. t ͡ ͡ _ n .
e a	∅ æ	. t ͡ʰ _ n .
e a	∅ æ	. t͡s _ n .
e a	∅ æ	. t ͡ z _ n .
e a	∅ æ	. t ͡ t _ n .
e a	∅ æ	. t ͡ ͡ _ n .
e a	∅ æ	. t _ n .
e a	∅ æ	. t ͡ ̠ _ n .
e a	∅ æ	. t ͡ ʃ _ n .
e a	∅ æ	. t _ n .
e a	∅ æ	. t ͡ ̠ _ n .
e a	∅ æ	. t ͡ ʒ _ n .
e a	∅ æ	. t _ n .
ɪ̆ aː u k ̚	ɪ̆ ɛ u ∅	. t ̠ʲ _ .
ɪ̆ aː u k ̚	ɪ̆ ɛ u ∅	. t ̠ʲ _ .
ɪ̆ aː u k ̚	ɪ̆ ɛ u ∅	. OR ̠ʲ _ .
ɪ̆ aː u k ̚	ɪ̆ ɛ u ∅	. OR ̠ʲ _ .
ɪ̆ aː u k ̚	ɪ̆ ɛ u ∅	.ʰ ̠ʲ _ .
ɪ̆ aː u k ̚	ɪ̆ ɛ u ∅	. n ̠ʲ _ .
ɪ̆ aː u k ̚	ɪ̆ ɛ u ∅	. l ̠ʲ _ .
ɪ̆ aː u k ̚	ɪ̆ ɛ u ∅	. t ̠ʲ _ .
ɪ̆ aː u k ̚	ɪ̆ ɛ u ∅	.ʲ ̠ʲ _ .
ɪ̆ aː u k ̚	ɪ̆ ɛ u ∅	. t ̠ʲ _ .
ɪ̆ aː u k ̚	ɪ̆ ɛ u ∅	.ʰ ̠ʲ _ .
ɪ̆ aː u k ̚	ɪ̆ ɛ u ∅	. ̠ ̠ʲ _ .
ɪ̆ aː u k ̚	ɪ̆ ɛ u ∅	.ʲ ̠ʲ _ .
ɪ̆ aː u k ̚	ɪ̆ ɛ u ∅	. ɕ ̠ʲ _ .
ɪ̆ aː u k ̚	ɪ̆ ɛ u ∅	. ʑ ̠ʲ _ .
ɪ̆ aː u k ̚	ɪ̆ ɛ u ∅	. n ̠ʲ _ .
e aː t ̚	æ i ∅	. t _ .
e aː t ̚	æ i ∅	. t _ .
e aː t ̚	æ i ∅	.ʰ _ .
e aː t ̚	æ i ∅	. t _ .
e aː t ̚	æ i ∅	.ʲ _ .
e aː t ̚	æ i ∅	. t _ .
e aː t ̚	æ i ∅	.ʰ _ .
e aː t ̚	æ i ∅	. ̠ _ .
e aː t ̚	æ i ∅	.ʲ _ .
e aː t ̚	æ i ∅	. ɕ _ .
e aː t ̚	æ i ∅	. ʑ _ .
e aː t ̚	æ i ∅	. n _ .
e aː t ̚	æ i ∅	.ʲ _ .
e aː t ̚	æ i ∅	. n _ .
e aː t ̚	æ i ∅	. l _ .
∅ ĕ	ɪ̆ e	. t͡s _ t ̚ .
∅ ĕ	ɪ̆ e	. t ͡ t _ t ̚ .
∅ ĕ	ɪ̆ e	. t͡s _ t ̚ .
∅ ĕ	ɪ̆ e	. t _ t ̚ .
∅ ĕ	ɪ̆ e	. t ͡ ͡ _ t ̚ .
∅ ĕ	ɪ̆ e	. t ͡ʰ _ t ̚ .
∅ ĕ	ɪ̆ e	. t͡s _ t ̚ .
∅ ĕ	ɪ̆ e	. t ͡ z _ t ̚ .
∅ ĕ	ɪ̆ e	. t ͡ t _ t ̚ .
∅ ĕ	ɪ̆ e	. t ͡ ͡ _ t ̚ .
∅ ĕ	ɪ̆ e	. t _ t ̚ .
∅ ĕ	ɪ̆ e	. t ͡ ̠ _ t ̚ .
∅ ĕ	ɪ̆ e	. t ͡ ʃ _ t ̚ .
∅ ĕ	ɪ̆ e	. t _ t ̚ .
∅ ĕ	ɪ̆ e	. t ͡ ̠ _ t ̚ .
∅ ĕ	ɪ̆ e	. t ͡ ʒ _ t ̚ .
∅ ĕ	ɪ̆ e	. t _ t ̚ .
j ∅ u k ̚	∅ o u ∅	. ∅ _ .
b	∅	_ ɔ
b	∅	_ o
b	w	_ a
b	w	_ ɛ
b	w	_ e
b	∅	_ ɔ
b	∅	_ o
b	w	_ a
b	w	_ ɛ
b	w	_ e
b	∅	_ ɔ
b	∅	_ o
b	w	_ a
b	w	_ ɛ
b	w	_ e
b	∅	_ ɔ
b	∅	_ o
b	w	_ a
b	w	_ ɛ
b	w	_ e
b	w	_ ɔ
b	w	_ o
b	β	_ a
b	β	_ ɛ
b	β	_ e
b	β	_ ɔ
b	β	_ o
b	β	_ a
b	β	_ ɛ
b	β	_ e
b	β	_ ɔ
b	β	_ o
b	β	_ a
b	β	_ ɛ
b	β	_ e
b	β	_ ɔ
b	β	_ o
b	β	_ a
b	β	_ ɛ
b	β	_ e
b	β	_ ɔ
b	β	_ o
b	β	_ a
b	β	_ ɛ
b	β	_ e
b	∅	_ ɔ
b	∅	_ o
b	b	_ a
b	b	_ ɛ
b	b	_ e
b	∅	_ ɔ
b	∅	_ o
b	∅	_ ɔ
b	∅	_ o
b	v	_ a
b	v	_ ɛ
b	v	_ e
b	w	_ ɔ
b	w	_ o
b	v	_ a
b	v	_ ɛ
b	v	_ e
b	w	_ ɔ
b	w	_ o
b	v	_ a
b	v	_ ɛ
b	v	_ e
b	vʷ	_ ɔ
b	vʷ	_ o
b	v	_ a
b	v	_ ɛ
b	v	_ e
b	β	_ ɔ
b	β	_ o
b	β	_ a
b	β	_ ɛ
b	β	_ e
b	β	_ ɔ
b	β	_ o
b	β	_ a
b	β	_ ɛ
b	β	_ e
b	β	_ ɔ
b	β	_ o
b	β	_ a
b	β	_ ɛ
b	β	_ e
b	β	_ ɔ
b	β	_ o
b	β	_ a
b	β	_ ɛ
b	β	_ e
b	∅	_ ɔ
b	∅	_ o
b	w	_ a
b	w	_ ɛ
b	w	_ e
b	v	_ ɔ
b	v	_ o
b	v	_ a
b	v	_ ɛ
b	v	_ e
b	v	_ ɔ
b	v	_ o
b	v	_ a
b	v	_ ɛ
b	v	_ e
b	∅	_ ɔ
b	∅	_ o
b	∅	_ ɔ
b	∅	_ o
b	∅	_ a
b	∅	_ ɛ
b	∅	_ e
b	∅	_ ɔ
b	∅	_ o
b	∅	_ a
b	∅	_ ɛ
b	∅	_ e
b	∅	_ ɔ
b	∅	_ o
b	∅	_ a
b	∅	_ ɛ
b	∅	_ e
b	∅	_ ɔ
b	∅	_ o
b	∅	_ a
b	∅	_ ɛ
b	∅	_ e
b	w	_ a
b	w	_ ɛ
b	w	_ e
b	∅	_ ɔ
b	∅	_ o
b	w	_ a
b	w	_ ɛ
b	w	_ e
b	∅	_ ɔ
b	∅	_ o
b	w	_ a
b	w	_ ɛ
b	w	_ e
b	w	_ ɔ
b	w	_ o
b	w	_ a
b	w	_ ɛ
b	w	_ e
b	w	_ ɔ
b	w	_ o
b	w	_ a
b	w	_ ɛ
b	w	_ e
b	w	_ ɔ
b	w	_ o
b	w	_ a
b	w	_ ɛ
b	w	_ e
b	w	_ ɔ
b	w	_ o
b	w	_ a
b	w	_ ɛ
b	w	_ e
b	w	_ ɔ
b	w	_ o
b	w	_ a
b	w	_ ɛ
b	w	_ e
b	w	_ ɔ
b	w	_ o
b	w	_ a
b	w	_ ɛ
b	w	_ e
b	w	_ ɔ
b	w	_ o
b	w	_ a
b	w	_ ɛ
b	w	_ e
b	w	_ ɔ
b	w	_ o
b	w	_ a
b	w	_ ɛ
b	w	_ e
b	w	_ ɔ
b	w	_ o
b	w	_ a
b	w	_ ɛ
b	w	_ e
b	∅	_ ɔ
b	∅	_ o
b	w	_ a
b	w	_ ɛ
b	w	_ e
b	v	_ ɔ
b	v	_ o
b	v	_ a
b	v	_ ɛ
b	v	_ e
b	∅	_ ɔ
b	∅	_ o
b	w	_ a
b	w	_ ɛ
b	w	_ e
b	∅	_ ɔ
b	∅	_ o
b	w	_ a
b	w	_ ɛ
b	w	_ e
b	∅	_ ɔ
b	∅	_ o
b	w	_ a
b	w	_ ɛ
b	w	_ e
k	ʃ	_ e
k	ʃ	_ ɛ
k	k	_ a
k	k	_ ɔ
k	k	_ o
k	ʃ	_ e
k	ʃ	_ ɛ
k	k	_ a
k	k	_ ɔ
k	k	_ o
k	ʃ	_ e
k	ʃ	_ ɛ
k	x	_ a
k	x	_ ɔ
k	x	_ o
b	v	_ a
b	v	_ ɛ
b	v	_ e
b	w	_ ɔ
b	w	_ o
b	b	_ a
b	b	_ ɛ
b	b	_ e
b	b	_ ɔ
b	b	_ o
b	β	_ a
b	β	_ ɛ
b	β	_ e
b	β	_ ɔ
b	β	_ o
b	β	_ a
b	β	_ ɛ
b	β	_ e
b	β	_ ɔ
b	β	_ o
k	t̠͡ʃʲ	. _ i
k	t̠͡ʃʲ	. _ i
k	t̠͡ʃʲ	. _ i
k	t̠͡ʃʲ	. _ i
k	t̠͡ʃʲ	. _ i
k	t̠͡ʃʲ	. _ i
g	h	_ i
g	h	_ u
g	d̠͡ʒ	_ i
g	d̠͡ʒ	_ u
g	∅	_ i
g	∅	_ u
g	d̠͡ʒ	_ i
g	d̠͡ʒ	_ u
a	a	_ ʔ
a	a	_ h
a	a	ʔ _
a	a	h _
s	tʲ	_ i
s	tʲ	_ u
p	f	. _ ɪ̆ w̆ u
p	f	. _ ɪ̆ ɪ̆ u
pʰ	fʰ	. _ ɪ̆ w̆ u
pʰ	fʰ	. _ ɪ̆ ɪ̆ u
bʰ	v	. _ ɪ̆ ŭ w
bʰ	v	. _ ɪ̆ ɪ̆ w
m	ɱ	. _ ɪ̆ w̆ u
m	ɱ	. _ ɪ̆ ɪ̆ u
j	∅	. _ i
j	∅	. _ y
j	∅	. _ u
ŋ	∅	. _ i
ŋ	∅	. _ y
ŋ	∅	. _ u
w æ t ̚	u a ∅	. ∅ _ .
w i	e i	. ∅ _ .
ɪ̆ ɐ i	∅ ∅ i	. ∅ _ .
w æ i	u a i	. ∅ _ .
ɪ̆ ɐ n	i a n	. ∅ _ .
i e m	i a n	. ∅ _ .
w æ	u a	. ∅ _ n .
ɑ	a	. ∅ _ n .
æ	ə	. ∅ _ ŋ .
ɪ̆ ɛ ŋ	i ∅ ŋ	. ∅ _ .
i e ŋ	i ∅ ŋ	. ∅ _ .
ɪ ə ŋ	i ∅ ŋ	. ∅ _ .
u o	u ∅	. ∅ _ ŋ .
w æ	u ∅	. ∅ _ ŋ .
ɪ̆ w o	∅ ∅ y	. ∅ _ ŋ .
ɪ̆ w ɐ	∅ ∅ y	. ∅ _ ŋ .
ɪ̆ w ɛ	∅ ∅ y	. ∅ _ ŋ .
i w e	∅ ∅ y	. ∅ _ ŋ .
k	c	_ ɛ
k	c	_ e
g	j	_ ɛ
g	j	_ e
j ∅ ∅ u k ̚	∅ i o u ∅	. ∅ _ .
k	h	_ a
k	h	_ ɔ
k	h	_ o
k	h	_ a
k	h	_ ɔ
k	h	_ o
k	h	_ a
k	h	_ ɔ
k	h	_ o
b	β	_ a
b	β	_ ɛ
b	β	_ e
b	ɓ	_ a
b	ɓ	_ ɛ
b	ɓ	_ e
b	β	_ ɔ
b	β	_ o
b	ɓ	_ ɔ
b	ɓ	_ o
c	ʃ	# _ u d
c	ʃ	# _ a d
b	ɡ͡b	# _ u ̝ d
b	ɡ͡b	# _ u o d
k	w	# _ u
k	w	# _ u
n	ɲ	# _ i ̝ ̝
n	ɲ	# _ i u ̝
c	ʃ	# _ u d
c	ʃ	# _ u d
b	ɡ͡b	# _ u ̝ d
b	ɡ͡b	# _ u o d
d	d	# _ u
d	d	# _ u
t	t͡s	# _ i ̝ ̝
t	t͡s	# _ i u ̝
c	ʃ	# _ u d
c	ʃ	# _ u d
k ∅	k f	# _ u
k ∅	k f	# _ u
b ∅	b z	# _ i ̝
b ∅	b z	# _ u ̝
n	ɲ	# _ i ̝
n	ɲ	# _ i u
k	w	# _ u
k	w	# _ u
k	w	# _ u
k	w	# _ u
d	d͡z	# _ i ̝ ̝
d	d͡z	# _ i u ̝
ɗ	r	_ i
ɗ	r	_ e
ɗ	∅	_ i
ɗ	∅	_ e
ɗ	∅	_ a
ɗ	∅	_ o
ɗ	∅	_ a
ɗ	∅	_ o
ɗ	∅	_ a
ɗ	∅	_ o
ɗ	∅	_ a
ɗ	∅	_ o
ɗ	∅	_ a
ɗ	∅	_ o
ɗ	∅	_ a
ɗ	∅	_ o
ɗ	∅	_ a
ɗ	∅	_ o
ɗ	∅	_ a
ɗ	∅	_ o
ɗ	∅	_ a
ɗ	∅	_ o
ɗ	∅	_ a
ɗ	∅	_ o
ɗ	j	_ e
ɗ	j	_ a
ɗ	j	_ e
ɗ	j	_ a
ɗ	j	_ e
ɗ	j	_ a
ɗ	j	_ e
ɗ	j	_ a
ɗ	j	_ a
ɗ	j	_ o
ɗ	j	_ a
ɗ	j	_ o
ɗ	j	_ a
ɗ	j	_ o
ɗ	j	_ a
ɗ	j	_ o
ɗ	j	_ a
ɗ	j	_ o
ɗ	j	_ a
ɗ	j	_ o
ɗ	j	_ a
ɗ	j	_ o
ɗ	j	_ a
ɗ	j	_ o
ɗ	j	_ a
ɗ	j	_ o
ɗ	j	_ a
ɗ	j	_ o
c	t͡s	# _ i
c	t͡s	# _ i
k	t͡s	# _ i
k	t͡s	# _ i
d	d͡z	# _ i
d	d͡z	# _ i
b	f	# _ u
b	f	# _ u
p	f	# _ u ̝ ̝
p	f	# _ u i ̝
k	t͡s	# _ i
k	t͡s	# _ i
d	d͡z	# _ u ̝ ̝
d	d͡z	# _ u i ̝
n	nʲ	# _ u ̝ ̝
n	nʲ	# _ u i ̝
b	v	# _ u ̝ ̝
b	v	# _ u i ̝
k	t͡s	# _ i
k	t͡s	# _ i
g	t̠͡ʃ	# _ i ̝
g	t̠͡ʃ	# _ i e
g	t̠͡ʃ	# _ i e
d	r	# _ u ̝ ̝
d	r	# _ u i ̝
p	f	# _ u ̝ ̝
p	f	# _ u i ̝
b	f	# _ u ̝ ̝
b	f	# _ u i ̝
b	f	# _ i ̝
g	z	# _ i ̝
p	f	# _ i ̝
n	nʲ	# _ i ̝
p	f	# _ u ̝ ̝
p	f	# _ u i ̝
t	t͡s	# _ u ̝ ̝
t	t͡s	# _ u i ̝
d	d͡z	# _ u ̝ ̝
d	d͡z	# _ u i ̝
p	ȹ ͡ f	# _ u ̝ ̝
p	ȹ ͡ f	# _ u i ̝
t	t͡s	# _ u ̝
t	t͡s	# _ u i
t	t͡s	# _ u i
d	r	# _ i ̝
d	r	# _ i u
d	r	# _ i u
e	y	# _ a
e	y	# _ e
e	e	# _ u
e	e	# _ i
e	y	# _ a
e	y	# _ e
e	i	# _ i
e	i	# _ y
e	e	# _ i
e	e	# _ y
a	u	_ r e
a	u	_ w e
w	h	_ u
w	h	_ o
w	h	_ u
w	h	_ o
p	h	_ o
p	h	_ u
p	h	_ o
p	h	_ u
p	p	_ o
p	p	_ u
p	p	_ o
p	p	_ u
p	h	_ o
p	h	_ u
p	h	_ o
p	h	_ u
p	p	_ o
p	p	_ u
p	p	_ o
p	p	_ u
w	b	Ṽ b _
w	b	Ṽ d _
w	∅	m _
w	∅	p _
w	b	Ṽ b _
w	b	Ṽ d _
∅	w	i _
∅	w	u _
∅	w	i _
∅	w	u _
k	t̠͡ʃ	i _
k	t̠͡ʃ	e _
p	f	_ ɪ
p	f	_ ü
p	f	_ i
k	s	_ ɪ
k	s	_ ü
k	s	_ i
k	f	_ ʊ
k	f	_ u
b	v	_ ʊ
b	v	_ u
b	v	_ ʊ
b	v	_ u
d	z	_ ɪ
d	z	_ ü
d	z	_ i
t	s	_ ɪ
t	s	_ ü
t	s	_ i
g	z	_ ɪ
g	z	_ ü
g	z	_ i
g	v	_ ʊ
g	v	_ u
p	f	_ ɪ
p	f	_ ü
p	f	_ i
k	s	_ ɪ
k	s	_ ü
k	s	_ i
k	f	_ ʊ
k	f	_ u
b	v	_ ʊ
b	v	_ u
g	z	_ ɪ
g	z	_ ü
g	z	_ i
g	v	_ ʊ
g	v	_ u
p	f	_ ɪ
p	f	_ ü
p	f	_ i
k	s	_ ɪ
k	s	_ ü
k	s	_ i
k	f	_ ʊ
k	f	_ u
b	v	_ ʊ
b	v	_ u
b	v	_ ʊ
b	v	_ u
g	z	_ ɪ
g	z	_ ü
g	z	_ i
g	v	_ ʊ
g	v	_ u
p	f	_ ɪ
p	f	_ ü
p	f	_ i
k	s	_ ɪ
k	s	_ ü
k	s	_ i
k	f	_ ʊ
k	f	_ u
b	v	_ ʊ
b	v	_ u
b	v	_ ʊ
b	v	_ u
g	z	_ ɪ
g	z	_ ü
g	z	_ i
g	v	_ ʊ
g	v	_ u
p	f	_ ɪ
p	f	_ ü
p	f	_ i
k	s	_ ɪ
k	s	_ ü
k	s	_ i
k	f	_ ʊ
k	f	_ u
b	v	_ ʊ
b	v	_ u
g	z	_ ɪ
g	z	_ ü
g	z	_ i
g	v	_ ʊ
g	v	_ u
p	f	_ ɪ
p	f	_ ü
p	f	_ i
k	s	_ ɪ
k	s	_ ü
k	s	_ i
k	f	_ ʊ
k	f	_ u
b	v	_ ʊ
b	v	_ u
g	z	_ ɪ
g	z	_ ü
g	z	_ i
g	v	_ ʊ
g	v	_ u
k	s	_ ɪ
k	s	_ ü
k	s	_ i
k	f	_ ʊ
k	f	_ u
g	z	_ ɪ
g	z	_ ü
g	z	_ i
g	v	_ ʊ
g	v	_ u
p	f	_ ɪ
p	f	_ ü
p	f	_ i
t	s	_ ɪ
t	s	_ ü
t	s	_ i
k	s	_ ɪ
k	s	_ ü
k	s	_ i
k	f	_ ʊ
k	f	_ u
b	f	_ ʊ
b	f	_ u
d	s	_ ɪ
d	s	_ ü
d	s	_ i
d	f	_ ʊ
d	f	_ u
g	s	_ ɪ
g	s	_ ü
g	s	_ i
g	f	_ ʊ
g	f	_ u
p	f	_ ɪ
p	f	_ ü
p	f	_ i
t	ʃ	_ ɪ
t	ʃ	_ ü
t	ʃ	_ i
t	f	_ ʊ
t	f	_ u
k	ʃ	_ ɪ
k	ʃ	_ ü
k	ʃ	_ i
k	f	_ ʊ
k	f	_ u
k	ʃ	_ ɪ
k	ʃ	_ ü
k	ʃ	_ i
b	f	_ ʊ
b	f	_ u
d	ʃ	_ ɪ
d	ʃ	_ ü
d	ʃ	_ i
d	f	_ ʊ
d	f	_ u
d	r	_ ɪ
d	r	_ ü
d	r	_ i
g	ʃ	_ ɪ
g	ʃ	_ ü
g	ʃ	_ i
g	f	_ ʊ
g	f	_ u
d	r	_ ʊ
d	r	_ u
p	f	_ ɪ
p	f	_ ü
p	f	_ i
t	s	_ ɪ
t	s	_ ü
t	s	_ i
t	s	_ ʊ
t	s	_ u
k	s	_ ɪ
k	s	_ ü
k	s	_ i
k	f	_ ʊ
k	f	_ u
k	s	_ ɪ
k	s	_ ü
k	s	_ i
b	v	_ ʊ
b	v	_ u
d	z	_ ɪ
d	z	_ ü
d	z	_ i
d	v	_ ʊ
d	v	_ u
g	z	_ ɪ
g	z	_ ü
g	z	_ i
g	v	_ ʊ
g	v	_ u
t	f	_ ʊ
t	f	_ u
d	v	_ ʊ
d	v	_ u
k	ʃ	_ ɪ
k	ʃ	_ ü
k	ʃ	_ i
k	f	_ ʊ
k	f	_ u
g	z	_ ɪ
g	z	_ ü
g	z	_ i
g	v	_ ʊ
g	v	_ u
p	f	_ ɪ
p	f	_ ü
p	f	_ i
p	f	_ ɪ
p	f	_ ü
p	f	_ i
p	f	_ ɪ
p	f	_ ü
p	f	_ i
p	f	_ ɪ
p	f	_ ü
p	f	_ i
p	f	_ ʊ
p	f	_ u
p	f	_ ʊ
p	f	_ u
p	f	_ ʊ
p	f	_ u
d	z	_ ɪ
d	z	_ ü
d	z	_ i
d	t͡s	_ ɪ
d	t͡s	_ ü
d	t͡s	_ i
d	s	_ ɪ
d	s	_ ü
d	s	_ i
d	j	_ ɪ
d	j	_ ü
d	j	_ i
d	z	_ ɪ
d	z	_ ü
d	z	_ i
d	z	_ ɪ
d	z	_ ü
d	z	_ i
k	s	_ ɪ
k	s	_ ü
k	s	_ i
k	s	_ ɪ
k	s	_ ü
k	s	_ i
k	s	_ ɪ
k	s	_ ü
k	s	_ i
k	ʃ	_ ɪ
k	ʃ	_ ü
k	ʃ	_ i
k	ʃ	_ ɪ
k	ʃ	_ ü
k	ʃ	_ i
k	ʃ	_ ɪ
k	ʃ	_ ü
k	ʃ	_ i
k	f	_ ʊ
k	f	_ u
k	f	_ ʊ
k	f	_ u
k	f	_ ʊ
k	f	_ u
g	v	_ ʊ
g	v	_ u
g	v	_ ʊ
g	v	_ u
g	v	_ ʊ
g	v	_ u
g	v	_ ʊ
g	v	_ u
g	v	_ ʊ
g	v	_ u
p	f	_ ɪ
p	f	_ ü
p	f	_ i
p	f	_ ɪ
p	f	_ ü
p	f	_ i
p	f	_ ɪ
p	f	_ ü
p	f	_ i
p	f	_ ɪ
p	f	_ ü
p	f	_ i
p	f	_ ɪ
p	f	_ ü
p	f	_ i
p	f	_ ɪ
p	f	_ ü
p	f	_ i
p	f	_ ɪ
p	f	_ ü
p	f	_ i
p	s	_ ɪ
p	s	_ ü
p	s	_ i
p	f	_ ɪ
p	f	_ ü
p	f	_ i
p	f	_ ɪ
p	f	_ ü
p	f	_ i
p	f	_ ɪ
p	f	_ ü
p	f	_ i
p	f	_ ʊ
p	f	_ u
p	f	_ ʊ
p	f	_ u
p	f	_ ʊ
p	f	_ u
p	s	_ ʊ
p	s	_ u
p	f	_ ʊ
p	f	_ u
p	f	_ ʊ
p	f	_ u
p	f	_ ʊ
p	f	_ u
k	ʃ	_ ɪ
k	ʃ	_ ü
k	ʃ	_ i
k	ʃ	_ ɪ
k	ʃ	_ ü
k	ʃ	_ i
k	ʃ	_ ɪ
k	ʃ	_ ü
k	ʃ	_ i
k	ʃ	_ ɪ
k	ʃ	_ ü
k	ʃ	_ i
k	ʃ	_ ɪ
k	ʃ	_ ü
k	ʃ	_ i
k	ʃ	_ ɪ
k	ʃ	_ ü
k	ʃ	_ i
k	ʃ	_ ɪ
k	ʃ	_ ü
k	ʃ	_ i
t	s	_ ɪ
t	s	_ ü
t	s	_ i
t	f	_ ʊ
t	f	_ u
t	tʷ	_ ʊ
t	tʷ	_ u
d	z	_ ɪ
d	z	_ ü
d	z	_ i
d	v	_ ʊ
d	v	_ u
k	s	_ ɪ
k	s	_ ü
k	s	_ i
k	f	_ ʊ
k	f	_ u
g	z	_ ɪ
g	z	_ ü
g	z	_ i
g	v	_ ʊ
g	v	_ u
g	s	_ ɪ
g	s	_ ü
g	s	_ i
t	s	_ ɪ
t	s	_ ü
t	s	_ i
t	f	_ ʊ
t	f	_ u
d	z	_ ɪ
d	z	_ ü
d	z	_ i
d	v	_ ʊ
d	v	_ u
k	s	_ ɪ
k	s	_ ü
k	s	_ i
k	f	_ ʊ
k	f	_ u
g	z	_ ɪ
g	z	_ ü
g	z	_ i
g	v	_ ʊ
g	v	_ u
g	s	_ ɪ
g	s	_ ü
g	s	_ i
t	ʃ	_ ɪ
t	ʃ	_ ü
t	ʃ	_ i
t	ʃ	_ ʊ
t	ʃ	_ u
d	z	_ ɪ
d	z	_ ü
d	z	_ i
d	z	_ ʊ
d	z	_ u
k	s	_ ɪ
k	s	_ ü
k	s	_ i
k	f	_ ʊ
k	f	_ u
g	z	_ ɪ
g	z	_ ü
g	z	_ i
g	v	_ ʊ
g	v	_ u
g	s	_ ɪ
g	s	_ ü
g	s	_ i
t	s	_ ɪ
t	s	_ ü
t	s	_ i
t	f	_ ʊ
t	f	_ u
d	z	_ ɪ
d	z	_ ü
d	z	_ i
d	v	_ ʊ
d	v	_ u
k	s	_ ɪ
k	s	_ ü
k	s	_ i
k	f	_ ʊ
k	f	_ u
g	z	_ ɪ
g	z	_ ü
g	z	_ i
g	v	_ ʊ
g	v	_ u
g	s	_ ɪ
g	s	_ ü
g	s	_ i
b	v	_ ʊ
b	v	_ u
t	s	_ ɪ
t	s	_ ü
t	s	_ i
t	f	_ ʊ
t	f	_ u
d	z	_ ɪ
d	z	_ ü
d	z	_ i
d	v	_ ʊ
d	v	_ u
c	f	_ ʊ
c	f	_ u
k	s	_ ɪ
k	s	_ ü
k	s	_ i
k	f	_ ʊ
k	f	_ u
g	z	_ ɪ
g	z	_ ü
g	z	_ i
g	v	_ ʊ
g	v	_ u
b	v	_ ʊ
b	v	_ u
t	s	_ ɪ
t	s	_ ü
t	s	_ i
t	f	_ ʊ
t	f	_ u
d	z	_ ɪ
d	z	_ ü
d	z	_ i
d	v	_ ʊ
d	v	_ u
c	f	_ ʊ
c	f	_ u
k	s	_ ɪ
k	s	_ ü
k	s	_ i
k	f	_ ʊ
k	f	_ u
g	z	_ ɪ
g	z	_ ü
g	z	_ i
g	v	_ ʊ
g	v	_ u
b	v	_ ʊ
b	v	_ u
t	s	_ ɪ
t	s	_ ü
t	s	_ i
t	f	_ ʊ
t	f	_ u
d	z	_ ɪ
d	z	_ ü
d	z	_ i
d	v	_ ʊ
d	v	_ u
c	f	_ ʊ
c	f	_ u
k	s	_ ɪ
k	s	_ ü
k	s	_ i
k	f	_ ʊ
k	f	_ u
g	z	_ ɪ
g	z	_ ü
g	z	_ i
g	v	_ ʊ
g	v	_ u
b	v	_ ʊ
b	v	_ u
t	s	_ ɪ
t	s	_ ü
t	s	_ i
t	f	_ ʊ
t	f	_ u
d	z	_ ɪ
d	z	_ ü
d	z	_ i
d	v	_ ʊ
d	v	_ u
c	f	_ ʊ
c	f	_ u
k	s	_ ɪ
k	s	_ ü
k	s	_ i
k	f	_ ʊ
k	f	_ u
g	z	_ ɪ
g	z	_ ü
g	z	_ i
g	v	_ ʊ
g	v	_ u
b	v	_ ʊ
b	v	_ u
t	s	_ ɪ
t	s	_ ü
t	s	_ i
t	f	_ ʊ
t	f	_ u
d	z	_ ɪ
d	z	_ ü
d	z	_ i
d	v	_ ʊ
d	v	_ u
c	f	_ ʊ
c	f	_ u
k	s	_ ɪ
k	s	_ ü
k	s	_ i
k	f	_ ʊ
k	f	_ u
g	z	_ ɪ
g	z	_ ü
g	z	_ i
g	v	_ ʊ
g	v	_ u
b	v	_ ʊ
b	v	_ u
t	s	_ ɪ
t	s	_ ü
t	s	_ i
t	f	_ ʊ
t	f	_ u
d	t͡s	_ ɪ
d	t͡s	_ ü
d	t͡s	_ i
d	ȹ	_ ʊ
d	ȹ	_ u
c	f	_ ʊ
c	f	_ u
k	s	_ ɪ
k	s	_ ü
k	s	_ i
k	f	_ ʊ
k	f	_ u
g	z	_ ɪ
g	z	_ ü
g	z	_ i
g	ȹ	_ ʊ
g	ȹ	_ u
b	f	_ ʊ
b	f	_ u
t	s	_ ɪ
t	s	_ ü
t	s	_ i
t	f	_ ʊ
t	f	_ u
d	f	_ ʊ
d	f	_ u
c	f	_ ʊ
c	f	_ u
k	s	_ ɪ
k	s	_ ü
k	s	_ i
k	f	_ ʊ
k	f	_ u
g	s	_ ɪ
g	s	_ ü
g	s	_ i
g	f	_ ʊ
g	f	_ u
b	v	_ ʊ
b	v	_ u
t	s	_ ɪ
t	s	_ ü
t	s	_ i
t	f	_ ʊ
t	f	_ u
d	z	_ ɪ
d	z	_ ü
d	z	_ i
d	v	_ ʊ
d	v	_ u
c	f	_ ʊ
c	f	_ u
k	s	_ ɪ
k	s	_ ü
k	s	_ i
k	f	_ ʊ
k	f	_ u
g	z	_ ɪ
g	z	_ ü
g	z	_ i
g	v	_ ʊ
g	v	_ u
b	v	_ ʊ
b	v	_ u
t	s	_ ɪ
t	s	_ ü
t	s	_ i
t	f	_ ʊ
t	f	_ u
d	z	_ ɪ
d	z	_ ü
d	z	_ i
d	v	_ ʊ
d	v	_ u
c	f	_ ʊ
c	f	_ u
k	s	_ ɪ
k	s	_ ü
k	s	_ i
k	f	_ ʊ
k	f	_ u
g	z	_ ɪ
g	z	_ ü
g	z	_ i
g	v	_ ʊ
g	v	_ u
p	s	_ ɪ
p	s	_ ü
p	s	_ i
p	f	_ ʊ
p	f	_ u
p	s	_ ɪ
p	s	_ ü
p	s	_ i
b	z	_ ɪ
b	z	_ ü
b	z	_ i
b	v	_ ʊ
b	v	_ u
t	s	_ ɪ
t	s	_ ü
t	s	_ i
t	f	_ ʊ
t	f	_ u
d	z	_ ɪ
d	z	_ ü
d	z	_ i
d	v	_ ʊ
d	v	_ u
j	z	_ ɪ
j	z	_ ü
j	z	_ i
k	s	_ ɪ
k	s	_ ü
k	s	_ i
k	f	_ ʊ
k	f	_ u
g	z	_ ɪ
g	z	_ ü
g	z	_ i
g	v	_ ʊ
g	v	_ u
p	s	_ ɪ
p	s	_ ü
p	s	_ i
p	f	_ ʊ
p	f	_ u
p	s	_ ɪ
p	s	_ ü
p	s	_ i
b	z	_ ɪ
b	z	_ ü
b	z	_ i
b	v	_ ʊ
b	v	_ u
t	s	_ ɪ
t	s	_ ü
t	s	_ i
t	f	_ ʊ
t	f	_ u
d	z	_ ɪ
d	z	_ ü
d	z	_ i
d	v	_ ʊ
d	v	_ u
j	d ̠	_ ɪ
j	d ̠	_ ü
j	d ̠	_ i
k	s	_ ɪ
k	s	_ ü
k	s	_ i
k	f	_ ʊ
k	f	_ u
g	z	_ ɪ
g	z	_ ü
g	z	_ i
g	v	_ ʊ
g	v	_ u
p	ɣ	_ ɪ
p	ɣ	_ ü
p	ɣ	_ i
p	f	_ ʊ
p	f	_ u
p	p	_ ɪ
p	p	_ ü
p	p	_ i
b	β	_ ɪ
b	β	_ ü
b	β	_ i
b	v	_ ʊ
b	v	_ u
t	s	_ ʊ
t	s	_ u
d	l	_ ɪ
d	l	_ ü
d	l	_ i
d	z	_ ʊ
d	z	_ u
j	z	_ ɪ
j	z	_ ü
j	z	_ i
k	s	_ ɪ
k	s	_ ü
k	s	_ i
k	f	_ ʊ
k	f	_ u
g	z	_ ɪ
g	z	_ ü
g	z	_ i
g	j	_ ɪ
g	j	_ ü
g	j	_ i
g	ɣ	_ ʊ
g	ɣ	_ u
g	c	_ ɪ
g	c	_ ü
g	c	_ i
g	c	_ ɪ
g	c	_ ü
g	c	_ i
g	c	_ ɪ
g	c	_ ü
g	c	_ i
g	c	_ ɪ
g	c	_ ü
g	c	_ i
g	c	_ ɪ
g	c	_ ü
g	c	_ i
g	s	_ ʊ
g	s	_ u
g	s	_ ɪ
g	s	_ ü
g	s	_ i
g	j	_ ʊ
g	j	_ u
g	ʃ	_ ɪ
g	ʃ	_ ü
g	ʃ	_ i
p	h	_ ɪ
p	h	_ ü
p	h	_ i
p	f	_ ʊ
p	f	_ u
p	f	_ ɪ
p	f	_ ü
p	f	_ i
p	p	_ ʊ
p	p	_ u
b	v	_ ɪ
b	v	_ ü
b	v	_ i
b	v	_ ʊ
b	v	_ u
b	v	_ ʊ
b	v	_ u
t	s	_ ɪ
t	s	_ ü
t	s	_ i
t	t	_ ʊ
t	t	_ u
d	z	_ ɪ
d	z	_ ü
d	z	_ i
d	v	_ ʊ
d	v	_ u
c	s	_ ɪ
c	s	_ ü
c	s	_ i
c	f	_ ʊ
c	f	_ u
k	s	_ ɪ
k	s	_ ü
k	s	_ i
k	f	_ ʊ
k	f	_ u
g	z	_ ɪ
g	z	_ ü
g	z	_ i
g	v	_ ʊ
g	v	_ u
p	ʃ	_ ɪ
p	ʃ	_ ü
p	ʃ	_ i
p	f	_ ʊ
p	f	_ u
p	mʰ	_ ɪ
p	mʰ	_ ü
p	mʰ	_ i
p	p	_ ʊ
p	p	_ u
b	β	_ ɪ
b	β	_ ü
b	β	_ i
b	β	_ ʊ
b	β	_ u
b	b	_ ʊ
b	b	_ u
t	t	_ ʊ
t	t	_ u
d	z	_ ʊ
d	z	_ u
c	s	_ ɪ
c	s	_ ü
c	s	_ i
c	ʃ	_ ʊ
c	ʃ	_ u
k	k	_ ɪ
k	k	_ ü
k	k	_ i
k	k	_ ʊ
k	k	_ u
g	g	_ ɪ
g	g	_ ü
g	g	_ i
g	g	_ ʊ
g	g	_ u
p	f	_ ɪ
p	f	_ ü
p	f	_ i
p	f	_ ʊ
p	f	_ u
p	f	_ ɪ
p	f	_ ü
p	f	_ i
p	p	_ ʊ
p	p	_ u
b	β	_ ɪ
b	β	_ ü
b	β	_ i
b	β	_ ʊ
b	β	_ u
b	b	_ ʊ
b	b	_ u
t	t	_ ʊ
t	t	_ u
d	l	_ ɪ
d	l	_ ü
d	l	_ i
d	l	_ ʊ
d	l	_ u
c	ʃ	_ ɪ
c	ʃ	_ ü
c	ʃ	_ i
k	k	_ ɪ
k	k	_ ü
k	k	_ i
k	k	_ ʊ
k	k	_ u
g	z	_ ɪ
g	z	_ ü
g	z	_ i
p	p	_ ɪ
p	p	_ ü
p	p	_ i
p	p	_ ʊ
p	p	_ u
b	β	_ ɪ
b	β	_ ü
b	β	_ i
b	β	_ ʊ
b	β	_ u
b	b	_ ʊ
b	b	_ u
d	l	_ ɪ
d	l	_ ü
d	l	_ i
d	l	_ ʊ
d	l	_ u
c	s	_ ɪ
c	s	_ ü
c	s	_ i
c	s	_ ʊ
c	s	_ u
k	k	_ ʊ
k	k	_ u
g	g	_ ʊ
g	g	_ u
p	p	_ ɪ
p	p	_ ü
p	p	_ i
p	p	_ ʊ
p	p	_ u
b	b	_ ɪ
b	b	_ ü
b	b	_ i
b	∅	_ ʊ
b	∅	_ u
b	b	_ ʊ
b	b	_ u
d	d	_ ɪ
d	d	_ ü
d	d	_ i
d	l	_ ʊ
d	l	_ u
c	s	_ ɪ
c	s	_ ü
c	s	_ i
c	s	_ ʊ
c	s	_ u
p	ɸ	_ ɪ
p	ɸ	_ ü
p	ɸ	_ i
p	ɸ	_ ʊ
p	ɸ	_ u
p	p	_ ɪ
p	p	_ ü
p	p	_ i
p	p	_ ʊ
p	p	_ u
b	β	_ ɪ
b	β	_ ü
b	β	_ i
b	∅	_ ʊ
b	∅	_ u
b	b	_ ʊ
b	b	_ u
t	ṛ	_ ɪ
t	ṛ	_ ü
t	ṛ	_ i
t	ṛ	_ ʊ
t	ṛ	_ u
d	l	_ ɪ
d	l	_ ü
d	l	_ i
d	l	_ ʊ
d	l	_ u
c	s	_ ɪ
c	s	_ ü
c	s	_ i
c	h	_ ʊ
c	h	_ u
g	∅	_ ʊ
g	∅	_ u
p	f	_ ʊ
p	f	_ u
b	b	_ ʊ
b	b	_ u
t	c	_ ɪ
t	c	_ ü
t	c	_ i
t	c	_ ʊ
t	c	_ u
d	r	_ ʊ
d	r	_ u
c	s	_ ɪ
c	s	_ ü
c	s	_ i
c	s	_ ʊ
c	s	_ u
g	∅	_ ɪ
g	∅	_ ü
g	∅	_ i
g	∅	_ ʊ
g	∅	_ u
p	h	_ ɪ
p	h	_ ü
p	h	_ i
p	f	_ ʊ
p	f	_ u
p	f	_ ɪ
p	f	_ ü
p	f	_ i
b	z	_ ɪ
b	z	_ ü
b	z	_ i
b	z	_ ʊ
b	z	_ u
t	s	_ ɪ
t	s	_ ü
t	s	_ i
t	c	_ ʊ
t	c	_ u
d	z	_ ɪ
d	z	_ ü
d	z	_ i
d	z	_ ʊ
d	z	_ u
c	s	_ ɪ
c	s	_ ü
c	s	_ i
c	f		_ ʊ
c	f	_ u
j	z	_ ɪ
j	z	_ ü
j	z	_ i
k	s	_ ɪ
k	s	_ ü
k	s	_ i
k	f	_ ʊ
k	f	_ u
g	z	_ ɪ
g	z	_ ü
g	z	_ i
g	z	_ ʊ
g	z	_ u
p	h	_ ɪ
p	h	_ ü
p	h	_ i
p	f	_ ʊ
p	f	_ u
p	s	_ ɪ
p	s	_ ü
p	s	_ i
b	z	_ ɪ
b	z	_ ü
b	z	_ i
b	z	_ ʊ
b	z	_ u
t	s	_ ɪ
t	s	_ ü
t	s	_ i
t	c	_ ʊ
t	c	_ u
d	z	_ ɪ
d	z	_ ü
d	z	_ i
d	z	_ ʊ
d	z	_ u
c	s	_ ɪ
c	s	_ ü
c	s	_ i
c	f	_ ʊ
c	f	_ u
j	z	_ ɪ
j	z	_ ü
j	z	_ i
k	s	_ ɪ
k	s	_ ü
k	s	_ i
k	f	_ ʊ
k	f	_ u
g	z	_ ɪ
g	z	_ ü
g	z	_ i
g	z	_ ʊ
g	z	_ u
p	h	_ ɪ
p	h	_ ü
p	h	_ i
p	f	_ ʊ
p	f	_ u
p	s	_ ɪ
p	s	_ ü
p	s	_ i
b	z	_ ɪ
b	z	_ ü
b	z	_ i
b	j	_ ʊ
b	j	_ u
t	s	_ ɪ
t	s	_ ü
t	s	_ i
t	c	_ ʊ
t	c	_ u
d	z	_ ɪ
d	z	_ ü
d	z	_ i
d	j	_ ʊ
d	j	_ u
c	s	_ ɪ
c	s	_ ü
c	s	_ i
c	f	_ ʊ
c	f	_ u
j	z	_ ɪ
j	z	_ ü
j	z	_ i
k	s	_ ɪ
k	s	_ ü
k	s	_ i
k	f	_ ʊ
k	f	_ u
g	z	_ ɪ
g	z	_ ü
g	z	_ i
g	j	_ ʊ
g	j	_ u
p	h	_ ɪ
p	h	_ ü
p	h	_ i
p	f	_ ʊ
p	f	_ u
p	s	_ ɪ
p	s	_ ü
p	s	_ i
b	z	_ ɪ
b	z	_ ü
b	z	_ i
b	j	_ ʊ
b	j	_ u
t	s	_ ɪ
t	s	_ ü
t	s	_ i
t	c	_ ʊ
t	c	_ u
d	z	_ ɪ
d	z	_ ü
d	z	_ i
d	j	_ ʊ
d	j	_ u
c	s	_ ɪ
c	s	_ ü
c	s	_ i
j	z	_ ɪ
j	z	_ ü
j	z	_ i
k	s	_ ɪ
k	s	_ ü
k	s	_ i
k	f	_ ʊ
k	f	_ u
g	z	_ ɪ
g	z	_ ü
g	z	_ i
g	j	_ ʊ
g	j	_ u
p	h	_ ɪ
p	h	_ ü
p	h	_ i
p	f	_ ʊ
p	f	_ u
p	s	_ ɪ
p	s	_ ü
p	s	_ i
b	z	_ ɪ
b	z	_ ü
b	z	_ i
b	ʒ	_ ʊ
b	ʒ	_ u
t	s	_ ɪ
t	s	_ ü
t	s	_ i
t	c	_ ʊ
t	c	_ u
d	z	_ ɪ
d	z	_ ü
d	z	_ i
d	ʒ	_ ʊ
d	ʒ	_ u
c	s	_ ɪ
c	s	_ ü
c	s	_ i
c	f	_ ʊ
c	f	_ u
j	z	_ ɪ
j	z	_ ü
j	z	_ i
k	s	_ ɪ
k	s	_ ü
k	s	_ i
k	f	_ ʊ
k	f	_ u
g	z	_ ɪ
g	z	_ ü
g	z	_ i
g	ʒ	_ ʊ
g	ʒ	_ u
p	h	_ ɪ
p	h	_ ü
p	h	_ i
p	f	_ ʊ
p	f	_ u
p	s	_ ɪ
p	s	_ ü
p	s	_ i
b	z	_ ɪ
b	z	_ ü
b	z	_ i
b	ʒ	_ ʊ
b	ʒ	_ u
t	t͡s	_ ɪ
t	t͡s	_ ü
t	t͡s	_ i
t	c	_ ʊ
t	c	_ u
d	z	_ ɪ
d	z	_ ü
d	z	_ i
d	ʒ	_ ʊ
d	ʒ	_ u
c	s	_ ɪ
c	s	_ ü
c	s	_ i
c	f	_ ʊ
c	f	_ u
j	z	_ ɪ
j	z	_ ü
j	z	_ i
k	t͡s	_ ɪ
k	t͡s	_ ü
k	t͡s	_ i
k	f	_ ʊ
k	f	_ u
g	z	_ ɪ
g	z	_ ü
g	z	_ i
g	ʒ	_ ʊ
g	ʒ	_ u
p	h	_ ɪ
p	h	_ ü
p	h	_ i
p	f	_ ʊ
p	f	_ u
p	s	_ ɪ
p	s	_ ü
p	s	_ i
b	z	_ ɪ
b	z	_ ü
b	z	_ i
b	j	_ ʊ
b	j	_ u
t	c	_ ʊ
t	c	_ u
d	z	_ ɪ
d	z	_ ü
d	z	_ i
d	j	_ ʊ
d	j	_ u
c	s	_ ɪ
c	s	_ ü
c	s	_ i
c	c	_ ʊ
c	c	_ u
j	z	_ ɪ
j	z	_ ü
j	z	_ i
k	s	_ ɪ
k	s	_ ü
k	s	_ i
k	f	_ ʊ
k	f	_ u
g	z	_ ɪ
g	z	_ ü
g	z	_ i
g	j	_ ʊ
g	j	_ u
p	h	_ ɪ
p	h	_ ü
p	h	_ i
p	f	_ ʊ
p	f	_ u
p	s	_ ɪ
p	s	_ ü
p	s	_ i
b	z	_ ɪ
b	z	_ ü
b	z	_ i
b	j	_ ʊ
b	j	_ u
t	c	_ ʊ
t	c	_ u
d	z	_ ɪ
d	z	_ ü
d	z	_ i
d	j	_ ʊ
d	j	_ u
c	s	_ ɪ
c	s	_ ü
c	s	_ i
c	c	_ ʊ
c	c	_ u
j	z	_ ɪ
j	z	_ ü
j	z	_ i
k	s	_ ɪ
k	s	_ ü
k	s	_ i
k	f	_ ʊ
k	f	_ u
g	z	_ ɪ
g	z	_ ü
g	z	_ i
g	j	_ ʊ
g	j	_ u
p	ʃ	_ ɪ
p	ʃ	_ ü
p	ʃ	_ i
p	f	_ ʊ
p	f	_ u
b	v	_ ɪ
b	v	_ ü
b	v	_ i
b	v	_ ʊ
b	v	_ u
t	s	_ ɪ
t	s	_ ü
t	s	_ i
t	ȹ	_ ʊ
t	ȹ	_ u
d	z	_ ɪ
d	z	_ ü
d	z	_ i
d	v	_ ʊ
d	v	_ u
c	s	_ ɪ
c	s	_ ü
c	s	_ i
k	t͡s	_ ɪ
k	t͡s	_ ü
k	t͡s	_ i
k	ȹ	_ ʊ
k	ȹ	_ u
g	j	_ ɪ
g	j	_ ü
g	j	_ i
g	z	_ ɪ
g	z	_ ü
g	z	_ i
g	v	_ ʊ
g	v	_ u
p	ʃ	_ ɪ
p	ʃ	_ ü
p	ʃ	_ i
p	f	_ ʊ
p	f	_ u
b	v	_ ɪ
b	v	_ ü
b	v	_ i
b	v	_ ʊ
b	v	_ u
t	s	_ ɪ
t	s	_ ü
t	s	_ i
t	ȹ	_ ʊ
t	ȹ	_ u
d	z	_ ɪ
d	z	_ ü
d	z	_ i
d	v	_ ʊ
d	v	_ u
c	s	_ ɪ
c	s	_ ü
c	s	_ i
k	t͡s	_ ɪ
k	t͡s	_ ü
k	t͡s	_ i
k	ȹ	_ ʊ
k	ȹ	_ u
g	j	_ ɪ
g	j	_ ü
g	j	_ i
g	z	_ ɪ
g	z	_ ü
g	z	_ i
g	v	_ ʊ
g	v	_ u
p	ʃ	_ ɪ
p	ʃ	_ ü
p	ʃ	_ i
p	f	_ ʊ
p	f	_ u
b	v	_ ɪ
b	v	_ ü
b	v	_ i
b	m	_ ʊ
b	m	_ u
t	s	_ ɪ
t	s	_ ü
t	s	_ i
t	ȹ	_ ʊ
t	ȹ	_ u
d	z	_ ɪ
d	z	_ ü
d	z	_ i
d	v	_ ʊ
d	v	_ u
c	s	_ ɪ
c	s	_ ü
c	s	_ i
k	t͡s	_ ɪ
k	t͡s	_ ü
k	t͡s	_ i
k	ȹ	_ ʊ
k	ȹ	_ u
g	j	_ ɪ
g	j	_ ü
g	j	_ i
g	z	_ ɪ
g	z	_ ü
g	z	_ i
g	v	_ ʊ
g	v	_ u
p	ʃ	_ ɪ
p	ʃ	_ ü
p	ʃ	_ i
p	f	_ ʊ
p	f	_ u
b	v	_ ɪ
b	v	_ ü
b	v	_ i
b	m	_ ʊ
b	m	_ u
t	s	_ ɪ
t	s	_ ü
t	s	_ i
t	ȹ	_ ʊ
t	ȹ	_ u
d	z	_ ɪ
d	z	_ ü
d	z	_ i
d	v	_ ʊ
d	v	_ u
c	s	_ ɪ
c	s	_ ü
c	s	_ i
k	t͡s	_ ɪ
k	t͡s	_ ü
k	t͡s	_ i
k	ȹ	_ ʊ
k	ȹ	_ u
g	j	_ ɪ
g	j	_ ü
g	j	_ i
g	z	_ ɪ
g	z	_ ü
g	z	_ i
g	v	_ ʊ
g	v	_ u
p	ʃ	_ ɪ
p	ʃ	_ ü
p	ʃ	_ i
p	f	_ ʊ
p	f	_ u
b	v	_ ɪ
b	v	_ ü
b	v	_ i
b	v	_ ʊ
b	v	_ u
t	s	_ ɪ
t	s	_ ü
t	s	_ i
t	ȹ	_ ʊ
t	ȹ	_ u
d	z	_ ɪ
d	z	_ ü
d	z	_ i
d	v	_ ʊ
d	v	_ u
c	s	_ ɪ
c	s	_ ü
c	s	_ i
k	t͡s	_ ɪ
k	t͡s	_ ü
k	t͡s	_ i
k	ȹ	_ ʊ
k	ȹ	_ u
g	j	_ ɪ
g	j	_ ü
g	j	_ i
g	z	_ ɪ
g	z	_ ü
g	z	_ i
g	v	_ ʊ
g	v	_ u
p	s	_ ɪ
p	s	_ ü
p	s	_ i
p	f	_ ʊ
p	f	_ u
p	b	_ ɪ
p	b	_ ü
p	b	_ i
b	β	_ ɪ
b	β	_ ü
b	β	_ i
b	f	_ ʊ
b	f	_ u
t	s	_ ɪ
t	s	_ ü
t	s	_ i
t	f	_ ʊ
t	f	_ u
d	s	_ ɪ
d	s	_ ü
d	s	_ i
d	f	_ ʊ
d	f	_ u
k	s	_ ɪ
k	s	_ ü
k	s	_ i
k	f	_ ʊ
k	f	_ u
g	f	_ ɪ
g	f	_ ü
g	f	_ i
g	s	_ ɪ
g	s	_ ü
g	s	_ i
g	f	_ ʊ
g	f	_ u
p	s	_ ɪ
p	s	_ ü
p	s	_ i
p	f	_ ʊ
p	f	_ u
p	b	_ ɪ
p	b	_ ü
p	b	_ i
b	s	_ ɪ
b	s	_ ü
b	s	_ i
b	f	_ ʊ
b	f	_ u
t	s	_ ɪ
t	s	_ ü
t	s	_ i
t	f	_ ʊ
t	f	_ u
d	s	_ ɪ
d	s	_ ü
d	s	_ i
d	f	_ ʊ
d	f	_ u
k	s	_ ɪ
k	s	_ ü
k	s	_ i
k	f	_ ʊ
k	f	_ u
g	f	_ ɪ
g	f	_ ü
g	f	_ i
g	s	_ ɪ
g	s	_ ü
g	s	_ i
g	f	_ ʊ
g	f	_ u
p	h	_ ɪ
p	h	_ ü
p	h	_ i
p	h	_ ʊ
p	h	_ u
p	b	_ ɪ
p	b	_ ü
p	b	_ i
b	β	_ ɪ
b	β	_ ü
b	β	_ i
b	β	_ ʊ
b	β	_ u
t	r	_ ɪ
t	r	_ ü
t	r	_ i
t	r	_ ʊ
t	r	_ u
d	l	_ ɪ
d	l	_ ü
d	l	_ i
d	l	_ ʊ
d	l	_ u
k	ʃ	_ ɪ
k	ʃ	_ ü
k	ʃ	_ i
k	x	_ ʊ
k	x	_ u
g	k	_ ɪ
g	k	_ ü
g	k	_ i
g	s	_ ɪ
g	s	_ ü
g	s	_ i
g	g	_ ʊ
g	g	_ u
p	h	_ ɪ
p	h	_ ü
p	h	_ i
p	f	_ ʊ
p	f	_ u
p	b	_ ɪ
p	b	_ ü
p	b	_ i
b	v	_ ɪ
b	v	_ ü
b	v	_ i
b	v	_ ʊ
b	v	_ u
d	l	_ ɪ
d	l	_ ü
d	l	_ i
d	l	_ ʊ
d	l	_ u
k	c	_ ɪ
k	c	_ ü
k	c	_ i
g	s	_ ɪ
g	s	_ ü
g	s	_ i
g	g	_ ʊ
g	g	_ u
p	s	_ ɪ
p	s	_ ü
p	s	_ i
p	s	_ ʊ
p	s	_ u
p	f	_ ɪ
p	f	_ ü
p	f	_ i
b	f	_ ʊ
b	f	_ u
b	f	_ ʊ
b	f	_ u
t	s	_ ɪ
t	s	_ ü
t	s	_ i
t	f	_ ʊ
t	f	_ u
d	s	_ ɪ
d	s	_ ü
d	s	_ i
d	f	_ ʊ
d	f	_ u
k	s	_ ɪ
k	s	_ ü
k	s	_ i
k	f	_ ʊ
k	f	_ u
g	s	_ ɪ
g	s	_ ü
g	s	_ i
g	f	_ ʊ
g	f	_ u
g	s	_ ɪ
g	s	_ ü
g	s	_ i
p	s	_ ɪ
p	s	_ ü
p	s	_ i
p	s	_ ʊ
p	s	_ u
p	f	_ ɪ
p	f	_ ü
p	f	_ i
b	f	_ ʊ
b	f	_ u
b	f	_ ʊ
b	f	_ u
t	s	_ ɪ
t	s	_ ü
t	s	_ i
t	f	_ ʊ
t	f	_ u
d	s	_ ɪ
d	s	_ ü
d	s	_ i
d	f	_ ʊ
d	f	_ u
k	s	_ ɪ
k	s	_ ü
k	s	_ i
k	f	_ ʊ
k	f	_ u
g	s	_ ɪ
g	s	_ ü
g	s	_ i
g	f	_ ʊ
g	f	_ u
g	s	_ ɪ
g	s	_ ü
g	s	_ i
p	s	_ ɪ
p	s	_ ü
p	s	_ i
p	s	_ ʊ
p	s	_ u
p	f	_ ɪ
p	f	_ ü
p	f	_ i
b	f	_ ʊ
b	f	_ u
b	f	_ ʊ
b	f	_ u
t	s	_ ɪ
t	s	_ ü
t	s	_ i
t	f	_ ʊ
t	f	_ u
d	s	_ ɪ
d	s	_ ü
d	s	_ i
d	f	_ ʊ
d	f	_ u
k	s	_ ɪ
k	s	_ ü
k	s	_ i
k	f	_ ʊ
k	f	_ u
g	s	_ ɪ
g	s	_ ü
g	s	_ i
g	f	_ ʊ
g	f	_ u
g	ʃ	_ ɪ
g	ʃ	_ ü
g	ʃ	_ i
p	v	_ ɪ
p	v	_ ü
p	v	_ i
t	s	_ ɪ
t	s	_ ü
t	s	_ i
t	f	_ ʊ
t	f	_ u
d	s	_ ɪ
d	s	_ ü
d	s	_ i
d	f	_ ʊ
d	f	_ u
c	s	_ ɪ
c	s	_ ü
c	s	_ i
k	s	_ ɪ
k	s	_ ü
k	s	_ i
k	f	_ ʊ
k	f	_ u
k	s	_ ɪ
k	s	_ ü
k	s	_ i
k	v	_ ʊ
k	v	_ u
g	f	_ ʊ
g	f	_ u
t	s	_ ɪ
t	s	_ ü
t	s	_ i
t	f	_ ʊ
t	f	_ u
d	s	_ ɪ
d	s	_ ü
d	s	_ i
d	f	_ ʊ
d	f	_ u
c	s	_ ɪ
c	s	_ ü
c	s	_ i
k	s	_ ɪ
k	s	_ ü
k	s	_ i
k	f	_ ʊ
k	f	_ u
k	s	_ ɪ
k	s	_ ü
k	s	_ i
g	f	_ ʊ
g	f	_ u
t	s	_ ɪ
t	s	_ ü
t	s	_ i
t	f	_ ʊ
t	f	_ u
d	t͡s	_ ɪ
d	t͡s	_ ü
d	t͡s	_ i
d	f	_ ʊ
d	f	_ u
c	s	_ ɪ
c	s	_ ü
c	s	_ i
k	s	_ ɪ
k	s	_ ü
k	s	_ i
k	f	_ ʊ
k	f	_ u
k	s	_ ɪ
k	s	_ ü
k	s	_ i
t	s	_ ɪ
t	s	_ ü
t	s	_ i
t	f	_ ʊ
t	f	_ u
d	s	_ ɪ
d	s	_ ü
d	s	_ i
d	f	_ ʊ
d	f	_ u
c	s	_ ɪ
c	s	_ ü
c	s	_ i
k	s	_ ɪ
k	s	_ ü
k	s	_ i
k	f	_ ʊ
k	f	_ u
k	s	_ ɪ
k	s	_ ü
k	s	_ i
t	s	_ ɪ
t	s	_ ü
t	s	_ i
t	f	_ ʊ
t	f	_ u
d	s	_ ɪ
d	s	_ ü
d	s	_ i
d	f	_ ʊ
d	f	_ u
c	s	_ ɪ
c	s	_ ü
c	s	_ i
k	s	_ ɪ
k	s	_ ü
k	s	_ i
k	f	_ ʊ
k	f	_ u
k	s	_ ɪ
k	s	_ ü
k	s	_ i
t	s	_ ɪ
t	s	_ ü
t	s	_ i
t	f	_ ʊ
t	f	_ u
d	c	_ ɪ
d	c	_ ü
d	c	_ i
d	f	_ ʊ
d	f	_ u
c	s	_ ɪ
c	s	_ ü
c	s	_ i
k	s	_ ɪ
k	s	_ ü
k	s	_ i
k	f	_ ʊ
k	f	_ u
k	s	_ ɪ
k	s	_ ü
k	s	_ i
t	s	_ ɪ
t	s	_ ü
t	s	_ i
t	s	_ ʊ
t	s	_ u
d	t͡s	_ ɪ
d	t͡s	_ ü
d	t͡s	_ i
d	s	_ ʊ
d	s	_ u
c	s	_ ɪ
c	s	_ ü
c	s	_ i
k	s	_ ɪ
k	s	_ ü
k	s	_ i
k	f	_ ʊ
k	f	_ u
k	s	_ ɪ
k	s	_ ü
k	s	_ i
b	v	_ ʊ
b	v	_ u
b	v	_ ɪ
b	v	_ ü
b	v	_ i
t	s	_ ɪ
t	s	_ ü
t	s	_ i
t	f	_ ʊ
t	f	_ u
d	z	_ ɪ
d	z	_ ü
d	z	_ i
d	v	_ ʊ
d	v	_ u
k	s	_ ɪ
k	s	_ ü
k	s	_ i
t	ʃ	_ ɪ
t	ʃ	_ ü
t	ʃ	_ i
t	c	_ ʊ
t	c	_ u
d	j	_ ɪ
d	j	_ ü
d	j	_ i
d	j	_ ʊ
d	j	_ u
c	θ	_ ɪ
c	θ	_ ü
c	θ	_ i
c	ʃ	_ ʊ
c	ʃ	_ u
k	s	_ ɪ
k	s	_ ü
k	s	_ i
k	f	_ ʊ
k	f	_ u
g	z	_ ɪ
g	z	_ ü
g	z	_ i
g	v	_ ʊ
g	v	_ u
t	ʃ	_ ɪ
t	ʃ	_ ü
t	ʃ	_ i
t	c	_ ʊ
t	c	_ u
d	j	_ ɪ
d	j	_ ü
d	j	_ i
d	j	_ ʊ
d	j	_ u
c	s	_ ɪ
c	s	_ ü
c	s	_ i
c	ʃ	_ ʊ
c	ʃ	_ u
k	s	_ ɪ
k	s	_ ü
k	s	_ i
g	z	_ ɪ
g	z	_ ü
g	z	_ i
t	ʃ	_ ɪ
t	ʃ	_ ü
t	ʃ	_ i
t	c	_ ʊ
t	c	_ u
c	ʃ	_ ɪ
c	ʃ	_ ü
c	ʃ	_ i
c	ʃ	_ ʊ
c	ʃ	_ u
k	s	_ ɪ
k	s	_ ü
k	s	_ i
g	z	_ ɪ
g	z	_ ü
g	z	_ i
p	ʃ	_ ɪ
p	ʃ	_ ü
p	ʃ	_ i
b	v	_ ʊ
b	v	_ u
b	v	_ ɪ
b	v	_ ü
b	v	_ i
t	s	_ ɪ
t	s	_ ü
t	s	_ i
t	f	_ ʊ
t	f	_ u
d	z	_ ɪ
d	z	_ ü
d	z	_ i
d	v	_ ʊ
d	v	_ u
k	s	_ ɪ
k	s	_ ü
k	s	_ i
k	f	_ ʊ
k	f	_ u
g	v	_ ʊ
g	v	_ u
p	ʃ	_ ɪ
p	ʃ	_ ü
p	ʃ	_ i
b	v	_ ʊ
b	v	_ u
b	v	_ ɪ
b	v	_ ü
b	v	_ i
t	s	_ ɪ
t	s	_ ü
t	s	_ i
t	f	_ ʊ
t	f	_ u
d	z	_ ɪ
d	z	_ ü
d	z	_ i
d	v	_ ʊ
d	v	_ u
k	s	_ ɪ
k	s	_ ü
k	s	_ i
k	f	_ ʊ
k	f	_ u
g	v	_ ʊ
g	v	_ u
p	β	_ ɪ
p	β	_ ü
p	β	_ i
b	v	_ ʊ
b	v	_ u
b	v	_ ɪ
b	v	_ ü
b	v	_ i
t	s	_ ɪ
t	s	_ ü
t	s	_ i
t	f	_ ʊ
t	f	_ u
d	z	_ ɪ
d	z	_ ü
d	z	_ i
d	v	_ ʊ
d	v	_ u
k	s	_ ɪ
k	s	_ ü
k	s	_ i
k	f	_ ʊ
k	f	_ u
g	v	_ ʊ
g	v	_ u
p	β	_ ɪ
p	β	_ ü
p	β	_ i
b	v	_ ʊ
b	v	_ u
b	v	_ ɪ
b	v	_ ü
b	v	_ i
t	s	_ ɪ
t	s	_ ü
t	s	_ i
t	f	_ ʊ
t	f	_ u
d	z	_ ɪ
d	z	_ ü
d	z	_ i
d	v	_ ʊ
d	v	_ u
k	s	_ ɪ
k	s	_ ü
k	s	_ i
k	f	_ ʊ
k	f	_ u
g	v	_ ʊ
g	v	_ u
p	f	_ ɪ
p	f	_ ü
p	f	_ i
p	f	_ ʊ
p	f	_ u
p	f	_ ɪ
p	f	_ ü
p	f	_ i
b	f	_ ɪ
b	f	_ ü
b	f	_ i
b	f	_ ʊ
b	f	_ u
b	f	_ ʊ
b	f	_ u
t	f	_ ʊ
t	f	_ u
d	r	_ ɪ
d	r	_ ü
d	r	_ i
d	ṛ	_ ʊ
d	ṛ	_ u
k	s	_ ɪ
k	s	_ ü
k	s	_ i
k	f	_ ʊ
k	f	_ u
k	s	_ ɪ
k	s	_ ü
k	s	_ i
g	f	_ ʊ
g	f	_ u
g	r	_ ɪ
g	r	_ ü
g	r	_ i
p	f	_ ɪ
p	f	_ ü
p	f	_ i
p	f	_ ʊ
p	f	_ u
p	f	_ ɪ
p	f	_ ü
p	f	_ i
b	f	_ ɪ
b	f	_ ü
b	f	_ i
b	f	_ ʊ
b	f	_ u
b	f	_ ʊ
b	f	_ u
t	f	_ ʊ
t	f	_ u
d	r	_ ɪ
d	r	_ ü
d	r	_ i
d	ṛ	_ ʊ
d	ṛ	_ u
k	s	_ ɪ
k	s	_ ü
k	s	_ i
k	f	_ ʊ
k	f	_ u
k	s	_ ɪ
k	s	_ ü
k	s	_ i
g	f	_ ʊ
g	f	_ u
g	d ͡ r	_ ɪ
g	d ͡ r	_ ü
g	d ͡ r	_ i
p	s	_ ɪ
p	s	_ ü
p	s	_ i
p	f	_ ʊ
p	f	_ u
p	s	_ ɪ
p	s	_ ü
p	s	_ i
b	f	_ ɪ
b	f	_ ü
b	f	_ i
b	f	_ ʊ
b	f	_ u
b	b	_ ʊ
b	b	_ u
t	f	_ ʊ
t	f	_ u
d	x	_ ɪ
d	x	_ ü
d	x	_ i
d	r	_ ʊ
d	r	_ u
k	s	_ ɪ
k	s	_ ü
k	s	_ i
k	f	_ ʊ
k	f	_ u
k	s	_ ɪ
k	s	_ ü
k	s	_ i
g	f	_ ʊ
g	f	_ u
g	x	_ ɪ
g	x	_ ü
g	x	_ i
p	ʃ	_ ɪ
p	ʃ	_ ü
p	ʃ	_ i
p	f	_ ʊ
p	f	_ u
p	ʃ	_ ɪ
p	ʃ	_ ü
p	ʃ	_ i
b	ʃ	_ ɪ
b	ʃ	_ ü
b	ʃ	_ i
b	f	_ ʊ
b	f	_ u
b	b	_ ʊ
b	b	_ u
t	f	_ ʊ
t	f	_ u
d	r	_ ɪ
d	r	_ ü
d	r	_ i
d	ɽ	_ ʊ
d	ɽ	_ u
k	s	_ ɪ
k	s	_ ü
k	s	_ i
k	f	_ ʊ
k	f	_ u
k	s	_ ɪ
k	s	_ ü
k	s	_ i
g	f	_ ʊ
g	f	_ u
p	ʃ	_ ɪ
p	ʃ	_ ü
p	ʃ	_ i
p	f	_ ʊ
p	f	_ u
p	ʃ	_ ɪ
p	ʃ	_ ü
p	ʃ	_ i
b	ʃ	_ ɪ
b	ʃ	_ ü
b	ʃ	_ i
b	f	_ ʊ
b	f	_ u
b	b	_ ʊ
b	b	_ u
t	s	_ ɪ
t	s	_ ü
t	s	_ i
t	p	_ ʊ
t	p	_ u
d	r	_ ɪ
d	r	_ ü
d	r	_ i
d	ɽ	_ ʊ
d	ɽ	_ u
k	s	_ ɪ
k	s	_ ü
k	s	_ i
k	p	_ ʊ
k	p	_ u
k	z	_ ɪ
k	z	_ ü
k	z	_ i
g	f	_ ʊ
g	f	_ u
p	ʃ	_ ɪ
p	ʃ	_ ü
p	ʃ	_ i
p	f	_ ʊ
p	f	_ u
p	ʃ	_ ɪ
p	ʃ	_ ü
p	ʃ	_ i
b	ʃ	_ ɪ
b	ʃ	_ ü
b	ʃ	_ i
b	v	_ ʊ
b	v	_ u
b	v	_ ʊ
b	v	_ u
t	z	_ ɪ
t	z	_ ü
t	z	_ i
t	v	_ ʊ
t	v	_ u
d	r	_ ɪ
d	r	_ ü
d	r	_ i
d	ɽ	_ ʊ
d	ɽ	_ u
k	z	_ ɪ
k	z	_ ü
k	z	_ i
k	v	_ ʊ
k	v	_ u
k	z	_ ɪ
k	z	_ ü
k	z	_ i
g	f	_ ʊ
g	f	_ u
p	ʃ	_ ɪ
p	ʃ	_ ü
p	ʃ	_ i
p	f	_ ʊ
p	f	_ u
p	ʃ	_ ɪ
p	ʃ	_ ü
p	ʃ	_ i
b	ʃ	_ ɪ
b	ʃ	_ ü
b	ʃ	_ i
b	f	_ ʊ
b	f	_ u
b	v	_ ʊ
b	v	_ u
t	t͡s	_ ɪ
t	t͡s	_ ü
t	t͡s	_ i
t	ȹ	_ ʊ
t	ȹ	_ u
d	r	_ ɪ
d	r	_ ü
d	r	_ i
d	ṛ	_ ʊ
d	ṛ	_ u
k	t͡s	_ ɪ
k	t͡s	_ ü
k	t͡s	_ i
k	ȹ	_ ʊ
k	ȹ	_ u
k	z	_ ɪ
k	z	_ ü
k	z	_ i
g	f	_ ʊ
g	f	_ u
p	ʃ	_ ɪ
p	ʃ	_ ü
p	ʃ	_ i
p	f	_ ʊ
p	f	_ u
p	ʃ	_ ɪ
p	ʃ	_ ü
p	ʃ	_ i
b	ʃ	_ ɪ
b	ʃ	_ ü
b	ʃ	_ i
b	f	_ ʊ
b	f	_ u
b	v	_ ʊ
b	v	_ u
t	t͡s	_ ɪ
t	t͡s	_ ü
t	t͡s	_ i
t	ȹ	_ ʊ
t	ȹ	_ u
d	r	_ ɪ
d	r	_ ü
d	r	_ i
d	ɽ	_ ʊ
d	ɽ	_ u
k	t͡s	_ ɪ
k	t͡s	_ ü
k	t͡s	_ i
k	ȹ	_ ʊ
k	ȹ	_ u
k	z	_ ɪ
k	z	_ ü
k	z	_ i
g	f	_ ʊ
g	f	_ u
p	ʃ	_ ɪ
p	ʃ	_ ü
p	ʃ	_ i
p	f	_ ʊ
p	f	_ u
p	ʃ	_ ɪ
p	ʃ	_ ü
p	ʃ	_ i
b	f	_ ɪ
b	f	_ ü
b	f	_ i
b	f	_ ʊ
b	f	_ u
b	b	_ ʊ
b	b	_ u
t	s	_ ɪ
t	s	_ ü
t	s	_ i
t	f	_ ʊ
t	f	_ u
d	r	_ ɪ
d	r	_ ü
d	r	_ i
d	ṛ	_ ʊ
d	ṛ	_ u
k	s	_ ɪ
k	s	_ ü
k	s	_ i
k	f	_ ʊ
k	f	_ u
k	s	_ ɪ
k	s	_ ü
k	s	_ i
g	f	_ ʊ
g	f	_ u
p	f	_ ɪ
p	f	_ ü
p	f	_ i
p	f	_ ʊ
p	f	_ u
p	f	_ ɪ
p	f	_ ü
p	f	_ i
b	f	_ ɪ
b	f	_ ü
b	f	_ i
b	f	_ ʊ
b	f	_ u
b	v	_ ʊ
b	v	_ u
t	t ̠	_ ɪ
t	t ̠	_ ü
t	t ̠	_ i
t	ȹ	_ ʊ
t	ȹ	_ u
k	t ̠	_ ɪ
k	t ̠	_ ü
k	t ̠	_ i
k	ȹ	_ ʊ
k	ȹ	_ u
k	d ̠	_ ɪ
k	d ̠	_ ü
k	d ̠	_ i
g	f	_ ʊ
g	f	_ u
p	f	_ ʊ
p	f	_ u
p	f	_ ɪ
p	f	_ ü
p	f	_ i
b	v	_ ɪ
b	v	_ ü
b	v	_ i
b	v	_ ʊ
b	v	_ u
b	v	_ ʊ
b	v	_ u
t	s	_ ɪ
t	s	_ ü
t	s	_ i
t	f	_ ʊ
t	f	_ u
d	r	_ ɪ
d	r	_ ü
d	r	_ i
d	r	_ ʊ
d	r	_ u
d	r	_ ɪ
d	r	_ ü
d	r	_ i
d	r	_ ʊ
d	r	_ u
k	s	_ ɪ
k	s	_ ü
k	s	_ i
k	f	_ ʊ
k	f	_ u
k	s	_ ɪ
k	s	_ ü
k	s	_ i
g	f	_ ʊ
g	f	_ u
p	s	_ ɪ
p	s	_ ü
p	s	_ i
p	f	_ ʊ
p	f	_ u
b	z	_ ɪ
b	z	_ ü
b	z	_ i
b	v	_ ʊ
b	v	_ u
t	s	_ ɪ
t	s	_ ü
t	s	_ i
t	f	_ ʊ
t	f	_ u
d	z	_ ɪ
d	z	_ ü
d	z	_ i
d	v	_ ʊ
d	v	_ u
c	s	_ ɪ
c	s	_ ü
c	s	_ i
c	s	_ ʊ
c	s	_ u
k	ʃ	_ ɪ
k	ʃ	_ ü
k	ʃ	_ i
k	f	_ ʊ
k	f	_ u
g	z	_ ɪ
g	z	_ ü
g	z	_ i
g	v	_ ʊ
g	v	_ u
p	s	_ ɪ
p	s	_ ü
p	s	_ i
p	f	_ ʊ
p	f	_ u
b	dʰ	_ ɪ
b	dʰ	_ ü
b	dʰ	_ i
b	v	_ ʊ
b	v	_ u
t	s	_ ɪ
t	s	_ ü
t	s	_ i
t	f	_ ʊ
t	f	_ u
d	d ̠	_ ɪ
d	d ̠	_ ü
d	d ̠	_ i
d	v	_ ʊ
d	v	_ u
c	s	_ ɪ
c	s	_ ü
c	s	_ i
c	s	_ ʊ
c	s	_ u
k	ʃ	_ ɪ
k	ʃ	_ ü
k	ʃ	_ i
k	f	_ ʊ
k	f	_ u
g	v	_ ʊ
g	v	_ u
p	s	_ ɪ
p	s	_ ü
p	s	_ i
p	f	_ ʊ
p	f	_ u
b	dʰ	_ ɪ
b	dʰ	_ ü
b	dʰ	_ i
b	v	_ ʊ
b	v	_ u
t	s	_ ɪ
t	s	_ ü
t	s	_ i
t	f	_ ʊ
t	f	_ u
d	d ̠	_ ɪ
d	d ̠	_ ü
d	d ̠	_ i
d	v	_ ʊ
d	v	_ u
c	s	_ ɪ
c	s	_ ü
c	s	_ i
k	s	_ ɪ
k	s	_ ü
k	s	_ i
k	f	_ ʊ
k	f	_ u
g	v	_ ʊ
g	v	_ u
p	s	_ ɪ
p	s	_ ü
p	s	_ i
p	f	_ ʊ
p	f	_ u
b	z	_ ɪ
b	z	_ ü
b	z	_ i
b	v	_ ʊ
b	v	_ u
t	s	_ ɪ
t	s	_ ü
t	s	_ i
t	f	_ ʊ
t	f	_ u
d	d ̠	_ ɪ
d	d ̠	_ ü
d	d ̠	_ i
d	v	_ ʊ
d	v	_ u
c	s	_ ɪ
c	s	_ ü
c	s	_ i
c	s	_ ʊ
c	s	_ u
c	s	_ ʊ
c	s	_ u
k	ʃ	_ ɪ
k	ʃ	_ ü
k	ʃ	_ i
k	f	_ ʊ
k	f	_ u
g	v	_ ʊ
g	v	_ u
p	f	_ ɪ
p	f	_ ü
p	f	_ i
p	f	_ ʊ
p	f	_ u
b	v	_ ɪ
b	v	_ ü
b	v	_ i
b	v	_ ʊ
b	v	_ u
t	s	_ ɪ
t	s	_ ü
t	s	_ i
t	f	_ ʊ
t	f	_ u
d	z	_ ɪ
d	z	_ ü
d	z	_ i
d	v	_ ʊ
d	v	_ u
c	s	_ ɪ
c	s	_ ü
c	s	_ i
c	s	_ ʊ
c	s	_ u
k	ʃ	_ ɪ
k	ʃ	_ ü
k	ʃ	_ i
k	f	_ ʊ
k	f	_ u
g	z	_ ɪ
g	z	_ ü
g	z	_ i
g	v	_ ʊ
g	v	_ u
p	s	_ ɪ
p	s	_ ü
p	s	_ i
p	f	_ ʊ
p	f	_ u
b	z	_ ɪ
b	z	_ ü
b	z	_ i
b	v	_ ʊ
b	v	_ u
t	s	_ ɪ
t	s	_ ü
t	s	_ i
t	f	_ ʊ
t	f	_ u
d	z	_ ɪ
d	z	_ ü
d	z	_ i
d	v	_ ʊ
d	v	_ u
c	s	_ ɪ
c	s	_ ü
c	s	_ i
c	f	_ ʊ
c	f	_ u
k	ʃ	_ ɪ
k	ʃ	_ ü
k	ʃ	_ i
k	f	_ ʊ
k	f	_ u
g	z	_ ɪ
g	z	_ ü
g	z	_ i
g	v	_ ʊ
g	v	_ u
p	f	_ ɪ
p	f	_ ü
p	f	_ i
k	s	_ ɪ
k	s	_ ü
k	s	_ i
k	f	_ ʊ
k	f	_ u
b	v	_ ʊ
b	v	_ u
g	z	_ ɪ
g	z	_ ü
g	z	_ i
g	v	_ ʊ
g	v	_ u
p	f	_ ɪ
p	f	_ ü
p	f	_ i
k	s	_ ɪ
k	s	_ ü
k	s	_ i
k	f	_ ʊ
k	f	_ u
b	v	_ ʊ
b	v	_ u
g	z	_ ɪ
g	z	_ ü
g	z	_ i
g	v	_ ʊ
g	v	_ u
p	f	_ ɪ
p	f	_ ü
p	f	_ i
k	s	_ ɪ
k	s	_ ü
k	s	_ i
k	f	_ ʊ
k	f	_ u
b	v	_ ʊ
b	v	_ u
g	z	_ ɪ
g	z	_ ü
g	z	_ i
g	v	_ ʊ
g	v	_ u
t	h	_ ɪ
t	h	_ ü
t	h	_ i
t	h	_ ʊ
t	h	_ u
k	h	_ ɪ
k	h	_ ü
k	h	_ i
k	h	_ ʊ
k	h	_ u
k	s	_ ɪ
k	s	_ ü
k	s	_ i
b	f	_ ʊ
b	f	_ u
t	h	_ ɪ
t	h	_ ü
t	h	_ i
t	h	_ ʊ
t	h	_ u
k	h	_ ɪ
k	h	_ ü
k	h	_ i
k	h	_ ʊ
k	h	_ u
k	h	_ ɪ
k	h	_ ü
k	h	_ i
b	h	_ ʊ
b	h	_ u
t	h	_ ɪ
t	h	_ ü
t	h	_ i
t	h	_ ʊ
t	h	_ u
k	h	_ ɪ
k	h	_ ü
k	h	_ i
k	h	_ ʊ
k	h	_ u
k	h	_ ɪ
k	h	_ ü
k	h	_ i
b	h	_ ʊ
b	h	_ u
t	h	_ ɪ
t	h	_ ü
t	h	_ i
t	h	_ ʊ
t	h	_ u
k	h	_ ɪ
k	h	_ ü
k	h	_ i
k	h	_ ʊ
k	h	_ u
k	h	_ ɪ
k	h	_ ü
k	h	_ i
b	h	_ ʊ
b	h	_ u
t	∅	_ ɪ
t	∅	_ ü
t	∅	_ i
t	∅	_ ʊ
t	∅	_ u
k	∅	_ ɪ
k	∅	_ ü
k	∅	_ i
k	∅	_ ʊ
k	∅	_ u
k	∅	_ ɪ
k	∅	_ ü
k	∅	_ i
b	∅	_ ʊ
b	∅	_ u
t	∅	_ ɪ
t	∅	_ ü
t	∅	_ i
t	∅	_ ʊ
t	∅	_ u
k	∅	_ ɪ
k	∅	_ ü
k	∅	_ i
k	∅	_ ʊ
k	∅	_ u
k	∅	_ ɪ
k	∅	_ ü
k	∅	_ i
b	∅	_ ʊ
b	∅	_ u
t	∅	_ ɪ
t	∅	_ ü
t	∅	_ i
t	∅	_ ʊ
t	∅	_ u
k	∅	_ ɪ
k	∅	_ ü
k	∅	_ i
k	∅	_ ʊ
k	∅	_ u
k	∅	_ ɪ
k	∅	_ ü
k	∅	_ i
b	∅	_ ʊ
b	∅	_ u
t	s	_ ʊ
t	s	_ u
d	z	_ ʊ
d	z	_ u
t	s	_ ʊ
t	s	_ u
d	z	_ ʊ
d	z	_ u
t	s	_ ʊ
t	s	_ u
d	z	_ ʊ
d	z	_ u
d	t͡s	_ ɪ
d	t͡s	_ ü
d	t͡s	_ i
d	ȹ	_ ʊ
d	ȹ	_ u
g	ȹ	_ ʊ
g	ȹ	_ u
d	t͡s	_ ɪ
d	t͡s	_ ü
d	t͡s	_ i
d	ȹ	_ ʊ
d	ȹ	_ u
g	ȹ	_ ʊ
g	ȹ	_ u
b	v	_ ʊ
b	v	_ u
d	r	_ ɪ
d	r	_ ü
d	r	_ i
t	s	_ ʊ
t	s	_ u
d	l	_ ʊ
d	l	_ u
t	s	_ ʊ
t	s	_ u
d	j	_ ɪ
d	j	_ ü
d	j	_ i
d	l	_ ʊ
d	l	_ u
c	ʃ	_ ɪ
c	ʃ	_ ü
c	ʃ	_ i
k	c	_ ɪ
k	c	_ ü
k	c	_ i
k	f	_ ʊ
k	f	_ u
g	j	_ ɪ
g	j	_ ü
g	j	_ i
t	s	_ ʊ
t	s	_ u
d	z	_ ɪ
d	z	_ ü
d	z	_ i
d	z	_ ʊ
d	z	_ u
k	c	_ ɪ
k	c	_ ü
k	c	_ i
k	f	_ ʊ
k	f	_ u
c	ʃ	_ ɪ
c	ʃ	_ ü
c	ʃ	_ i
k	f	_ ʊ
k	f	_ u
d	l	_ ɪ
d	l	_ ü
d	l	_ i
c	ʃ	_ ɪ
c	ʃ	_ ü
c	ʃ	_ i
c	h	_ ɪ
c	h	_ ü
c	h	_ i
c	ʃ	_ ɪ
c	ʃ	_ ü
c	ʃ	_ i
p	f	_ ɪ
p	f	_ ü
p	f	_ i
c	ʃ	_ ɪ
c	ʃ	_ ü
c	ʃ	_ i
p	f	_ ɪ
p	f	_ ü
p	f	_ i
c	ʃ	_ ɪ
c	ʃ	_ ü
c	ʃ	_ i
p	f	_ ɪ
p	f	_ ü
p	f	_ i
c	ʃ	_ ɪ
c	ʃ	_ ü
c	ʃ	_ i
p	f	_ ɪ
p	f	_ ü
p	f	_ i
c	ʃ	_ ɪ
c	ʃ	_ ü
c	ʃ	_ i
p	f	_ ɪ
p	f	_ ü
p	f	_ i
c	ʃ	_ ɪ
c	ʃ	_ ü
c	ʃ	_ i
b	f	_ ɪ
b	f	_ ü
b	f	_ i
g	j	_ ɪ
g	j	_ ü
g	j	_ i
g	j	_ ɪ
g	j	_ ü
g	j	_ i
b	f	_ ɪ
b	f	_ ü
b	f	_ i
b	f	_ ɪ
b	f	_ ü
b	f	_ i
b	f	_ ɪ
b	f	_ ü
b	f	_ i
p	t͡s	_ ɪ
p	t͡s	_ ü
p	t͡s	_ i
b	d͡z	_ ɪ
b	d͡z	_ ü
b	d͡z	_ i
