b	w	
d	l	
d̠͡ʒ	z	
j	∅	
b	w	
d	l	
d̠͡ʒ	z	
j	∅	
c	s	
b	β	
d	l	
d̠͡ʒ	s	
j	∅	
c	s	
b	v	
d	l	
d̠͡ʒ	z	
j	∅	
fʰ	f	
v	f	
ɱ	v	
t̠ʲ	ʈ͡ʂ	
t̠ʰʲ	ʈ͡ʂʰ	
ɕ	ʂ	
ʑ	ʂ	
d̠͡ʒʰʲ	ʂ	
ʃ	s	
t̠͡ʃ	t͡s	
k	t̠͡ʃʲ	
t͡s	t̠͡ʃʲ	
t͡sʰ	t̠͡ʃʰʲ	
x	ɕ	
ɣ	ɕ	
s	ɕ	
z	ɕ	
u ɑ k̚	u o ∅	. _ .
i ə i	∅ ∅ i	. ɱ _ .
ɪ̆ e	ə ɹ	n ʑ _ .
ɪ̆ w ɐ	∅ u a	. ɱ _ n .
ɪ̆ u ə̆	∅ u ə	. ɱ _ n .
u ∅	u ə	. _ ŋ .
t͡sʰ	tʰ	. _
t̠͡ʃ	t	. _
t̠͡ʃʰ	tʰ	. _
tʰ	f	
tʰ	ɕ	_ i
b	pʰ	. _
b	p	
ɓ	b	
ɓ	m	
b ɥ	f ∅	. _
t͡s r	t͡s ∅	
c͡ɕ	t̠͡ʃ	
ɟ͡ʑ	s	
d͡z r	s ∅	
s r	s ∅	
z	s	
ɕ	s	
ʑ	s	
t͡r	t	
c͡ɕ	t	
t͡s r	t ∅	
ɔ	œ	
t͡s r	t͡s ∅	
c͡ɕ	t	
pʰ	p	. _
mʰ	p	
mʰ	m	. _
b	pʰ	
b	pʰ	
b	p	
b	p	
b	p	
f	pʰ	
f	pʰ	
b	p	
b	p	
b	p	
ɓ	b	
ɓ	b	
ɓ	b	. _
ɓ	b	
f	w	
f	v	
ɓ	b	
ɓ	b	
ɓ	m	
i	e	
e	ɛ	
u	o	
o	ɔ	
ç	θ	
ʃ	x	
kʰ	t̠͡ʃʰʲ	. _
v	f	. _
v	f	. _
v	f	. _
v	f	. _
v	f	. _
v	f	. _
v	f	. _
v	f	. _
v	f	. _
v	f	. _
v	f	. _
v	f	. _
l	∅	. p _
l	∅	. p _
l	∅	. p _
l	∅	. p _
l	∅	. p _
p l	pʲ ∅	. _
p l	pʲ ∅	. _
p l	pʲ ∅	. _
p l	pʲ ∅	. _
l	ɐ	. p _
l	ɐ	. p _
p	∅	. _ t
p	∅	. _ t
p	∅	. _ t
p t	pʰʲ ∅	. _
p t	pʰ ɐ	. _
p t	∅ tʰ	. _
p t	∅ tʰ	. _
p t	∅ r	. _
pʰ r	p ∅	. _
r	∅	. pʰ _
r	∅	. pʰ _
r	∅	. pʰ _
pʰ r	pʰʲ ∅	. _
pʰ r	pʰʲ ∅	. _
pʰ r	pʲ ∅	. _
pʰ r	p l	. _
b r	pʰ r	. _
b r	pʰ ∅	. _
b r	pʰ ∅	. _
b r	p ∅	. _
b r	pʲ ∅	. _
b r	pʲ ∅	. _
b r	pʲ ∅	. _
b r	pʲ ∅	. _
b r	p ɐ	. _
b r	p l	. _
ɓ l	b ∅	. _
ɓ l	b ∅	. _
ɓ l	b ∅	. _
ɓ l	b ∅	. _
ɓ l	b ∅	. _
ɓ l	b ∅	. _
ɓ l	m ∅	. _
ɓ l	bʲ ∅	. _
ɓ l	d ∅	. _
ɓ l	b ɐ	. _
ɓ l	ɗ ∅	. _
ɓ l	d ∅	. _
ɓ l	n ∅	. _
ɓ	b	. _ l
m l	m ∅	. _
m l	m ∅	. _
m l	m ∅	. _
m l	m ∅	. _
l	j	. m _
m l	m ɐ	. _
m l	m ∅	. _
l	j	. m _
l	j	. m _
l	j	. m _
m l	m ∅	. _
m	pʰ	. _ r
m r	pʰ ∅	. _
m r	pʰ ∅	. _
m r	p ∅	. _
m r	pʲ ∅	. _
m r	pʲ ∅	. _
m r	p ɐ	. _
m r	p ɐ	. _
m r	∅ ʃ	. _
m r	∅ ʃ	. _
m r	∅ ʃ	. _
m r	∅ tʰ	. _
p d	b r	. _
p d	b r	. _
p d	∅ d	. _
p d	∅ p	. _
p d	∅ d	. _
p d	∅ d	. _
ɗ	d	. _
ɗ	d	. _
ɗ	d	. _
ɗ	n	. _
k t	∅ t	. _
k t	l ∅	. _	
k t	r ∅	. _
k t	r ∅	. _
k t	ð ∅	. _
p t	h ∅	. _
p t	tʰ ∅	. _
t	r	. p _
cʰ r	tʰ ∅	. _
cʰ r	tʰ ∅	. _
cʰ r	tʰ ∅	. _
cʰ r	tʰ ∅	. _
cʰ r	ʃʰ ∅	. _
cʰ r	ʃʰ ∅	. _
cʰ r	ʃʰ ∅	. _
l	r	. _
l	ð	. _
r	h	. _
r	h	. _
r	h	. _
r	h	. _
r	h	. _
r	l	. _
ᶑ	d	. _
ᶑ	d	. _
ᶑ	n	. _
ᶑ ∅	t l	. _
r	ɬ	. _
r	l	. _
s	sʰ	. _
s	ɬ	. _
z	ɬ	. _
s	ɬ	. _
d͡z	s	. _
z	s	. _
z	r	. _
s	ɬ	. _
d͡z	ʃ	. _
s	θ	. _
d͡z	ʃ	. _
d͡z	ʃ	. _
z	j	. _
c	s	. _
c	ʃ	. _
c	ʃ	. _
c	ʃ	. _
t͡s	cʰ	. _
t͡s	s	. _
t͡s	s	. _
t͡s	s	. _
t͡s	s	. _
t͡s	ʃ	. _
t͡s	ʃ	. _
t͡s	ʃ	. _
t͡s	ʃ	. _
ɟ	cʰ	. _
ɟ	s	. _
ɟ	s	. _
ɟ	c	. _
ɟ	s	. _
ɟ	c	. _
ɟ	c	. _
ɟ	c	. _
ɟ	c	. _
ɟ	c	. _
ɟ	ʑ	. _
ɟ	ʃ	. _
ɟ	ʃ	. _
ɟ	ʃ	. _
g	kʰ	. _
g	kʰ	. _
g	kʰ	. _
g	k	. _
g	k	. _
g	kʰ	. _
g	k	. _
g	k	. _
gʷ	kʷʰ	. _
g	k	. _
ɣ	kʰ	. _
ɣ	kʰ	. _
ɣ	kʰ	. _
ɣ	kʰ	. _
ɣ	kʰ	. _
ɣ	k	. _
ɣ	k	. _
ɣʰ	kʰ	. _
ɣ	x	. _
ɣʷ	x	. _
ɣ	hʷ	. _
ɣ	h	. _
ɣ	hʰ	. _
xʰ	kʰ	. _
x	kʰ	. _
x	kʰ	. _
x	kʰ	. _
x	kʰ	. _
x	h	. _
kʷ l	kʰ ∅	. _
kʷ l	kʰ ∅	. _
k l	k ∅	. _
k l	k ∅	. _
k l	k ∅	. _
k l	kʲ ∅	. _
k l	kʲ ∅	. _
k l	cʷ ∅	. _
k l	cʰ ∅	. _
k l	c ∅	. _
k l	c ∅	. _
k	t	. _ l
kʰ r	kʰ ∅	. _
kʰ r	kʰ ∅	. _
kʰ r	kʰ ∅	. _
kʰ r	s ∅	. _
kʰ r	s ∅	. _
kʰ r	cʰ ∅	. _
k r	kʰʲ ∅	. _
kʰ r	c ∅	. _
kʰ r	k l	. _
kʰ r	kʲ ∅	. _
kʰ	tʰ	. _ r
g r	kʰ r	. _
g r	kʰ ∅	. _
g r	k ∅	. _
gʷ r	cʷ ∅	. _
gʷ r	c ∅	. _
gʷ r	c ∅	. _
g r	c ∅	. _
g r	c ∅	. _
gʰ r	kʰʲ ∅	. _
g r	∅ l	. _
gʷ r	kʷʲ ∅	. _
gʷ r	∅ l	. _
gʷ r	k l	. _
x r	h ∅	. _
x r	h ∅	. _
x r	l ∅	. _
x r	∅ r	. _
x r	ð ∅	. _
x r	∅ r	. _
gʷ	kʷʰ	. _
gʷ	kʷʰ	. _
gʷ	kʷ	. _
gʷ	kʷ	. _
gʷ	kʷ	. _
gʷ	kʷ	. _
gʷ	kʷ	. _
gʷ	kʷ	. _
xʷ	kʷʰ	. _
xʷ	kʷʰ	. _
xʷ	kʷʰ	. _
xʷ	kʷʰ	. _
xʷ	kʷʰ	. _
xʷ	v	. _
xʷ	v	. _
xʷ	w	. _
xʷ	w	. _
ɣʷ	kʷʰ	. _
ɣʷ	kʷʰ	. _
ɣʷ	kʷʰ	. _
ɣʷ	kʷʰ	. _
ɣʷ	kʷ	. _
ɣʷ	xʷ	. _
ɣʷ	xʷ	. _
ɣ	v	. _
ɣʷ	v	. _
ɣ	v	. _
ɣʷ	v	. _
ɣʷ	v	. _
ɣʷ	w	. _
ɣ	w	. _
p	h	
d	l	
j	z	
w a i	u a ∅	. _ .
p	h	
b	β	
d	l	
c	s	
j	c	
p	h	
b	β	
d	l	
c	s	
j	z	
p	h	
b	β	
d	l	
c	s	
j	z	
p	h	
b	β	
d	l	
c	s	
j	ʃ	
p	h	
d	l	
c	s	
j	(j)	
p	h	
b	∅	
d	r	
c	θ	
j	∅	
g	ɣ	
d	l	
c	s	
p	ɸ	
t	ṛ	
c	h	
k	(k)	
g	(ɣ)	
p	h	
b	β	
t	r	
d	l	
c	s	
j	t͡s	
p	∅	
b	β	
d	l	
p	∅	
b	β	
d	l	
j	c	
g	k	
p	∅	
t	h	
d	(l)	
c	s	
j	ʃ	
g	∅	
p	∅	
t	r	
d	(l)	
c	s	
j	c	
g	∅	
p	h	
d	(l)	
c	s	
j	ʃ	
g	∅	
kʰ	t̠͡ʃʰʲ	. _ ŷ
kʰ	t̠͡ʃʰʲ	. _ ŷ
kʰ	t̠͡ʃʰʲ	. _ ŷ
kʰ	t̠͡ʃʰʲ	. _ ŷ
kʰ	t̠͡ʃʰʲ	. _ ŷ
kʰ	t̠͡ʃʰʲ	. _ ŷ
s	h	_ .
r	∅	_ .
l	∅	_ .
c	k	_ .
ɲ	ŋ	_ .
m l	∅ l	
n ɗ	ʔ n	
m ɓ	ʔ m	
p	mˀ	_ .
t	nˀ	_ .
p	nˀ	_ .
ʔʲ	ʄ	. _
ʄ	ɟ	. _
ʄ	j	. _
b	p	. _
d	t	. _
j	ɟ	. _
r	j	. g _
ɟ	t͡s	. _
ɟ	d͡z˞	. _
g	k	. _
gʲ	kʲ	. _
gʲ	g	. _
v	f	. _
z	ɬ	. _
ɣ	ɟ	. _
ɣʷ	v	. _
ɣʷ	ɣ	. _
kʰ n	k j	. _
k n	k j	. _
n	s	. t _
p	m	. _ n
k s	kʰ ɣ	. _
ŏ ∅	u ɑ̆	_ k .
e	iː	_ .
oː	uː	_ .
r	ɣ	. _
r	j	. _
r	ɣ	. _
r	j	. _
p r	pʲ ∅	. _
p r	pʲ ∅	. _
r	ɣ	. p _
r	l	. p _
pʰ r	pʰʲ ∅	. _
pʰ r	pʰʲ ∅	. _
r	ɣ	. pʰ _
pʰ r	p l	. _
k r	k ∅	. _
k r	k ∅	. _
r	ɣ	. k _
k r	kʲ ∅	. _
kʰ r	kʰ ∅	. _
kʰ r	kʰ ɣ	. _
p	f	# _
ɓ̥ˀ	ɓˀ	# _
ɓ̥ˀ	p	# _
b	p	# _
ɓ̥ˀ	p	# _
ɓ̥ˀ	ɓˀ	# _
ɓ̥ˀ	f	# _
ɓ̥ˀ	p	# _
ɓ̥ˀ	p	# _
ɓ̥ˀ	f	# _
ɓ̥ˀ	f	# _
ɓ̥ˀ	p	# _
ɓ̥ˀ	p	# _
b	p	# _
ɓˀ	b	# _
ɓ̥ˀ	p	# _
b	f	# _
ɓˀ	b	# _
ɓ̥ˀ	ɓˀ	# _
ɓ̥ˀ	p	# _
f	p	# _
f	p	# _
ɓ̥ˀ	p	# _
f	p	# _
ɓ̥ˀ	p	# _
ɓ̥ˀ	p	# _
f	p	# _
k l	d ∅	. _
k l	c ∅	. _
l	ɣ	. k _
k l	kʲ ∅	. _
kʰ l	cʰ ∅	. _
kʰ l	kʰ ɣ	. _
kʰ l	kʰʲ ∅	. _
t͡sⁿ	p	. _ r
ɲ	nʲ	. _
ɲ	nʲ	. _
ɲ	nʲ	. _
ɲ	ŋʲ	. _
kʰ n	k j	. _
k n	k j	. _
t n	t͡s ∅	. _
p	m	. _ n
ɓ	b	. _
ɓ	b	. _
ɓ	m	. _
ɓ	b	. _
ɗ	d	. _
ɗ	d	. _
ɗ	l	. _
ᶑ	l	. _
k m	∅ m	. _
k m	∅ m	. _
k n	∅ n	. _
k n	∅ n	. _
t n	∅ n	. _
t n	∅ n	. _	
k t	kʲ ∅	. _
t	ɣ	. k _
k	∅	. _ s
k s	kʰ ɣ	. _
z	ɣ	. k _
ɗ̥ˀ	t	# _
ɗ̥ˀ	t	# _
d	t	# _
ɗ̥ˀ	t	# _
ɗ̥ˀ	t	# _
ɗ̥ˀ	t	# _
ɗ̥ˀ	t	# _
ɗ̥ˀ	t	# _
t	d	# _
ɗ̥ˀ	t	# _
ɗ̥ˀ	t	# _
t	d	# _
ɗ̥ˀ	t	# _
c	cˀ	# _
ʒ	z	# _
ɠ̥ˀ	k	# _
ɠ̥ˀ	k	# _
ɠ̥ˀ	k	# _
ɠ̥ˀ	k	# _
ɠ̥ˀ	k	# _
ɠ̥ˀ	k	# _
q	k	# _
qˀ	kˀ	# _
gˀ	h	# _
q	k	# _
qˀ	k	# _
gˀ	g	# _
q	k	# _
qˀ	k	# _
gˀ	g	# _
qˀ	q	# _
gˀ	g	# _
q	g	# _
qˀ	g	# _
gˀ	g	# _
q	g	# _
qˀ	g	# _
gˀ	g	# _
q	x	# _
qˀ	k	# _
gˀ	x	# _
d	t	
g	k	# _
g	k	
ʔ	∅	
h	∅	
l	ɾ	
a	aː	
e	eː	
i	iː	
o	oː	
u	uː	
a	o	
ə	a	
ɪ	i	
ʊ ∅	a u	
p	∅	_ k
d	t	_ Ṽ
g	k	
ʔ	∅	
s	ɬ	
t͡s	t̠͡ʃ	
p	∅	_ k
ɾ	l̠	
r	l̠	
l	l̠	
a	o	
ə	∅	u b _ #
p	ɸ	_ k
b	ɸ	# _
t	tʰ	# _
d	r	# _
k	kʰ	# _
g	ʒ	
ʔ	∅	
s	ʃ	
h	∅	
ɪ	i	
ʊ	u	
ɪ	∅	k _ #
p	∅	_ k
b	m	_ Ṽ
d	n	_ Ṽ
g	d̠͡ʒ	
l	ɾ	
a ∅	ɨ e	_ #
a	i	
a	ɨ	
ɪ	a	
i ∅	i e	_ #
o	a	
ʊ	o	
u ∅	u e	_ #
b	m	_ Ṽ
b	β	_ Ṽ
d	n	_ Ṽ
ʔ	∅	
t	t̠͡ʃ	_ i
t	t̠͡ʃ	_ i
kʷ	k	i _ a
kʷ	k	i _ a
kʷ a	k u	u _
kʷ a	k u	u _
θ	ʃ	_ i
θ	ʃ	_ i
θ	ʃ	_ i
x	h	
x	h	
x	t̠͡ʃ	
x	ʃ	
xʷ	h	_ i
xʷ	h	_ i
xʷ	t̠͡ʃ	_ i
xʷ	kʷ	_ a
xʷ	kʷ	_ a
xʷ	v	_ a h
xʷ	v	_ a h
w	v	
w i	u ∅	
w	∅	u _ a
i	∅	w _
i	∅	w _
i	u	m _
i	u	m _
ĩ	ũ	m _
kʷ ĩ	k u	
e	i	
e m	ɨ ∅	
e m	i ∅	
u m	ɨ ∅	
u m	ɨ ∅	
u m	i ∅	
u m	i ∅	
ə	∅	b _ #
p	ɸ	# _
m	∅	. _ l
m l	n ∅	. _
m l	n ∅	. _
m l	n ∅	. _
m l	∅ l	. _
m l	n ∅	. _
ᶑ ∅	r ∅	. _
ᶑ ∅	t r	. _
p r	k j	. _
pʰ r	∅ l	. _
f	fʷ	# _
f	fʷ	# _
ɣʷ	ɣ	. _
g r	kʰ l	. _
kʰ r	∅ r	. _
ɓ l	d ∅	. _
ɓ l	bʲ ∅	. _
g r	t l	. _
g	tʰ	. _ r
k r	h ∅	. _
kʰ r	s ∅	. _
r	∅	. kʰ _
kʰ r	h ∅	. _
kʰ r	kʲ ∅	. _
kʰ r	kʲ ∅	. _
kʰ r	s ∅	. _
kʰ r	s ∅	. _
r	∅	. kʰ _
r	∅	. kʰ _
kʰ r	h ∅	. _
kʰ r	h ∅	. _
kʰ r	kʲ ∅	. _
x r	s ∅	. _
x r	s ∅	. _
x r	s ∅	. _
x r	h ∅	. _
x r	h ∅	. _
x r	h ∅	. _
x r	kʰ ∅	. _
x r	kʰ ∅	. _
x r	kʰ ∅	. _
x r	kʰʲ ∅	. _
x r	kʰʲ ∅	. _
x r	kʰʲ ∅	. _
ɓ l	d ∅	. _
t̠͡ʃ	ʈ͡ʂ	
t̠͡ʃʲ	ʈ͡ʂ	
t̠͡ʃʰ	ʈ͡ʂʰ	
t̠͡ʃʰʲ	ʈ͡ʂʰ	
ʃ	ʂ	
ɣ	x	
z	s	
i ∅	ə ɹ	n ʑ _ .
ɪ̆ ə	ə ɹ	n ʑ _ .
t͡r	t̠͡ʃ	
t͡r	t	
z	θ	
j	x	
ɓ l	d ∅	. _
ɓ l	d ∅	. _
ɓ l	d ∅	. _
ɓ l	d ∅	. _
ɓ l	∅ l	. _	
ɓ l	d ∅	. _
m l	∅ l	. _
m l	∅ l	. _
m l	∅ l	. _
m l	∅ l	. _
r	ð	. _
r	l	. _
d͡z	s	. _
z	s	. _
d͡z	sʰ	. _
z	sʰ	. _
d͡z	s	. _
z	s	. _
d͡z	s	. _
z	s	. _
d͡z	s	. _
z	s	. _
d͡z	s	. _
z	s	. _
d͡z	ɬ	. _
d͡z	ɬ	. _
z	ɬ	. _
s	tʰ	. _
d͡z	tʰ	. _
d͡z	s	. _
z	ɬ	. _
d͡z	ɬ	. _
z	θ	. _
d͡z	θ	. _
z	s	. _
d͡z	s	. _
d͡z	s	. _
t͡s	ɬ	. _
t͡s	θ	. _
t͡s	s	. _
ɟ	s	. _
j	ɲ	. _
x	ɣ	. _
gʷ r	c ∅	. _
xʷ	h	. _
xʷ	h	. _
xʷ	h	. _
ɣʷ	h	. _
ɣʷ	ɣ	. _
ɣʷ	h	. _
ɣ	h	. _
k	c	_ e
c	ʃ	
d	r	
k	x	
c	h	
d	(r)	
k	(x)	
g	(g)	
d	(ṛ)	
d	(ɽ)	
d	(ṛ)	
c	t	_ .
ɲ	ɴ	_ .
t	nˀ	_ .
ʔ	ɣ	. _
v l	d ∅	. _
v r	d ∅	. _
g	ɟ	. _
l	j	. g _
ɲ	n	. _
ɲ	n	. _
z	ʐ	. _
z	ð	. _
p	h	# _
ɓˀ	b	# _
p	f	# _
b	f	# _
b	v	# _
ɓˀ	b	# _
f	v	# _
b	v	# _
f	p	# _
kʰ l	kʰ ∅	. _
t	d	# _
ɗ̥ˀ	d	# _
g	k	# _
g	k	# _
q	g	# _
qˀ	ɣ	# _
qˀ	q	# _
b	p	# _
p	β	# _
d	∅	# _
c	t͡s	# _
c	s	# _
ɟ	dʲ	# _
ɟ	d͡z	# N _
k	ɣ	# _
g	k	# _
nʲ	ɲ	# _
j	∅	# _
p	β	# _
d	∅	# _
c	t͡s	# _
c	s	# _
k	ɣ	# _
g	k	# _
nʲ	ɲ	# _
p	β	# _
d	l	# _
d	∅	# _
c	t͡s	# _
c	s	# _
ɟ	dʲ	# _
ɟ	d͡z	# N _
k	ɣ	# _
g	k	# _
nʲ	ɲ	# _
j	∅	# _
p	β	# _
d	l	# _
d	∅	# _
c	t͡s	# _
c	s	# _
k	ɣ	# _
g	k	# _
nʲ	ɲ	# _
p	β	# _
t	r	# _
d	l	# _
d	∅	# _
c	t͡s	# _
c	s	# _
ɟ	dʲ	# _
ɟ	d͡z	# N _
k	ɣ	# _
g	k	# _
g	∅	# _
j	∅	# _
p	β	# _
t	r	# _
d	l	# _
d	∅	# _
c	t͡s	# _
c	s	# _
k	ɣ	# _
g	k	# _
nʲ	ɲ	# _
p	β	# _
d	l	# _
d	n	# _
c	t͡s	# _
c	s	# _
ɟ	dʲ	# _
ɟ	d͡z	# N _
k	ɣ	# _
g	k	# _
g	ɣ	# _
j	∅	# _
p	β	# _
d	l	# _
d	n	# _
c	t͡s	# _
c	s	# _
k	ɣ	# _
g	ɣ	# _
g	k	# _
nʲ	ɲ	# _
p	β	# _
d	l	# _
d	n	# _
c	t̠͡ʃ	# _
c	s	# _
ɟ	d͡z	# N _
k	ɣ	# _
g	k	# _
g	ɣ	# _
j	∅	# _
p	β	# _
d	l	# _
d	n	# _
c	t̠͡ʃ	# _
c	s	# _
k	ɣ	# _
g	ɣ	# _
g	k	# _
nʲ	ɲ	# _
p	β	# _
d	∅	# _
d	n	# _
c	t͡s	# _
c	h	# _
ɟ	dʲ	# _
ɟ	d͡z	# N _
k	ɣ	# _
g	ɣ	# _
g	k	# _
j	∅	# _
p	β	# _
d	n	# _
d	∅	# _
c	t͡s	# _
c	h	# _
k	ɣ	# _
g	k	# _
nʲ	ɲ	# _
n	∅	# _ i̝
n	ɲ	# _ i̝
n	ɲ	# _ i̝
n	∅	# _ i̝
n	ɲ	# _ i̝
n	∅	# _ i̝
i d	e ɲ	
e d	ɛ ɲ	
a d	ɛ ɲ	
o ∅ d	ɥ ɛ ɲ	
o d	ɛ ɲ	
u ∅ d	ɥ i ɲ	
u d	i ɲ	
u ∅ d	ɥ e ɲ	
u d	e ɲ	
u̝ ∅ d	ɥ i ɲ	
u̝ d	i ɲ	
i̝	i	
i̝	iː	
i	ə	
i	e	
i	iː	
i	eː	
e	ə	
e	ɛ	
e	əː	
e	eː	
a	aː	
a	ɛ	_ d
o	ɔ	
o	ɛ	
o	ɔː	
u	o	
u	oː	
u	uː	
u	ɔː	
u̝	u	
u̝	uː	
p	f	# _
p	v	# _
p	b	# _
p	v	# N _
p	b	# _
t	l	# _
t	t͡s	# _ i̝
t	s	# _
t	d	# _
t	n	# _
t	l	# _
t	r	# _
t	∅	# _
c	s	# _
c	t͡s	# _
c	z	# _
c	s	_ #
c	∅	# _
k	∅	# _
k	j	# _
k	g	# _
k	k͡p	# _
k	n	# _
k	ʔ	# _
k	∅	# _
b	ɡ͡b	# _
b	v	# N _
b	v	# _
b	f	# _
b	m	# _
b	∅	# _
b	p	_ #
b	∅	# _
d	j	# _
d	d͡z	# _ i̝
d	d͡z	# N _ i̝
d	z	# _
d	ɲ	# N _
d	l	# _
d	n	# _
d	ɲ	_ #
d	b	# _
d	∅	# _
ɟ	z	# _
ɟ	∅	# _
ɟ	d͡z	# _
ɟ	ɲ	# N _
ɟ	s	# _
j	∅	# _
j	d͡z	# _
j	l	# _
j	ɲ	# _
j	w	# _
j	ɲ	# _
g	k	# _
g	w	# _ o
g	∅	# _
g	ʔ	# _
g	∅	# _
n	l	# _
n	∅	# _
i d	e ɲ	
e d	e ɲ	
a d	e ɲ	
a d	ɛ ɲ	
o ∅ d	ɥ e ɲ	
o d	e ɲ	
u ∅ d	ɥ i ɲ	
u̝ ∅ d	ɥ i ɲ	
i̝	i	
i̝	iː	
i̝	eː	
i	ə	
i	e	
i	iː	
i	eː	
e	ə	
e	əː	
e	eː	
a	aː	
a	e	_ d
a	ɛ	
a	ɛː	
o	ɔ	
o ∅	w a	_ k
o	ɔː	
u	o	
u	ɔ	
u	oː	
u	uː	
u̝	u	
u̝	uː	
p	f	# _
p	v	# _
p	v	# N _
p	b	# _
t	l	# _
t	t͡s	# _ i̝
t	n	# _
t	∅	# _
t	r	# _
t	l	# _
c	s	# _
c	ʃ	# _ u d
c	t͡s	# _
c	s	_ #
k	g	# _
k	∅	# _
k	x	_ #
k	ɣ	# _
k	∅	# _
b	v	# N _
b	m	# _
b	∅	# _
b	p	_ #
b	∅	# _
d	j	# _
d	t	# _
d	d͡z	# _ i̝
d	d͡z	# _ i
d	n	# _
d	ɲ	_ #
d	∅	# _
d	r	# _
d	l	# _
d	l	_ #
d	n	# _
ɟ	d͡z	# _
ɟ	ɲ	# N _
ɟ	∅	# _
j	d͡z	# _
j	w	# _
j	∅	# _
j	l	# _
j	ɲ	# _
j	ɲ	# _
g	k	# _
g	k	_ #
g	x	_ #
g	ɣ	# _
g	∅	# _
n	l	# _
n	∅	# _
i d	e ɲ	
e d	ɛ ɲ	
e d	e ɲ	
a d	e ɲ	
o ∅ d	w e ɲ	
o d	eː ∅	
u ∅ d	ɥ i ɲ	
u̝ ∅ d	ɥ i ɲ	
i̝	i	
i̝	iː	
i	ə	
i	əː	
i	e	
e	ə	
e	əː	
e	ɛ	
a	aː	
a	ɛ	_ d
a	ɛː	
o	ɔ	
o	ɔː	
u	o	
u	oː	
u	uː	
u	ɔ	
u̝	u	
u̝	uː	
p	f	# _
p	v	# _
p	v	# N _
p	b	# _
t	l	# _
t	n	# _
t	t͡s	# _ i̝
t	∅	# _
t	∅	# _
t	r	# _
c	s	# _
c	∅	# _
k	t̠͡ʃ	# _ i̝
k	g	# _
k	w	# _
k	k͡p	# _
k	∅	# _
k	∅	# _
k	ɣ	# _
b	v	# N _
b	∅	# _
b	p	_ #
b	∅	# _
d	j	# _
d	d͡z	# _ i̝
d	d͡z	# N _ i̝
d	ɲ	# N _
d	n	# _
d	s	# _
d	ɲ	_ #
d	∅	# _
d	l	# _
d	r	# _
d	s	# _
ɟ	z	# N _
ɟ	ɲ	# N _
ɟ	∅	# _
ɟ	d͡z	# _
j	∅	# _
j	d͡z	# _
j	w	# _
j	ɲ	# _
g	k	# _
g	t̠͡ʃ	# _ i̝
g	k	# _
g	∅	# _
m	ḿ	
n	l	# _
n	∅	# _
i d	e ∅	
e d	e ∅	
a d	ɛ ∅	
o ∅ d	w ɛ ∅	
o d	ɛ ∅	
u ∅ d	ɥ i ∅	
u d	y ∅	
u d	i ∅	
u̝ ∅ d	ɥ i ∅	
u̝ d	y ∅	
u̝ d	i ∅	
i̝	i	
i̝	iː	
i	ə	
i	e	
i	eː	
i	iː	
e	ə	
e	ɛ	
e	əː	
a	aː	
a	ɛ	_ d
a	e	_ d
o	ɔ	
o	ɔː	
u	o	
u	ɔ	
u	y	_ d
u̝	u	
u̝	y	_ d
p	f	# _
p	v	# _
p	b	# _
p	v	# N _
p	∅	# _
p	b	# _
t	l	# _
t	t͡s	# _ i̝
t	s	# _
t	l	# _
t	r	# _
t	∅	# _
c	s	# _
c	ʃ	# _ u̝ d
c	ʃ	# _
c	t͡s	# _ i̝
c	z	# _
c	s	_ #
c	∅	# _
k	g	# N _
k	t͡s	# _
k	∅	# _
k	j	# _
k	n	# _
k	∅	# _
k	ɣ	# _
b	v	# N _
b	f	# _
b	ɡ͡b	# _
b	∅	# _
b	p	_ #
b	∅	# _
d	j	# _
d	d͡z	# _ i̝
d	d͡z	# _
d	d͡z	# N _ i̝
d	l	# _
d	ɲ	# N _
d	z	# _
d	n	# _
d	s	# _
d	l	# _
d	∅	# _
d	r	# _
d	t	_ #
ɟ	z	# _
ɟ	∅	# _
ɟ	d͡z	# _
ɟ	ɲ	# N _
j	d͡z	# _
j	w	# _
j	l	# _
j	∅	# _
j	ɲ	# _
j	∅	# _
g	k	# _
g	w	# _
g	k	_ #
g	ɣ	# _
g	∅	# _
n	l	# _
n	∅	# _
i d	e ɲ	
e d	e ɲ	
e d	ɛ ɲ	
a d	ɛ ɲ	
o ∅ d	w ɛ ɲ	
u ∅ d	ɥ i ɲ	
u̝ ∅ d	ɥ i ɲ	
u̝ d	i ɲ	
i̝	i	
i̝	iː	
i	ə	
i	əː	
i	e	
i	i(ː)	
e	ə	
e	əː	
e	ɛ	
a	aː	
a	ɛ	_ d
a	e	_ d
o	ɔ	
o	ɔː	
u	o	
u	oː	
u	u(ː)	
u	ɔ	
u̝	u	
u̝	uː	
p	f	# _
p	v	# _
p	b	# _
t	l	# _
t	t͡s	# _ i̝
t	n	# _
t	s	# _
t	∅	# _
t	r	# _
c	s	# _
c	ʃ	# _ u̝ d
c	t͡s	# _
c	s	_ #
c	∅	_ #
k	g	# N _
k	t̠͡ʃ	# _ i̝
k	k͡p	# _ o d
k	∅	# _
k	∅	# _
k	ɣ	# _
b	ɡ͡b	# _ u̝ d
b	v	# N _
b	∅	# _
b	p	_ #
b	∅	# _
d	j	# _
d	n	# _
d	ɲ	# N _
d	d͡z	# _ i̝
d	d͡z	# N _ i̝
d	d͡z	# _ i
d	ɲ	_ #
d	∅	# _
d	l	# _
d	r	# _
d	n	_ #
ɟ	z	# _
ɟ	ɲ	# _
ɟ	∅	# _
ɟ	d͡z	# _
ɟ	∅	_ #
j	∅	# _
j	d͡z	# _
j	w	# _
j	ɲ	# _
g	k	# _
g	∅	# _
g	k	_ #
g	ɣ	# _
g	∅	# _
n	l	# _
n	∅	# _
i d	e ɲ	
e d	e ɲ	
e d	i ɲ	
a d	e ɲ	
o ∅ d	w e ɲ	
o d	e ɲ	
u ∅ d	ɥ i ɲ	
u̝ ∅ d	ɥ i ∅	
i̝	i	
i̝	iː	
i	ə	
i	e	
i	i(ː)	
i	ɛ	
i	i(ː)	
i	əː	
e	ə	
e	i	_ d
e	əː	
a	ɛː	
a	ɛ	
a	e	_ d
a	aː	
o	ɔ	
o ∅	w a	_ k
o	ɔː	
u	o	
u	ʊ	
u	ɔ	
u	ʊː	
u	oː	
u̝	u	
u̝	uː	
u̝	∅	
u̝	ʊ	
p	f	# _
p	v	# _
p	b	# _
p	b	# _
t	l	# _
t	∅	# _
t	r	# _
c	s	# _
c	∅	# _
c	s	_ #
k	k͡p	# _
k	∅	# _
k	∅	# _
k	ɲ	# _
b	ɡ͡b	# _
b	v	# N _
b	∅	# _
b	m	# _
b	p	_ #
b	∅	# _
d	j	# _
d	d͡z	# N _ i̝
d	z	# _
d	ɲ	# N _
d	ɲ	_ #
d	∅	# _
d	l	# _
d	r	# _
ɟ	z	# _
ɟ	ɲ	# N _
ɟ	∅	# _
j	∅	# _
j	w	# _
j	ɲ	# _
g	k	# _
g	∅	# _
g	k	_ #
g	ɣ	# _
g	∅	# _
m	ḿ	
n	l	# _
i d	e ɲ	
e d	ɛ ɲ	
a d	ɛ ɲ	
o ∅ d	ɥ e ɲ	
o d	e ɲ	
u ∅ d	ɥ i ɲ	
u̝ ∅ d	ɥ i ɲ	
i̝	i	
i̝	iː	
i	ə	
i	e	
i	i(ː)	
e	ə	
e	ɛ	
a	aː	
a	ɛ	_ d
o	ɔ	
o	ɔː	
u	o	
u	oː	
u	uː	
u	ɔ	
u̝	u	
u̝	uː	
p	f	# _
p	v	# _
p	b	# _
t	l	# _
t	t͡s	# _ i̝
t	n	# _
t	∅	# _
t	r	# _
c	s	# _
c	t̠͡ʃ	# _
c	s	_ #
k	g	# N _
k	w	# _
k	∅	# _
k	j	# _
k	ʔ	# _
k	∅	# _
b	ɡ͡b	# _
b	v	# N _
b	∅	# _
b	p	_ #
b	∅	# _
d	j	# _
d	d̠͡ʒ	# _ i̝
d	l	# _
d	t	# _
d	ɲ	# N _
d	n	# _
d	ɲ	_ #
d	∅	# _
d	l	# _
ɟ	z	# _
ɟ	ɲ	# _
ɟ	∅	# _
ɟ	∅	# _
j	∅	# _
j	ɲ	# _
g	k	# _
g	ʔ	# _
d	ɲ	# _
t	t̠͡ʃ	N _
t	t̠͡ʃ	N _
t	t̠͡ʃ	N _
t	h	N _
t	h	N _
t	h	N _
t	h	N _
t	h	N _
t	h	N _
t	h	N _
t	h	N _
t	h	N _
t	h	N _
t	r	N _
t	r	N _
t	r	N _
t	r	N _
t	t͡r	N _
t	t͡r	N _
t	t͡r	N _
t	t͡r	N _
t	t̪	N _
t	r̥	N _
k	h	
k	h	
k	h	
k	h	
k	t̠͡ʃ	_ e
k	t̠͡ʃ	_ e
k	t̠͡ʃ	_ e
k	kʲ	_ e
k	ʃ	_ e
k	ʃ	_ e
c	t̠͡ʃ	
c	t̠͡ʃ	
c	t̠͡ʃ	
c	t̠͡ʃ	
c	t̠͡ʃ	
c	t̠͡ʃ	
c	t̠͡ʃ	
c	t͡s	
c	t͡s	
c	t͡s	
c	t͡s	
c	t͡s	
c	t͡s	
c	t͡s	
c	t͡s	
c	t͡s	
c	t͡s	
c	t͡s	
c	t͡s	
c	t͡s	
c	t̪	
c	t̪	
c	t̪	
c	t̪	
c	t̪	
c	t̪	
c	t̪	
c	s	
ɓ	∅	_ u
ɓ	∅	_ u
ɗ	l	
ɗ	l	
ɗ	l	
ɗ	l	
ɗ	l	
ɗ	l	
ɗ	l	
ɗ	l	
ɗ	l	
ɗ	l	
ɗ	l	
ɗ	r	
ɗ	r	
ɗ	ɮ	
ɗ	l	
ɗ	l	
ɗ	l	
ɗ	l	
ɗ	l	
ɗ	l	
ɗ	l	
ɗ	l	
ɗ	l	
ɗ	l	
ɗ	l	
ɗ	l	
ɗ	l	
ɗ	l	
ɗ	l	
ɗ	∅	_ e
ɗ	∅	_ e
ɗ	∅	_ e
ɗ	∅	_ e
ɗ	∅	_ e
ɗ	∅	_ e
ɗ	j	
ɗ	j	
g	∅	
g	∅	
g	∅	
g	j	
g	∅	
g	∅	
g	∅	
g	∅	
g	∅	
g	∅	
g	∅	
g	∅	
g	∅	
g	∅	
g	ɟ	_ e
g	ɟ	_ e
g	ɟ	_ e
g	ɟ	_ e
g	ɟ	_ e
g	ɟ	_ e
g	ɟ	_ e
g	ɟ	_ e
g	ɟ	_ e
ɟ	d͡z	
ɟ	d͡z	
ɟ	d͡z	
ɟ	d͡z	
ɟ	d͡z	
ɟ	d͡z	
ɟ	d͡z	
ɟ	d͡z	
ɟ	d͡z	
ɟ	ʄ	
ɟ	ʄ	
ɟ	ʄ	
ɟ	ʄ	
ɟ	ʄ	
ɟ	ʄ	
ɟ	ʄ	
ɟ	d̠͡ʒ	
ɟ	d̠͡ʒ	
ɟ	d̠͡ʒ	
ɟ	ʒ	
ɟ	ʒ	
ɟ	ʒ	
ɟ	j	
ɟ	j	
ɟ	∅	
ɟ	j	
ɟ	j	
ɟ	∅	
ɟ	∅	
ɟ	j	
ɟ	∅	
ɟ	z	
ɟ	ʄ	
p	f	_ u̝
p	f	_ u̝
p	f	_ u̝
p	f	_ u̝
p	f	_ u̝
p	f	_ u̝
p	f	_ u̝
p	f	_ u̝
p	f	_ u̝
p	f	_ u̝
p	f	_ u̝
p	f	_ u̝
p	f	_ u̝
p	f	_ u̝
p	f	_ u̝
p	f	_ u̝
p	f	_ u̝
p	f	_ u̝
p	f	_ u̝
p	f	_ u̝
p	f	_ u̝
p	f	_ u̝
p	f	_ u̝
p	f	_ u̝
p	f	_ u̝
p	f	_ u̝
p	f	_ u̝
p	f	_ u̝
t	f	_ u̝
t	f	_ u̝
t	f	_ u̝
t	f	_ u̝
t	f	_ u̝
t	f	_ u̝
t	f	_ u̝
t	f	_ u̝
t	f	_ u̝
t	f	_ u̝
t	f	_ u̝
t	f	_ u̝
t	f	_ u̝
t	f	_ u̝
t	f	_ u̝
t	f	_ u̝
t	f	_ u̝
t	f	_ u̝
t	f	_ u̝
t	f	_ u̝
t	f	_ u̝
t	f	_ u̝
t	f	_ u̝
t	f	_ u̝
t	f	_ u̝
t	f	_ u̝
t	f	_ u̝
t	f	_ u̝
k	f	_ u̝
k	f	_ u̝
k	f	_ u̝
k	f	_ u̝
k	f	_ u̝
k	f	_ u̝
k	f	_ u̝
k	f	_ u̝
k	f	_ u̝
k	f	_ u̝
k	f	_ u̝
k	f	_ u̝
k	f	_ u̝
k	f	_ u̝
k	f	_ u̝
k	f	_ u̝
k	f	_ u̝
k	f	_ u̝
k	f	_ u̝
k	f	_ u̝
k	f	_ u̝
k	f	_ u̝
k	f	_ u̝
k	f	_ u̝
k	f	_ u̝
k	f	_ u̝
k	f	_ u̝
k	f	_ u̝
b	v	_ u̝
b	v	_ u̝
b	v	_ u̝
b	v	_ u̝
b	v	_ u̝
b	v	_ u̝
b	v	_ u̝
b	v	_ u̝
b	v	_ u̝
b	v	_ u̝
b	v	_ u̝
b	v	_ u̝
b	v	_ u̝
b	v	_ u̝
b	v	_ u̝
b	v	_ u̝
b	v	_ u̝
b	v	_ u̝
b	v	_ u̝
b	v	_ u̝
b	v	_ u̝
b	v	_ u̝
b	v	_ u̝
b	v	_ u̝
b	v	_ u̝
b	v	_ u̝
b	v	_ u̝
b	v	_ u̝
d	v	_ u̝
d	v	_ u̝
d	v	_ u̝
d	v	_ u̝
d	v	_ u̝
d	v	_ u̝
d	v	_ u̝
d	v	_ u̝
d	v	_ u̝
d	v	_ u̝
d	v	_ u̝
d	v	_ u̝
d	v	_ u̝
d	v	_ u̝
d	v	_ u̝
d	v	_ u̝
d	v	_ u̝
d	v	_ u̝
d	v	_ u̝
d	v	_ u̝
d	v	_ u̝
d	v	_ u̝
d	v	_ u̝
d	v	_ u̝
d	v	_ u̝
d	v	_ u̝
d	v	_ u̝
d	v	_ u̝
g	v	_ u̝
g	v	_ u̝
g	v	_ u̝
g	v	_ u̝
g	v	_ u̝
g	v	_ u̝
g	v	_ u̝
g	v	_ u̝
g	v	_ u̝
g	v	_ u̝
g	v	_ u̝
g	v	_ u̝
g	v	_ u̝
g	v	_ u̝
g	v	_ u̝
g	v	_ u̝
g	v	_ u̝
g	v	_ u̝
g	v	_ u̝
g	v	_ u̝
g	v	_ u̝
g	v	_ u̝
g	v	_ u̝
g	v	_ u̝
g	v	_ u̝
g	v	_ u̝
g	v	_ u̝
g	v	_ u̝
t	s	_ i̝
t	s	_ i̝
t	s	_ i̝
t	s	_ i̝
t	s	_ i̝
t	s	_ i̝
t	s	_ i̝
t	s	_ i̝
t	s	_ i̝
t	s	_ i̝
t	s	_ i̝
t	s	_ i̝
t	s	_ i̝
t	s	_ i̝
t	s	_ i̝
t	s	_ i̝
t	s	_ i̝
t	s	_ i̝
t	s	_ i̝
t	s	_ i̝
t	s	_ i̝
t	s	_ i̝
t	s	_ i̝
t	s	_ i̝
t	s	_ i̝
t	s	_ i̝
t	s	_ i̝
t	s	_ i̝
d	z	_ i̝
d	z	_ i̝
d	z	_ i̝
d	z	_ i̝
d	z	_ i̝
d	z	_ i̝
d	z	_ i̝
d	z	_ i̝
d	z	_ i̝
d	z	_ i̝
d	z	_ i̝
d	z	_ i̝
d	z	_ i̝
d	z	_ i̝
d	z	_ i̝
d	z	_ i̝
d	z	_ i̝
d	z	_ i̝
d	z	_ i̝
d	z	_ i̝
d	z	_ i̝
g	z	_ i̝
g	z	_ i̝
g	z	_ i̝
g	z	_ i̝
g	z	_ i̝
g	z	_ i̝
g	z	_ i̝
g	z	_ i̝
g	z	_ i̝
g	z	_ i̝
g	z	_ i̝
g	z	_ i̝
g	z	_ i̝
g	z	_ i̝
g	z	_ i̝
g	z	_ i̝
g	z	_ i̝
g	z	_ i̝
g	z	_ i̝
g	z	_ i̝
g	z	_ i̝
d	z	_ i̝
d	z	_ i̝
d	z	_ i̝
d	z	_ i̝
d	d͡z	_ i̝
d	d͡z	_ i̝
d	d͡z	_ i̝
d	d͡z	_ i̝
g	d͡z	_ i̝
g	d͡z	_ i̝
g	d͡z	_ i̝
g	d͡z	_ i̝
g	z	_ i̝
g	z	_ i̝
g	z	_ i̝
g	z	_ i̝
d	ð	_ i̝
d	ð	_ i̝
d	ð	_ i̝
g	ð	_ i̝
g	ð	_ i̝
g	ð	_ i̝
p	f	_ i̝
p	f	_ i̝
p	f	_ i̝
p	f	_ i̝
p	f	_ i̝
p	f	_ i̝
p	f	_ i̝
p	f	_ i̝
p	f	_ i̝
p	f	_ i̝
p	f	_ i̝
p	f	_ i̝
p	f	_ i̝
p	f	_ i̝
p	f	_ i̝
p	f	_ i̝
p	f	_ i̝
b	v	_ i̝
b	v	_ i̝
b	v	_ i̝
b	v	_ i̝
b	v	_ i̝
b	v	_ i̝
b	v	_ i̝
b	v	_ i̝
b	v	_ i̝
b	v	_ i̝
b	v	_ i̝
b	v	_ i̝
b	v	_ i̝
b	v	_ i̝
b	v	_ i̝
b	v	_ i̝
b	v	_ i̝
p	s	_ i̝
p	s	_ i̝
p	s	_ i̝
p	s	_ i̝
p	s	_ i̝
b	z	_ i̝
b	ð	_ i̝
b	z	_ i̝
b	ð	_ i̝
b	ð	_ i̝
p	s	_ i̝
p	s	_ i̝
p	s	_ i̝
p	s	_ i̝
p	t͡s	_ i̝
p	t͡s	_ i̝
p	t͡s	_ i̝
p	t͡s	_ i̝
b	z	_ i̝
b	z	_ i̝
b	z	_ i̝
b	z	_ i̝
b	d͡z	_ i̝
b	d͡z	_ i̝
b	d͡z	_ i̝
b	d͡z	_ i̝
k	ʃ	_ i̝
k	ʃ	_ i̝
k	ʃ	_ i̝
k	ʃ	_ i̝
k	ʃ	_ i̝
k	ʃ	_ i̝
k	ʃ	_ i̝
ɓ	w	i̝ _
ɓ	w	i̝ _
ɓ	w	i̝ _
ɓ	w	i̝ _
ɓ	w	i̝ _
ɓ	w	i̝ _
ɓ	w	i̝ _
ɓ	w	i̝ _
ɓ	w	i̝ _
ɓ	w	i̝ _
ɓ	w	i̝ _
ɓ	w	i̝ _
ɓ	w	i̝ _
ɓ	w	i̝ _
ɓ	w	i̝ _
ɓ	w	i̝ _
ɓ	w	i̝ _
ɓ	∅	i̝ _
ɓ	∅	i̝ _
ɓ	∅	i̝ _
ɓ	∅	i̝ _
ɓ	∅	i̝ _
ɓ	∅	i̝ _
ɓ	∅	i̝ _
ɓ	∅	i̝ _
ɓ	∅	i̝ _
ɓ	∅	i̝ _
ɓ	∅	i̝ _
ɓ	∅	i̝ _
ɓ	∅	i̝ _
ɓ	∅	i̝ _
ɓ	∅	i̝ _
ɓ	∅	i̝ _
ɓ	∅	i̝ _
ɓ	∅	i̝ _
ɓ	w	i̝ _
ɓ	w	i̝ _
ɓ	w	i̝ _
ɓ	w	i̝ _
ɓ	w	i̝ _
ɓ	w	i̝ _
ɓ	w	i̝ _
ɓ	w	i̝ _
ɓ	w	i̝ _
ɓ	w	i̝ _
ɓ	∅	i̝ _
ɓ	∅	i̝ _
ɓ	∅	i̝ _
ɓ	∅	i̝ _
ɓ	∅	i̝ _
ɓ	∅	i̝ _
ɓ	∅	i̝ _
ɓ	∅	i̝ _
ɓ	∅	i̝ _
ɓ	∅	i̝ _
ɲ	n	_ w
ɲ	n	_ w
ɲ	n	_ w
ɲ	n	_ w
ɲ	n	_ w
ɲ	n	_ w
ɲ	n	_ w
ɲ	n	_ w
ɲ	n	_ w
ɲ	n	_ w
ɲ	n	_ w
ɲ	n	_ w
ɲ	n	_ w
ɲ	n	_ w
ɲ	n	_ w
ɲ	n	_ w
ɲ	n	_ w
ɲ	n	_ w
ɲ	n	_ w
ɲ	n	_ w
ɲ	n	_ w
ɲ	n	_ w
ɲ	n	
ɲ	n	
ɲ	n̪	
ɲ	n̪	
ŋ	ɲ	
ŋ	ɲ	
ŋ	ɲ	
ŋ	ɲ	
p	β	# _
t	r	# _
t	n	# _
t	∅	# _
c	t̠͡ʃ	# n _
c	s	# n _
c	z	# _
k	g	# _
k	ɣ	# _
b	w	# _
b	j	# _
d	l	# _
d	n	# _
ɟ	d̠͡ʒ	# n _
ɟ	dʲ	# d i̝ n _
ɟ	j	# _
j	dʲ	# _
j	∅	# _
j	r	# _
j	ɣ	# _
p	β	# _
t	r	# _
c	z	# _
k	ɣ	# _
k	∅	# _
b	w	# _
b	f	# _
b	β	# _
d	l	# _
d	n	# _
d	∅	# _
g	ɣ	# _
g	k	# d i̝ n _
g	k	# n _
g	k	# _
g	t̠͡ʃ	# _
m	w	# _
g	ɣ	# _
g	k	# _
m	w̰	# _
p	∅	# _
p	∅	# _
p	w	# _
t	l	# _
t	l	# _
t	∅	# _
c	s	# _
c	s	# _
k	∅	
b	v	# m _ u̝
d	l	# _
d	d͡z	# _ u̝
d	l	# _
ɟ	z	# n _
ɟ	d͡z	# _
ɟ	j	# _
j	∅	# _
g	k	# _
g	k	# _
m	w	# _
n	∅	# _
p	j	# _
t	l	# _
t	t͡s	# _ i̝
t	j	# _
t	t͡s	# _
c	s	# _
c	s	# _
k	t͡s	# _ i̝
k	d͡z	# n _ u̝
k	∅	# _
b	v	# m _ u̝
d	j	# _
d	l	# n _ i̝
d	∅	# _
d	l	# _
ɟ	z	# _ n
ɟ	d͡z	# _
j	∅	# _
j	d͡z	# _
j	t͡s	# _
g	k	# _
g	k	# _ n
g	t͡s	# _ i̝
g	k	# _
g	∅	# _
n	l	# _ i̝
t	l	# _
t	l	# _
c	s	# _
c	s	# _
k	t̠͡ʃ	# _ i̝
k	∅	# _
d	l	# _
d	l	# _
d	lʲ	# _
d	∅	# _
ɟ	z	# _
g	k	# _
g	k	# _
g	ɟ	# _
p	∅	# _
t	l	# n _
t	t̠͡ʃ	# _ i̝
t	l	# _
t	l	# _
t	t̠͡ʃ	# _ i̝
c	s	# _
c	s	# _
k	g	# n _
k	∅	# _
k	∅	# _
b	dʲ	# _
d	ð	# _
d	∅	# _
d	ð	# _
d	l	# _
d	∅	# _
ɟ	z	# _
j	∅	# _
j	dʲ	# _
g	k	# n _
g	k	# _
g	∅	# _
g	k	# _
p	∅	# _
t	l	# _
t	l	# _
c	s	# _
c	t͡s	# n _
c	s	# _
b	v	# m _ u̝
d	l	# _
d	d͡z	# _ u̝
ɟ	z	# n _
j	∅	# _
g	k	# _
n	nʲ	# _ u̝
k	∅	# _
d	l	# _
g	k	# _
g	z	# _
p	∅	# _
t	l	# _
c	s	# _
c	h	# _
k	∅	# _
b	∅	# _
d	l	# _
d	d̠͡ʒ	# _ i̝
d	∅	# _
ɟ	z	# _
j	∅	# _
g	k	# _
g	k	#   N   ̩ _
t	l	# _
c	h	# _
k	h	# _
d	l	# _
d	d̠͡ʒ	# _ i̝
d	∅	# _
g	k	# _
n	h	# _ i̝
p	w	# _
p	j	# _
p	ȹ͡f	# _ u̝
t	g	# _
t	t̠͡ʃ	# _ i̝
c	s	# _
c	t̠͡ʃ	# _
k	∅	# _
b	ȸ͡v	# _ u̝
d	d̠͡ʒ	# _ i̝
d	∅	# _
ɟ	z	# _
g	k	# _
p	b	# _
t	g	# _
t	t̠͡ʃ	# _
c	s	# _
k	∅	# _
k	g	# _
b	w	# _
d	l	# _
d	∅	# _
g	k	# _
a … a	a … ə	
k ∅	k f	# _ u̝
k ∅	k ɸ	# _ u̝
p	β	# _
c	t͡s	# _
c	s	# _
k	ɣ	# _
d	∅	# _
ɟ	d͡z	# N _
j	∅	# _
g	k	# _
g	ɣ	# _
p	β	# _
c	t͡s	# _
c	s	# _
k	ɣ	# _
d	∅	# _
g	k	# _
n	∅	# _ i̝
p	β	# _
t	r	# _
c	t͡s	# _
c	s	# _
k	s	# _
k	ɣ	# _
d	l	# _
d	∅	# _
ɟ	dʲ	# _
ɟ	d͡z	# N _
j	∅	# _
g	k	# N _
g	ɣ	# _
g	∅	# _
p	β	# _
c	t͡s	# _
c	s	# _
k	ɣ	# _
d	l	# _
d	∅	# _
g	k	# _
g	ɣ	# _
n	nʲ	# _ i̝
n	nʲ	# _ i̝
p	β	# _
c	t͡s	# _
c	s	# _
k	ɣ	# _
d	l	# _
d	∅	# _
ɟ	dʲ	# _
ɟ	d͡z	# N _
j	∅	# _
g	k	# _
g	ɣ	# _
g	∅	# _
p	β	# _
c	t͡s	# _
c	s	# _
k	ɣ	# _
d	l	# _
d	∅	# _
g	k	# _
p	β	# _
c	t̠͡ʃ	# _
c	s	# _
k	ɣ	# _
d	l	# _
d	n	# _
ɟ	d͡z	# N _
j	∅	# _
g	k	# _
g	ɣ	# _
p	β	# _
c	t̠͡ʃ	# _
c	s	# _
k	ɣ	# _
d	l	# _
d	n	# _
g	k	# _
g	ɣ	# _
n	nʲ	# i̝ _
p	β	# _
c	t͡s	# _
c	s	# _
k	ɣ	# _
d	l	# _
d	n	# _
ɟ	dʲ	# _
ɟ	d͡z	# N _
j	∅	# _
g	k	# _
g	ɣ	# _
p	β	# _
c	t͡s	# _
c	s	# _
k	ɣ	# _
d	l	# _
d	n	# _
g	k	# _
g	ɣ	# _
n	∅	# _ i̝
p	b	# _
p	β	# _
p	v	# _
t	d	# _
t	t͡s	# _
t	s	# _ i̝
t	f	# _ u̝
t	r	# _
t	l	# _
t	nʲ	# _
c	t͡s	# _
c	t͡sʲ	# _
c	z	# n _
c	s	# _
c	sʲ	# _
c	r	# _
c	sʷ	# _
k	g	# n _
k	t͡s	# _
k	ɣ	# _
k	ɣʲ	# _
k	f	# _ u̝
k	∅	# _
b	m	# _
d	d͡z	# _ i̝
d	dʲ	# _
d	t͡s	# _
d	f	# _
d	s	# _
d	l	# _
d	n	# _
d	∅	# _
ɟ	k	# _
ɟ	d͡z	# n _
ɟ	ɣ	# _
ɟ	j	# n _
ɟ	j	# _
ɟ	∅	# _
p	b	# _
p	v	# _
p	f	# _ i̝
p	∅	# _
t	t͡sʲ	# _
t	d	# _
t	ɟ	# _
t	s	# _
t	r	# _
c	t͡s	# _
c	ɣ	# _
c	s	# _
k	g	# _
k	ɟ	# _
k	s	# _
k	ɣ	# _
k	n	# _
k	∅	# _
b	p	# _
b	f	# _ i̝
b	∅	# _
d	t͡s	# _
d	ɣ	# _
d	s	# _
d	l	# _
d	r	# _
d	n	# _
d	∅	# _
j	ɟ	# _
j	∅	# _
g	ɟ	# _
g	j	# _
g	j	# n _
g	ɣ	# _
g	ɣʷ	# _
g	m	# _
g	n	# _
g	nʲ	# _
g	∅	# _
m	b	# _
n	d	# _
g	k	# _
g	t͡s	# _
g	f	# _
g	s	# _
g	ɣ	# _
g	ɣʲ	# _
g	l	# _
n	d	# _
nʲ	n	# _
p	β	# _
p	f	# _
t	r	# _
t	t͡s	# _
t	s	# _ i̝
c	t͡s	# _
c	s	# _
k	ɣ	# _
k	f	# _ u̝
b	β	# _
b	f	# _
b	m	# _
d	l	# _
ɟ	ɣ	# _
ɟ	j	# _
ɟ	nʲ	# _
g	k	# _
g	ɣ	# _
p	β	# _
t	r	# _
t	s	# _ i̝
c	t͡s	# _
c	s	# _
k	ɣ	# _
b	p	# _
b	β	# _
d	l	# _
d	n	# _
j	w	# _
g	k	# _
g	ɣ	# _
a … a	a … ə	
a … a	a … ə	
p	b	# _
p	β	# _
p	f	# _
t	r	# _
t	s	# _
c	t͡s	# _
c	s	# _
k	t͡s	# _
k	s	# _
k	f	# _
k	ɣ	# _
b	f	# _
b	β	# _
b	m	# _
d	t͡s	# _
d	r	# _
d	l	# _
j	w	# _
j	∅	# _
g	k	# _
g	ɣ	# _
g	∅	# _
m	b	# _
p	f	# _
p	β	# _
t	r	# _
t	s	# _
c	t͡s	# _
c	s	# _
k	ɣ	# _
k	s	# _
b	f	# _
b	β	# _
d	t͡s	# _
d	l	# _
d	r	# _
d	n	# _
j	w	# _
g	k	# _
g	ɣ	# _
p	β	# _
p	f	# _ u̝
t	r	# _
t	s	# _ i̝
c	t͡s	# _
k	f	# _ u̝
b	β	# _
b	v	# m _ u̝
b	f	# _
d	l	# _
ɟ	j	# _
ɟ	z	# n _ i̝
g	k	# _
g	v	# m _ u̝
p	β	# _
t	r	# _
t	s	# _ i̝
c	s	# _
k	ɣ	# _
b	β	# _
d	l	# _
d	r	# _ i̝
d	r	# _
g	k	# _
g	ɣ	# _
n	r	# _ i̝
n	nʲ	# _ i̝
p	β	# _
c	t͡s	# n _
c	s	# _
b	v	# _ u̝
d	l	# _
ɟ	z	# n _
ɟ	j	# _
j	∅	# _
g	v	# m _ u̝
g	ɣ	# _
g	t͡s	# _
p	b	# _
t	d	# _
c	s	# _
k	ɣ	# _
k	∅	# _
b	p	# _
d	l	# _
d	t͡s	# _ i̝
g	k	# _
g	ɣ	# _
n	nʲ	# _ i̝
n	nʲ	# _
p	β	# _
t	t͡s	# _
t	s	# _
c	t͡s	# _
c	z	# n _
d	l	# _
ɟ	z	# n _
ɟ	j	# _
j	∅	# _
g	k	# _
n	nʲ	# _ i̝
c	s	# _
k	ɣ	# _
d	r	# _
d	l	# _
d	s	# _
g	k	# _
n	nʲ	# _
a … a	a … ə	
p	ɸ	# _ i̝
c	t͡s	# _
c	t͡sʲ	# _
b	p	# _
b	bʲ	# _
b	v	# m _ i̝
d	l	# _
ɟ	z	# n _
ɟ	j	# _
j	∅	# _
g	k	# _
p	b	# _
c	s	# _
k	ɣ	# _
d	s	# _
d	r	# _
g	ŋ	# _
p	f	# _ u̝
p	j	# _
p	∅	# _
c	t͡s	# _
c	s	# _
k	t͡s	# _ i̝
b	v	# m _ u̝
d	l	# _
p	β	# _
p	b	# _
t	l	# _
c	s	# _
k	ɣ	# _
k	∅	# _
d	r	# _
d	l	# _
d	s	# _
ɟ	z	# n _
ɟ	j	# _
j	d͡z	# _
j	t͡s	# _
j	z	# _
j	∅	# _
g	k	# _
p	∅	# _
c	t͡s	# n _
c	s	# _
b	p	# m _
b	v	# m _ u̝
d	l	# _
ɟ	d͡z	# n _
ɟ	j	# _
j	∅	# _
g	k	# _
n	nʲ	# _
p	β	# _
p	b	# _
p	∅	# _
t	r	# _
c	s	# _
k	ɣ	# _
d	l	# _
g	ɣ	# _
t	t͡s	# _
c	s	# _
c	t͡s	# n _
k	ȹ͡f	# _ u̝
b	v	# m _ u̝
d	l	# _
d	r	# _
d	t	# _
ɟ	z	# n _
j	∅	# _
g	k	# _
g	ɡ͡bʷ	# n _ u̝
t	l	# _
k	ɣ	# _
d	r	# _ i̝
d	l	# _
g	ɣ	# _
t	t̠͡ʃ	
t	θ	
t	(k)	
c	t̠͡ʃ	
c	t̠͡ʃ	
c	t̠͡ʃ	_ i
c	s	
c	ʃ	
c	s	
c	s	
c	s	
c	s	
c	s	
k	h	
k	∅	
k	h	
k	h	
k	h	
k	∅	
k	h	
k	h	
k	x	
k	h	
k	x	
k	h	
k	h	
k	h	
k	h	
kʷ	k	
kʷ	kʲ	i _
ʔ	∅	
ʔ	∅	
b	(m)b	
b	v	
b	v	
b	ɓ	
u	o	
e	y	# _ u
i i	i ∅	# _
u	o	# _ e
a	e	_ i
a	e	_ i
a	i	_ i
e r i	é ∅ ∅	_ #
e r i	e ∅ i	_ #
i ʔ i	í ∅ ∅	_ #
i ∅ i	í ∅ ∅	_ #
a u	á ∅	_ #
u ʔ u	ó ∅ ∅	_ #
u ∅ u	ó ∅ ∅	_ #
d	d͡r	
d	d͡r	
d	d͡r	
d	r	
d	ʔ	
d	l	
d	ʔ	# _ #
d	ʔ	# _ #
d	ʔ	# _ #
d	ʔ	# _ #
d	ʔ	# _ #
d	ʔ	# _ #
j	ṛ	
j	c	
j	t̠͡ʃ	
j	ʃ	
j	s	
j	s	
j	θ	
j	θ	
j	h	
j	ʃ	
j	ʃ	
j	ʃ	
j	ʃ	
j	ʃ	
j	ʃ	
s	θ	
s	x	
s	h	
s	h	
s	h	
s	h	
s	x	
s	x	
s	h	
s	h	
s	h	
s	h	
θ	ð	
θ	ʃ	
θ	s	
θ	s	
θ	ʃ	
θ	ʃ	
θ	s	
θ	s	
θ	(t)	
θ	s	
θ	t	
θ	t̠͡ʃ	
θ	t	
θ	t	
θ	s	
θ	t	
θ	t̠͡ʃ	
r	∅	
r	∅	
r	∅	
r	∅	
r	∅	
r	∅	
r	∅	
r	∅	
r	∅	
r	∅	
r	∅	
r	∅	
ṛ	r	
ṛ	r	
ṛ	r	
ṛ	r	
ṛ	r	
ṛ	r	
ṛ	r	
ṛ	y	
ṛ	∅	
ṛ	∅	
ṛ	∅	
ṛ	∅	
ṛ	∅	
ṛ	∅	
w	v	
w	v	
w	v	
w	v	
y	t̠͡ʃ	
y	t̠͡ʃ	
y	t̠͡ʃ	
y	t̠͡ʃ	
y	t̠͡ʃ	
y	w	
n	ñ	
n	ñ	
ṕ	p	
ṕ	m	_ Ṽ
t́	t	
t́	n	_ Ṽ
p	h	
p	pʰ	
p	pʰ	
p	h	
p	∅	# _
k	g	(b) Ṽ _
kʷ	k	
kʷ	k	
kʷ	k	
kʷ	k	
kʷ	k	
b	pʼ	
d	g	_ Ṽ g
d	tʼ	
g	∅	# _
g	k	
g	k	
g	k	
g	∅	# _
g	kʼ	
g	k	
gʷ	g	
gʷ	k	
gʷ	g	
gʷ	k	
gʷ	k	
gʷ	kʼʷ	
r	tʼ	
s ∅	t s	
s	h	
t̠͡ʃ	s	
t̠͡ʃ	s	
t̠͡ʃ	s	
z	r	
z	d	
z	d	
z	d	
z	d	
z	sʼ	
d̠͡ʒ	r	
d̠͡ʒ	d	
d̠͡ʒ	d	
d̠͡ʒ	d	
d̠͡ʒ	d	
d̠͡ʒ	y	
ʒ	y	
ʒ	y	
ʒ	y	
ʒ	y	
ʒ	y	
ʒ	sʼ	
ʃ	h	
ʃ	y	
ʃ	s	
ʃ	s	
ʃ	y	
m	b	
m	b	
m	b	
m	b	
n	r	
n	d	
n	d	
n	d	
j	y	
j	y	
j	d	_ i
j	∅	# _
j	y	
j	∅	e _ a
j	∅	i _
j	∅	e _ a
j	y	
j	g	Ṽ _ Ṽ
j	y	
j	∅	i _
j	y	
j	ỹ	_ Ṽ
j	ỹ	_ Ṽ
j	ỹ	_ Ṽ
j	ỹ	_ Ṽ
j	ỹ	_ Ṽ
j	ỹ	_ Ṽ
h	∅	
h	∅	
ʔ	∅	
ʔ	∅	
ʔ	∅	
∅	w	_ i
∅	h	# _
i	e	a _
i	e	a _
i	e	e _
i	e	o _
i	ɨ	w _
i	ɨ	w _
i	ɨ	ɨ _
i	∅	ɨ _
i	∅	a _
e	i	i _
e	i	_ t̠͡ʃ
e	a	o _
e	a	w _
e	a	w _
e	a	w _
e	a	_ a
e	∅	_ a
e	∅	_ a
e	∅	o _
ɨ	u	_ o
ɨ	∅	_ i
ɨ	∅	_ i
ɨ	∅	_ i
ɨ	∅	_ i
ɨ	∅	_ a
ɨ	∅	_ o w
a	i	j _
a	e	j _
a	u	i _
a	u	i _
a	∅	_ i
a	∅	e _
a	∅	e _
a	∅	e _
a	∅	ɨ _
a	∅	_ u
a	∅	_ u
a	∅	_ ɨ
a	∅	_ ɨ
a	∅	o _
u	ɨ	_ i
u	ɨ	_ e
u	ɨ	_ e
u	ɨ	a _
u	ɨ	a _
u	ɨ	_ j
u	ɨ	_ j
u	o	a _
o	ɨ	j _
o	a	ɨ _
o	a	_ a
o	a	_ a
o	u	_ w
o	∅	e _
o	∅	e _
o	∅	_ a
o	∅	_ a
o	∅	u _
∅	u	u h _
